,u_years_experience,u_degree,u_senior-level_skill,u_nr_commits,u_nr_languages,u_nr_stars
2000,7.0,0.0,0.42361903,3.0,0.0,0.0
2001,3.0,1.0,0.056167364,1.0,0.0,4.0
2002,5.0,1.0,0.8864014,7.0,2.0,2.0
2003,2.0,2.0,0.24492717,3.0,1.0,2.0
2004,5.0,1.0,0.95937216,9.0,2.0,1.0
2005,7.0,2.0,0.12687898,4.0,3.0,3.0
2006,3.0,2.0,0.39894092,1.0,4.0,1.0
2007,4.0,0.0,0.70846546,6.0,8.0,0.0
2008,3.0,0.0,0.9972501,1.0,0.0,2.0
2009,3.0,2.0,0.657812,3.0,1.0,3.0
2010,2.0,2.0,0.0033985376,6.0,2.0,9.0
2011,2.0,0.0,0.4149667,7.0,5.0,3.0
2012,4.0,0.0,0.15076745,5.0,2.0,0.0
2013,1.0,0.0,0.76055384,5.0,15.0,7.0
2014,6.0,2.0,0.046760082,1.0,6.0,4.0
2015,3.0,0.0,0.031226754,2.0,6.0,7.0
2016,3.0,0.0,0.3204397,3.0,3.0,4.0
2017,7.0,2.0,0.7841698,1.0,3.0,7.0
2018,2.0,0.0,0.74409986,5.0,3.0,3.0
2019,1.0,2.0,0.8546835,3.0,0.0,4.0
2020,0.0,2.0,0.4899124,5.0,4.0,1.0
2021,3.0,2.0,0.8251767,3.0,2.0,2.0
2022,2.0,0.0,0.3538828,4.0,7.0,3.0
2023,4.0,2.0,0.6617204,2.0,7.0,6.0
2024,1.0,1.0,0.786199,4.0,2.0,10.0
2025,1.0,2.0,0.8460498,4.0,11.0,4.0
2026,5.0,2.0,0.59800756,4.0,2.0,4.0
2027,6.0,0.0,0.3534484,3.0,4.0,4.0
2028,3.0,2.0,0.8934498,3.0,2.0,5.0
2029,2.0,3.0,0.34208786,5.0,6.0,1.0
2030,6.0,1.0,0.6081747,1.0,6.0,4.0
2031,5.0,0.0,0.46094668,4.0,4.0,6.0
2032,1.0,3.0,0.40962756,5.0,0.0,13.0
2033,4.0,3.0,0.071989894,7.0,4.0,8.0
2034,0.0,0.0,0.93150127,2.0,7.0,4.0
2035,3.0,1.0,0.44317245,9.0,2.0,2.0
2036,6.0,0.0,0.9993603,3.0,2.0,6.0
2037,4.0,2.0,0.4827112,0.0,1.0,1.0
2038,5.0,2.0,0.057593107,3.0,1.0,8.0
2039,6.0,0.0,0.7169281,6.0,0.0,2.0
2040,2.0,2.0,0.16669786,5.0,7.0,4.0
2041,6.0,2.0,0.423226,4.0,7.0,1.0
2042,6.0,0.0,0.14265585,2.0,1.0,4.0
2043,1.0,1.0,0.6723449,3.0,17.0,2.0
2044,2.0,1.0,0.50477207,7.0,1.0,2.0
2045,3.0,2.0,0.22420812,2.0,7.0,3.0
2046,1.0,1.0,0.7165865,6.0,6.0,2.0
2047,2.0,0.0,0.15603054,5.0,2.0,8.0
2048,2.0,3.0,0.008902907,9.0,3.0,9.0
2049,1.0,0.0,0.41708636,1.0,0.0,2.0
2050,3.0,0.0,0.03622532,2.0,5.0,3.0
2051,4.0,2.0,0.35947478,2.0,1.0,4.0
2052,0.0,2.0,0.8492948,7.0,4.0,4.0
2053,3.0,2.0,0.6723592,8.0,2.0,5.0
2054,4.0,0.0,0.5119784,5.0,1.0,3.0
2055,1.0,2.0,0.40525198,4.0,5.0,6.0
2056,4.0,0.0,0.88041735,3.0,5.0,2.0
2057,3.0,0.0,0.06483865,1.0,18.0,2.0
2058,1.0,2.0,0.9987521,5.0,3.0,6.0
2059,2.0,2.0,0.71360505,5.0,5.0,0.0
2060,1.0,2.0,0.53184104,2.0,12.0,4.0
2061,3.0,0.0,0.8610867,4.0,0.0,5.0
2062,5.0,0.0,0.20275712,3.0,8.0,2.0
2063,3.0,2.0,0.8500794,3.0,1.0,6.0
2064,0.0,2.0,0.7499769,6.0,1.0,7.0
2065,3.0,2.0,0.89263487,8.0,0.0,1.0
2066,5.0,0.0,0.39378726,5.0,5.0,15.0
2067,4.0,0.0,0.72782004,5.0,1.0,4.0
2068,4.0,2.0,0.6615952,5.0,1.0,1.0
2069,5.0,0.0,0.5190879,5.0,0.0,4.0
2070,3.0,1.0,0.3411317,5.0,1.0,7.0
2071,7.0,1.0,0.42442894,3.0,0.0,3.0
2072,3.0,1.0,0.3941853,3.0,2.0,3.0
2073,1.0,0.0,0.9437454,6.0,5.0,8.0
2074,5.0,1.0,0.41642582,1.0,1.0,3.0
2075,1.0,2.0,0.559129,3.0,0.0,2.0
2076,2.0,2.0,0.41738474,8.0,6.0,3.0
2077,2.0,2.0,0.9725902,1.0,1.0,4.0
2078,5.0,0.0,0.6817088,3.0,0.0,5.0
2079,1.0,0.0,0.24496746,2.0,2.0,6.0
2080,2.0,0.0,0.857229,1.0,3.0,3.0
2081,3.0,2.0,0.36139047,4.0,1.0,14.0
2082,2.0,2.0,0.14411259,2.0,1.0,4.0
2083,4.0,3.0,0.2013892,1.0,1.0,2.0
2084,2.0,0.0,0.012325883,3.0,2.0,3.0
2085,2.0,0.0,0.9614599,6.0,5.0,1.0
2086,1.0,2.0,0.00392437,3.0,2.0,4.0
2087,3.0,0.0,0.8436521,4.0,12.0,2.0
2088,2.0,0.0,0.8534541,3.0,3.0,2.0
2089,7.0,1.0,0.067664385,1.0,0.0,3.0
2090,4.0,1.0,0.15251684,1.0,3.0,6.0
2091,2.0,3.0,0.5590298,4.0,1.0,4.0
2092,3.0,0.0,0.5555885,3.0,4.0,7.0
2093,3.0,0.0,0.4051788,2.0,2.0,5.0
2094,3.0,0.0,0.35418117,4.0,8.0,3.0
2095,0.0,0.0,0.3390708,3.0,5.0,3.0
2096,6.0,1.0,0.5330161,6.0,0.0,2.0
2097,4.0,1.0,0.8235744,7.0,4.0,5.0
2098,2.0,0.0,0.20425022,3.0,2.0,4.0
2099,1.0,0.0,0.47531462,6.0,5.0,6.0
2100,5.0,2.0,0.21562147,4.0,2.0,2.0
2101,1.0,0.0,0.83399594,3.0,2.0,2.0
2102,5.0,3.0,0.86351454,8.0,7.0,4.0
2103,4.0,0.0,0.52418315,6.0,2.0,1.0
2104,0.0,3.0,0.78047824,2.0,5.0,1.0
2105,3.0,2.0,0.7759441,5.0,4.0,2.0
2106,2.0,2.0,0.47693586,2.0,7.0,2.0
2107,2.0,0.0,0.094192624,3.0,6.0,5.0
2108,2.0,1.0,0.6753628,1.0,4.0,1.0
2109,4.0,0.0,0.78666687,6.0,1.0,3.0
2110,2.0,1.0,0.48153532,5.0,6.0,2.0
2111,5.0,1.0,0.48176003,7.0,11.0,9.0
2112,3.0,3.0,0.25800312,6.0,1.0,2.0
2113,1.0,1.0,0.6095419,3.0,2.0,5.0
2114,2.0,3.0,0.3876511,5.0,2.0,7.0
2115,3.0,0.0,0.595289,2.0,10.0,5.0
2116,1.0,0.0,0.68974113,5.0,2.0,1.0
2117,4.0,1.0,0.66223204,4.0,8.0,9.0
2118,1.0,1.0,0.5076078,7.0,0.0,3.0
2119,2.0,0.0,0.38378704,9.0,3.0,2.0
2120,3.0,0.0,0.0041908026,0.0,2.0,3.0
2121,2.0,2.0,0.66534805,5.0,5.0,1.0
2122,0.0,3.0,0.2520001,8.0,2.0,7.0
2123,3.0,2.0,0.19285858,7.0,1.0,3.0
2124,2.0,2.0,0.09012663,8.0,2.0,2.0
2125,3.0,3.0,0.91539013,4.0,1.0,4.0
2126,0.0,1.0,0.34386563,4.0,1.0,7.0
2127,1.0,2.0,0.98227406,3.0,5.0,8.0
2128,4.0,0.0,0.81722033,2.0,6.0,5.0
2129,3.0,0.0,0.82885957,3.0,1.0,7.0
2130,2.0,0.0,0.048004866,1.0,2.0,2.0
2131,3.0,0.0,0.6799456,4.0,2.0,7.0
2132,4.0,2.0,0.2574966,1.0,6.0,2.0
2133,6.0,0.0,0.2320379,3.0,4.0,5.0
2134,2.0,1.0,0.066765666,2.0,0.0,4.0
2135,3.0,1.0,0.7438216,8.0,3.0,1.0
2136,6.0,2.0,0.35476542,11.0,7.0,6.0
2137,1.0,0.0,0.59258556,6.0,4.0,3.0
2138,0.0,0.0,0.5493071,2.0,5.0,4.0
2139,4.0,0.0,0.7932339,5.0,17.0,1.0
2140,5.0,0.0,0.92450273,2.0,8.0,6.0
2141,5.0,2.0,0.41435027,3.0,10.0,4.0
2142,1.0,0.0,0.58048964,4.0,10.0,4.0
2143,4.0,0.0,0.6146529,4.0,1.0,4.0
2144,2.0,1.0,0.4716437,6.0,5.0,1.0
2145,5.0,0.0,0.74259937,4.0,4.0,4.0
2146,2.0,0.0,0.92489135,5.0,8.0,3.0
2147,7.0,0.0,0.08926809,2.0,12.0,7.0
2148,3.0,2.0,0.95884454,0.0,4.0,6.0
2149,3.0,1.0,0.2421062,6.0,4.0,7.0
2150,2.0,0.0,0.8124368,4.0,3.0,7.0
2151,5.0,2.0,0.54265153,2.0,7.0,6.0
2152,0.0,2.0,0.1122936,4.0,0.0,1.0
2153,4.0,2.0,0.89396524,2.0,3.0,6.0
2154,4.0,3.0,0.5274253,7.0,1.0,3.0
2155,3.0,2.0,0.6390289,7.0,0.0,4.0
2156,3.0,0.0,0.21496487,3.0,3.0,1.0
2157,3.0,0.0,0.99941206,1.0,3.0,6.0
2158,1.0,2.0,0.42001832,4.0,0.0,11.0
2159,4.0,0.0,0.1683501,2.0,3.0,2.0
2160,5.0,3.0,0.0766927,8.0,0.0,2.0
2161,3.0,1.0,0.18093693,3.0,0.0,5.0
2162,1.0,0.0,0.6979648,3.0,5.0,1.0
2163,2.0,0.0,0.6081104,5.0,4.0,3.0
2164,5.0,0.0,0.21843386,9.0,1.0,5.0
2165,3.0,3.0,0.3394673,6.0,2.0,4.0
2166,3.0,1.0,0.26384008,4.0,7.0,9.0
2167,4.0,2.0,0.34424448,2.0,18.0,4.0
2168,4.0,2.0,0.6043967,5.0,5.0,0.0
2169,1.0,2.0,0.8334588,3.0,3.0,6.0
2170,4.0,3.0,0.9895134,2.0,6.0,2.0
2171,2.0,1.0,0.7954806,3.0,1.0,1.0
2172,1.0,0.0,0.47429776,8.0,2.0,7.0
2173,3.0,1.0,0.6279167,4.0,2.0,1.0
2174,1.0,0.0,0.18988812,1.0,4.0,4.0
2175,3.0,2.0,0.4871596,3.0,3.0,1.0
2176,3.0,0.0,0.075849295,3.0,0.0,6.0
2177,3.0,2.0,0.24179888,7.0,0.0,5.0
2178,1.0,1.0,0.5826403,3.0,3.0,8.0
2179,2.0,2.0,0.63286316,5.0,0.0,4.0
2180,0.0,0.0,0.8028594,3.0,4.0,2.0
2181,4.0,3.0,0.44662702,3.0,2.0,7.0
2182,3.0,0.0,0.8777566,3.0,1.0,11.0
2183,5.0,0.0,0.24150205,5.0,8.0,1.0
2184,3.0,1.0,0.6314719,5.0,4.0,9.0
2185,2.0,3.0,0.13715768,6.0,8.0,2.0
2186,3.0,2.0,0.843639,1.0,12.0,10.0
2187,0.0,2.0,0.9621798,6.0,2.0,7.0
2188,6.0,3.0,0.45595682,0.0,1.0,16.0
2189,5.0,2.0,0.06143737,9.0,1.0,1.0
2190,3.0,0.0,0.4656247,6.0,8.0,5.0
2191,0.0,1.0,0.011751175,5.0,3.0,8.0
2192,0.0,0.0,0.8992362,6.0,7.0,10.0
2193,1.0,2.0,0.6324439,4.0,1.0,5.0
2194,0.0,2.0,0.1805762,2.0,4.0,8.0
2195,5.0,0.0,0.9839692,2.0,4.0,0.0
2196,6.0,3.0,0.47872412,4.0,1.0,3.0
2197,4.0,2.0,0.092624545,2.0,0.0,5.0
2198,1.0,1.0,0.5931988,6.0,0.0,3.0
2199,1.0,2.0,0.9298153,3.0,2.0,7.0
2200,5.0,0.0,0.20860982,3.0,0.0,11.0
2201,4.0,0.0,0.2559682,5.0,4.0,4.0
2202,1.0,1.0,0.53108394,2.0,2.0,0.0
2203,1.0,1.0,0.93608916,8.0,4.0,2.0
2204,3.0,2.0,0.90552866,5.0,4.0,5.0
2205,2.0,0.0,0.34255505,1.0,2.0,5.0
2206,1.0,2.0,0.48526478,2.0,7.0,2.0
2207,4.0,0.0,0.8805777,10.0,2.0,3.0
2208,4.0,2.0,0.6592356,2.0,6.0,3.0
2209,2.0,1.0,0.9527395,3.0,5.0,4.0
2210,5.0,0.0,0.061368227,4.0,14.0,0.0
2211,6.0,0.0,0.47392535,3.0,1.0,0.0
2212,7.0,0.0,0.20219636,4.0,11.0,1.0
2213,2.0,3.0,0.5531393,0.0,6.0,4.0
2214,4.0,1.0,0.4883126,6.0,5.0,1.0
2215,1.0,2.0,0.55658937,6.0,3.0,5.0
2216,2.0,0.0,0.85494447,7.0,2.0,5.0
2217,4.0,2.0,0.84384835,5.0,6.0,1.0
2218,5.0,1.0,0.57011306,1.0,3.0,8.0
2219,2.0,1.0,0.705436,8.0,2.0,8.0
2220,2.0,0.0,0.5134312,5.0,2.0,6.0
2221,3.0,0.0,0.8746635,3.0,5.0,5.0
2222,2.0,3.0,0.9722676,7.0,7.0,6.0
2223,7.0,2.0,0.6019417,1.0,1.0,2.0
2224,3.0,0.0,0.6283263,2.0,3.0,14.0
2225,2.0,0.0,0.26624036,3.0,3.0,5.0
2226,2.0,2.0,0.7506453,4.0,2.0,5.0
2227,2.0,0.0,0.41840518,6.0,0.0,1.0
2228,6.0,3.0,0.5816525,6.0,1.0,10.0
2229,4.0,2.0,0.20715022,1.0,10.0,3.0
2230,3.0,0.0,0.7703692,7.0,13.0,4.0
2231,3.0,1.0,0.41288078,3.0,0.0,3.0
2232,0.0,2.0,0.8791158,5.0,9.0,5.0
2233,3.0,2.0,0.9332315,5.0,1.0,3.0
2234,6.0,0.0,0.9199275,3.0,0.0,3.0
2235,5.0,0.0,0.47908628,1.0,5.0,5.0
2236,1.0,2.0,0.542861,3.0,7.0,2.0
2237,5.0,2.0,0.24498034,5.0,2.0,7.0
2238,4.0,3.0,0.11597097,3.0,0.0,8.0
2239,3.0,0.0,0.6319201,5.0,1.0,2.0
2240,2.0,1.0,0.25412846,2.0,9.0,6.0
2241,4.0,2.0,0.4142301,6.0,12.0,0.0
2242,5.0,0.0,0.021856189,3.0,7.0,4.0
2243,5.0,3.0,0.9231008,2.0,4.0,7.0
2244,5.0,0.0,0.2774092,4.0,1.0,6.0
2245,7.0,1.0,0.8962742,1.0,0.0,14.0
2246,4.0,0.0,0.21948731,3.0,0.0,3.0
2247,7.0,1.0,0.41163492,5.0,1.0,3.0
2248,0.0,3.0,0.85730016,6.0,2.0,2.0
2249,3.0,2.0,0.01657772,2.0,3.0,2.0
2250,3.0,1.0,0.10903466,5.0,1.0,2.0
2251,1.0,1.0,0.20702839,3.0,5.0,3.0
2252,2.0,0.0,0.69195354,3.0,1.0,0.0
2253,3.0,3.0,0.9364358,6.0,2.0,7.0
2254,1.0,1.0,0.4192798,3.0,8.0,2.0
2255,1.0,0.0,0.92405105,3.0,3.0,0.0
2256,0.0,2.0,0.6282865,9.0,13.0,6.0
2257,0.0,0.0,0.81351864,1.0,2.0,2.0
2258,7.0,0.0,0.6315311,4.0,2.0,4.0
2259,2.0,0.0,0.37744057,2.0,5.0,4.0
2260,7.0,2.0,0.8202573,5.0,3.0,1.0
2261,3.0,2.0,0.8234559,3.0,11.0,4.0
2262,1.0,2.0,0.5762063,3.0,0.0,3.0
2263,2.0,1.0,0.1147908,9.0,9.0,2.0
2264,4.0,1.0,0.8701993,5.0,2.0,4.0
2265,9.0,0.0,0.045538425,6.0,7.0,10.0
2266,2.0,0.0,0.85877585,2.0,6.0,4.0
2267,1.0,0.0,0.44129455,4.0,6.0,4.0
2268,5.0,1.0,0.981271,4.0,6.0,7.0
2269,2.0,2.0,0.3055278,5.0,5.0,8.0
2270,0.0,1.0,0.8816483,4.0,6.0,0.0
2271,5.0,0.0,0.74925935,5.0,5.0,4.0
2272,4.0,0.0,0.45824003,3.0,5.0,2.0
2273,0.0,2.0,0.2456075,3.0,8.0,1.0
2274,2.0,3.0,0.39089143,2.0,0.0,3.0
2275,4.0,2.0,0.70827115,3.0,0.0,2.0
2276,2.0,0.0,0.093702555,2.0,2.0,4.0
2277,4.0,1.0,0.25658286,3.0,4.0,8.0
2278,0.0,0.0,0.25394976,2.0,7.0,5.0
2279,5.0,1.0,0.420465,2.0,17.0,2.0
2280,1.0,3.0,0.91370404,4.0,4.0,3.0
2281,0.0,2.0,0.15076888,5.0,9.0,6.0
2282,1.0,2.0,0.38182247,5.0,4.0,0.0
2283,6.0,0.0,0.540025,3.0,6.0,6.0
2284,3.0,0.0,0.9984479,8.0,4.0,6.0
2285,2.0,2.0,0.54738975,3.0,1.0,7.0
2286,4.0,1.0,0.9750167,2.0,4.0,9.0
2287,1.0,0.0,0.0020982027,4.0,1.0,5.0
2288,6.0,1.0,0.033068776,7.0,4.0,5.0
2289,4.0,2.0,0.5033964,0.0,3.0,4.0
2290,3.0,0.0,0.33460474,5.0,6.0,2.0
2291,3.0,2.0,0.076614976,8.0,10.0,10.0
2292,2.0,1.0,0.6006743,1.0,1.0,3.0
2293,6.0,2.0,0.8005444,2.0,9.0,5.0
2294,2.0,2.0,0.2743901,4.0,3.0,6.0
2295,5.0,1.0,0.6444211,1.0,6.0,3.0
2296,2.0,2.0,0.30154526,1.0,1.0,3.0
2297,4.0,2.0,0.7746928,3.0,3.0,1.0
2298,2.0,2.0,0.39241004,2.0,0.0,4.0
2299,4.0,0.0,0.34689903,4.0,7.0,3.0
2300,6.0,2.0,0.9832709,6.0,0.0,4.0
2301,0.0,0.0,0.61260223,3.0,0.0,5.0
2302,4.0,3.0,0.9814508,6.0,3.0,5.0
2303,5.0,0.0,0.917799,2.0,3.0,1.0
2304,1.0,0.0,0.32897377,4.0,8.0,4.0
2305,0.0,0.0,0.056620836,6.0,1.0,2.0
2306,4.0,0.0,0.35398662,3.0,4.0,2.0
2307,1.0,1.0,0.41964924,4.0,1.0,8.0
2308,4.0,2.0,0.5314951,3.0,0.0,5.0
2309,3.0,2.0,0.15367448,4.0,1.0,7.0
2310,1.0,2.0,0.23707914,2.0,7.0,8.0
2311,1.0,1.0,0.08068192,2.0,2.0,5.0
2312,3.0,0.0,0.7968234,5.0,1.0,1.0
2313,2.0,3.0,0.7181922,9.0,5.0,1.0
2314,2.0,2.0,0.6921892,3.0,7.0,4.0
2315,3.0,3.0,0.74983907,5.0,7.0,2.0
2316,4.0,2.0,0.1472739,5.0,4.0,1.0
2317,0.0,2.0,0.5597098,2.0,1.0,1.0
2318,5.0,2.0,0.31019878,3.0,12.0,10.0
2319,7.0,3.0,0.8501382,5.0,7.0,7.0
2320,3.0,0.0,0.5041454,5.0,4.0,0.0
2321,0.0,1.0,0.5050905,4.0,1.0,5.0
2322,3.0,0.0,0.0300138,6.0,6.0,2.0
2323,5.0,0.0,0.7627758,9.0,6.0,3.0
2324,5.0,2.0,0.55569005,7.0,1.0,2.0
2325,1.0,0.0,0.95661926,3.0,11.0,2.0
2326,3.0,1.0,0.91395485,7.0,8.0,2.0
2327,4.0,0.0,0.9940673,5.0,0.0,0.0
2328,2.0,1.0,0.096925735,1.0,2.0,1.0
2329,8.0,1.0,0.13064134,5.0,5.0,2.0
2330,2.0,3.0,0.9322834,2.0,5.0,9.0
2331,3.0,3.0,0.41255963,3.0,0.0,2.0
2332,1.0,2.0,0.5549917,7.0,1.0,3.0
2333,2.0,0.0,0.9091097,4.0,1.0,2.0
2334,2.0,1.0,0.46976733,4.0,7.0,1.0
2335,2.0,2.0,0.45772135,4.0,9.0,6.0
2336,4.0,0.0,0.09375644,3.0,7.0,0.0
2337,2.0,2.0,0.6707021,8.0,0.0,2.0
2338,0.0,0.0,0.56585944,1.0,5.0,4.0
2339,6.0,2.0,0.8196511,11.0,2.0,2.0
2340,7.0,2.0,0.14499426,4.0,3.0,3.0
2341,5.0,0.0,0.09399259,0.0,0.0,6.0
2342,0.0,2.0,0.9651071,5.0,2.0,4.0
2343,6.0,0.0,0.20364463,3.0,8.0,2.0
2344,3.0,0.0,0.758824,1.0,2.0,9.0
2345,3.0,2.0,0.08422232,4.0,8.0,1.0
2346,4.0,2.0,0.08958006,3.0,13.0,2.0
2347,1.0,2.0,0.9318888,5.0,3.0,2.0
2348,3.0,2.0,0.25521743,4.0,4.0,4.0
2349,4.0,2.0,0.3614062,9.0,5.0,2.0
2350,1.0,2.0,0.33453608,4.0,3.0,2.0
2351,1.0,1.0,0.12397504,2.0,4.0,4.0
2352,3.0,0.0,0.57853377,4.0,7.0,2.0
2353,1.0,0.0,0.8167391,6.0,2.0,5.0
2354,7.0,1.0,0.003157258,6.0,3.0,1.0
2355,3.0,1.0,0.6335516,2.0,16.0,9.0
2356,5.0,2.0,0.7797806,7.0,6.0,5.0
2357,2.0,0.0,0.30358887,5.0,2.0,6.0
2358,5.0,0.0,0.5988939,5.0,4.0,2.0
2359,4.0,0.0,0.007176757,2.0,7.0,3.0
2360,3.0,2.0,0.36885786,3.0,2.0,3.0
2361,4.0,2.0,0.7630743,0.0,1.0,2.0
2362,6.0,1.0,0.9459224,7.0,3.0,1.0
2363,2.0,2.0,0.22567058,3.0,2.0,6.0
2364,0.0,2.0,0.4570197,4.0,3.0,4.0
2365,2.0,3.0,0.3884822,4.0,2.0,5.0
2366,9.0,2.0,0.86215067,5.0,1.0,4.0
2367,5.0,3.0,0.0112781525,1.0,1.0,3.0
2368,2.0,0.0,0.06753135,2.0,0.0,3.0
2369,6.0,0.0,0.8833015,4.0,3.0,3.0
2370,4.0,1.0,0.058679104,7.0,3.0,2.0
2371,0.0,0.0,0.25541973,4.0,1.0,2.0
2372,4.0,1.0,0.08858967,8.0,3.0,9.0
2373,0.0,2.0,0.15693569,1.0,3.0,4.0
2374,8.0,2.0,0.54518473,5.0,5.0,4.0
2375,2.0,1.0,0.75637686,2.0,2.0,3.0
2376,0.0,3.0,0.8954357,5.0,0.0,4.0
2377,2.0,2.0,0.31093228,6.0,0.0,9.0
2378,1.0,3.0,0.64091814,6.0,8.0,5.0
2379,0.0,2.0,0.7463777,2.0,7.0,12.0
2380,2.0,1.0,0.6986016,3.0,2.0,2.0
2381,6.0,2.0,0.11643815,2.0,12.0,1.0
2382,7.0,0.0,0.38490164,2.0,1.0,2.0
2383,4.0,2.0,0.18480885,4.0,7.0,5.0
2384,2.0,0.0,0.6129643,3.0,0.0,3.0
2385,0.0,1.0,0.07022786,5.0,4.0,0.0
2386,1.0,0.0,0.54750466,3.0,6.0,5.0
2387,0.0,2.0,0.81709135,1.0,2.0,5.0
2388,5.0,0.0,0.18579161,1.0,2.0,3.0
2389,2.0,0.0,0.98462594,6.0,7.0,2.0
2390,4.0,0.0,0.46916556,4.0,8.0,1.0
2391,1.0,0.0,0.7679696,5.0,3.0,4.0
2392,4.0,0.0,0.28729773,4.0,1.0,3.0
2393,1.0,1.0,0.782161,4.0,3.0,2.0
2394,2.0,2.0,0.40231884,8.0,6.0,8.0
2395,2.0,1.0,0.38944435,3.0,6.0,5.0
2396,5.0,2.0,0.055837393,3.0,1.0,9.0
2397,2.0,3.0,0.56097853,3.0,1.0,1.0
2398,1.0,3.0,0.11389613,2.0,5.0,10.0
2399,5.0,0.0,0.9751942,6.0,3.0,7.0
2400,1.0,0.0,0.8296709,2.0,4.0,3.0
2401,2.0,0.0,0.562521,7.0,6.0,9.0
2402,4.0,2.0,0.5056815,4.0,1.0,1.0
2403,3.0,0.0,0.86146915,5.0,2.0,3.0
2404,5.0,3.0,0.77031755,3.0,1.0,7.0
2405,3.0,2.0,0.5563704,2.0,0.0,4.0
2406,9.0,0.0,0.042669415,2.0,6.0,3.0
2407,2.0,1.0,0.19513464,0.0,3.0,6.0
2408,0.0,1.0,0.28737748,1.0,4.0,6.0
2409,2.0,0.0,0.29886425,2.0,1.0,7.0
2410,4.0,2.0,0.41370595,6.0,3.0,5.0
2411,2.0,1.0,0.23452353,4.0,6.0,1.0
2412,2.0,0.0,0.40622723,4.0,3.0,9.0
2413,1.0,2.0,0.3403684,6.0,5.0,4.0
2414,2.0,2.0,0.25858247,5.0,3.0,1.0
2415,1.0,0.0,0.95292425,3.0,9.0,5.0
2416,1.0,1.0,0.69177663,5.0,2.0,1.0
2417,3.0,1.0,0.6903901,5.0,0.0,5.0
2418,9.0,1.0,0.21171033,2.0,1.0,5.0
2419,1.0,1.0,0.05246377,6.0,8.0,5.0
2420,4.0,2.0,0.7216896,2.0,8.0,6.0
2421,1.0,3.0,0.8022524,3.0,3.0,4.0
2422,4.0,2.0,0.58773875,2.0,7.0,4.0
2423,3.0,2.0,0.8986472,5.0,3.0,4.0
2424,3.0,1.0,0.7125242,1.0,16.0,1.0
2425,3.0,0.0,0.20121121,5.0,12.0,5.0
2426,2.0,1.0,0.53076124,3.0,1.0,4.0
2427,3.0,1.0,0.90769494,3.0,3.0,5.0
2428,4.0,2.0,0.026453614,6.0,4.0,3.0
2429,3.0,0.0,0.82507527,4.0,0.0,5.0
2430,1.0,3.0,0.45394623,3.0,3.0,5.0
2431,1.0,0.0,0.2810812,5.0,11.0,1.0
2432,2.0,0.0,0.109954596,5.0,0.0,2.0
2433,1.0,2.0,0.733104,1.0,2.0,5.0
2434,0.0,0.0,0.86122155,0.0,2.0,0.0
2435,8.0,0.0,0.35823083,1.0,5.0,2.0
2436,5.0,0.0,0.24575913,10.0,12.0,3.0
2437,5.0,3.0,0.6980871,6.0,2.0,7.0
2438,2.0,0.0,0.3698653,3.0,1.0,4.0
2439,4.0,2.0,0.99934983,5.0,15.0,11.0
2440,1.0,1.0,0.7373866,2.0,3.0,3.0
2441,4.0,3.0,0.20359075,0.0,7.0,7.0
2442,0.0,2.0,0.5140215,0.0,1.0,7.0
2443,4.0,1.0,0.59513927,4.0,4.0,1.0
2444,2.0,2.0,0.39397418,3.0,8.0,5.0
2445,2.0,2.0,0.05029583,5.0,0.0,1.0
2446,3.0,0.0,0.12797904,3.0,3.0,1.0
2447,6.0,2.0,0.6531985,6.0,1.0,2.0
2448,1.0,0.0,0.66922605,6.0,9.0,4.0
2449,0.0,0.0,0.7010083,4.0,1.0,4.0
2450,7.0,2.0,0.29663384,6.0,8.0,5.0
2451,3.0,0.0,0.6923268,1.0,7.0,6.0
2452,5.0,2.0,0.017320395,5.0,3.0,2.0
2453,3.0,2.0,0.9998586,1.0,6.0,3.0
2454,4.0,1.0,0.17326283,4.0,0.0,4.0
2455,2.0,2.0,0.48909104,2.0,1.0,5.0
2456,5.0,0.0,0.54563344,2.0,1.0,13.0
2457,2.0,0.0,0.34867203,5.0,5.0,0.0
2458,2.0,2.0,0.36233997,4.0,5.0,6.0
2459,2.0,0.0,0.51792955,4.0,8.0,2.0
2460,4.0,0.0,0.5866444,5.0,6.0,4.0
2461,2.0,1.0,0.07148659,5.0,13.0,9.0
2462,7.0,2.0,0.7748567,5.0,0.0,11.0
2463,2.0,0.0,0.6226523,3.0,2.0,5.0
2464,5.0,0.0,0.9362978,1.0,3.0,11.0
2465,4.0,1.0,0.25812805,4.0,4.0,5.0
2466,2.0,2.0,0.3416165,10.0,8.0,6.0
2467,4.0,0.0,0.019023657,2.0,1.0,2.0
2468,5.0,2.0,0.22501242,1.0,7.0,1.0
2469,1.0,2.0,0.096675515,4.0,0.0,8.0
2470,1.0,0.0,0.171134,2.0,3.0,2.0
2471,3.0,1.0,0.7661681,2.0,5.0,5.0
2472,3.0,0.0,0.91362846,2.0,10.0,0.0
2473,1.0,1.0,0.48770344,5.0,1.0,2.0
2474,0.0,0.0,0.81071377,5.0,1.0,2.0
2475,4.0,1.0,0.5426686,7.0,1.0,4.0
2476,3.0,0.0,0.6130444,6.0,1.0,8.0
2477,1.0,3.0,0.0037988424,3.0,0.0,6.0
2478,2.0,2.0,0.71168613,4.0,8.0,5.0
2479,2.0,0.0,0.24381721,7.0,2.0,2.0
2480,6.0,1.0,0.9668157,10.0,3.0,2.0
2481,3.0,2.0,0.07711184,3.0,3.0,12.0
2482,1.0,0.0,0.38681698,4.0,0.0,2.0
2483,1.0,1.0,0.69254124,5.0,3.0,1.0
2484,1.0,0.0,0.80439925,3.0,5.0,3.0
2485,6.0,2.0,0.08580208,2.0,2.0,5.0
2486,4.0,0.0,0.3677715,4.0,3.0,4.0
2487,0.0,0.0,0.6890036,6.0,6.0,2.0
2488,3.0,3.0,0.77881646,3.0,5.0,8.0
2489,3.0,3.0,0.19216299,5.0,5.0,4.0
2490,0.0,0.0,0.32307673,2.0,4.0,5.0
2491,1.0,1.0,0.80648696,5.0,2.0,2.0
2492,2.0,1.0,0.043418884,2.0,7.0,0.0
2493,1.0,2.0,0.8831681,3.0,5.0,1.0
2494,2.0,0.0,0.20633781,4.0,4.0,6.0
2495,3.0,0.0,0.06658721,5.0,5.0,1.0
2496,3.0,3.0,0.40142882,9.0,7.0,2.0
2497,1.0,0.0,0.15765047,1.0,9.0,5.0
2498,4.0,2.0,0.6459503,3.0,2.0,6.0
2499,8.0,1.0,0.31598783,9.0,11.0,5.0
2500,5.0,0.0,0.30197203,3.0,2.0,4.0
2501,2.0,1.0,0.8068762,2.0,2.0,7.0
2502,2.0,2.0,0.60934687,4.0,7.0,0.0
2503,2.0,0.0,0.8198731,2.0,4.0,5.0
2504,2.0,3.0,0.28864086,5.0,4.0,0.0
2505,6.0,2.0,0.9269271,5.0,8.0,2.0
2506,4.0,0.0,0.14594209,5.0,5.0,3.0
2507,5.0,1.0,0.88573873,5.0,2.0,0.0
2508,11.0,3.0,0.47174346,4.0,4.0,1.0
2509,2.0,2.0,0.6086321,3.0,2.0,2.0
2510,6.0,3.0,0.047332883,3.0,3.0,4.0
2511,2.0,2.0,0.34644878,3.0,4.0,3.0
2512,4.0,1.0,0.59306026,8.0,11.0,4.0
2513,1.0,0.0,0.56706214,2.0,6.0,2.0
2514,3.0,0.0,0.33054137,3.0,7.0,5.0
2515,1.0,3.0,0.8729869,1.0,5.0,0.0
2516,2.0,0.0,0.13654089,8.0,9.0,5.0
2517,8.0,1.0,0.93417275,6.0,5.0,4.0
2518,3.0,0.0,0.62421846,1.0,4.0,4.0
2519,1.0,0.0,0.7482699,10.0,13.0,1.0
2520,8.0,0.0,0.23444283,2.0,1.0,1.0
2521,2.0,0.0,0.36694908,3.0,5.0,3.0
2522,3.0,2.0,0.13698769,3.0,5.0,4.0
2523,4.0,3.0,0.5696385,6.0,2.0,3.0
2524,4.0,2.0,0.26746237,8.0,12.0,1.0
2525,3.0,2.0,0.9138658,3.0,2.0,1.0
2526,7.0,2.0,0.08526778,2.0,5.0,2.0
2527,2.0,2.0,0.83061194,4.0,6.0,4.0
2528,1.0,2.0,0.014806509,4.0,4.0,4.0
2529,2.0,2.0,0.75393033,5.0,12.0,1.0
2530,2.0,0.0,0.7031163,5.0,0.0,2.0
2531,8.0,2.0,0.2084794,9.0,0.0,1.0
2532,6.0,1.0,0.24110174,4.0,1.0,4.0
2533,0.0,0.0,0.62112284,2.0,7.0,5.0
2534,10.0,3.0,0.64926124,3.0,8.0,5.0
2535,3.0,2.0,0.56018436,3.0,2.0,2.0
2536,2.0,1.0,0.43235993,4.0,10.0,2.0
2537,2.0,2.0,0.6107013,4.0,2.0,4.0
2538,6.0,0.0,0.6160296,7.0,2.0,13.0
2539,2.0,2.0,0.06782675,5.0,4.0,5.0
2540,4.0,0.0,0.47039127,2.0,2.0,5.0
2541,5.0,0.0,0.7223568,2.0,9.0,5.0
2542,1.0,2.0,0.97662926,2.0,11.0,4.0
2543,1.0,1.0,0.8414695,3.0,4.0,3.0
2544,3.0,2.0,0.2229327,4.0,4.0,3.0
2545,0.0,2.0,0.43379617,3.0,2.0,6.0
2546,4.0,0.0,0.9815161,4.0,1.0,1.0
2547,5.0,0.0,0.06263149,4.0,2.0,2.0
2548,3.0,0.0,0.6756624,7.0,1.0,4.0
2549,2.0,2.0,0.46198416,4.0,12.0,0.0
2550,1.0,2.0,0.0481925,2.0,5.0,4.0
2551,2.0,1.0,0.10700917,4.0,1.0,4.0
2552,2.0,2.0,0.1473887,5.0,9.0,2.0
2553,6.0,3.0,0.7583891,1.0,4.0,6.0
2554,1.0,3.0,0.91141176,4.0,1.0,7.0
2555,1.0,1.0,0.34228683,5.0,3.0,2.0
2556,2.0,2.0,0.44233954,3.0,2.0,6.0
2557,5.0,1.0,0.8306645,5.0,1.0,1.0
2558,0.0,0.0,0.7015331,5.0,2.0,5.0
2559,4.0,3.0,0.7069632,3.0,2.0,2.0
2560,1.0,0.0,0.3849374,3.0,4.0,2.0
2561,3.0,2.0,0.3207574,2.0,0.0,0.0
2562,1.0,2.0,0.60435975,4.0,11.0,3.0
2563,7.0,2.0,0.06894541,4.0,9.0,4.0
2564,2.0,2.0,0.4933704,8.0,13.0,6.0
2565,4.0,0.0,0.9058968,7.0,2.0,0.0
2566,1.0,0.0,0.54360783,5.0,6.0,3.0
2567,4.0,2.0,0.032759905,3.0,1.0,4.0
2568,1.0,2.0,0.29068422,3.0,5.0,7.0
2569,2.0,0.0,0.91017056,1.0,1.0,0.0
2570,2.0,0.0,0.036919236,5.0,5.0,1.0
2571,2.0,2.0,0.55306375,6.0,1.0,7.0
2572,0.0,3.0,0.3720094,3.0,12.0,3.0
2573,2.0,2.0,0.96928346,2.0,9.0,6.0
2574,2.0,0.0,0.7357886,5.0,4.0,3.0
2575,2.0,1.0,0.8324542,5.0,1.0,6.0
2576,1.0,3.0,0.16648078,2.0,1.0,11.0
2577,4.0,0.0,0.2836274,2.0,2.0,3.0
2578,3.0,1.0,0.74029493,4.0,3.0,4.0
2579,1.0,0.0,0.42957723,6.0,0.0,6.0
2580,4.0,2.0,0.963477,5.0,5.0,4.0
2581,1.0,0.0,0.6975578,4.0,4.0,1.0
2582,6.0,0.0,0.38703418,2.0,2.0,2.0
2583,2.0,0.0,0.7467085,4.0,3.0,7.0
2584,3.0,0.0,0.98911464,5.0,10.0,3.0
2585,2.0,0.0,0.0214777,6.0,9.0,5.0
2586,3.0,2.0,0.5333741,4.0,2.0,4.0
2587,0.0,2.0,0.7096418,3.0,2.0,4.0
2588,2.0,0.0,0.7399056,2.0,1.0,5.0
2589,2.0,1.0,0.3488859,2.0,22.0,8.0
2590,6.0,0.0,0.47024024,3.0,4.0,8.0
2591,3.0,0.0,0.19911468,1.0,0.0,1.0
2592,1.0,0.0,0.45597935,3.0,7.0,0.0
2593,3.0,2.0,0.2541114,5.0,4.0,2.0
2594,3.0,2.0,0.9571165,2.0,4.0,4.0
2595,3.0,0.0,0.9301728,6.0,1.0,7.0
2596,9.0,2.0,0.3969245,4.0,9.0,2.0
2597,1.0,2.0,0.07206833,2.0,9.0,2.0
2598,2.0,0.0,0.4967543,11.0,1.0,2.0
2599,5.0,2.0,0.5282546,1.0,5.0,10.0
2600,4.0,0.0,0.93165255,5.0,0.0,11.0
2601,1.0,2.0,0.6958736,3.0,4.0,5.0
2602,5.0,0.0,0.31061196,3.0,3.0,2.0
2603,2.0,1.0,0.8437314,3.0,8.0,0.0
2604,2.0,1.0,0.56062186,3.0,0.0,1.0
2605,3.0,0.0,0.48996627,6.0,11.0,3.0
2606,5.0,2.0,0.9654498,6.0,1.0,3.0
2607,3.0,2.0,0.93240297,7.0,0.0,0.0
2608,2.0,2.0,0.5436686,12.0,2.0,3.0
2609,4.0,1.0,0.34089875,4.0,1.0,0.0
2610,2.0,2.0,0.68606865,4.0,13.0,9.0
2611,5.0,0.0,0.052268147,1.0,1.0,4.0
2612,3.0,2.0,0.850487,3.0,4.0,2.0
2613,2.0,0.0,0.33539116,5.0,17.0,5.0
2614,3.0,1.0,0.7647569,4.0,2.0,10.0
2615,0.0,3.0,0.46680725,0.0,5.0,7.0
2616,2.0,0.0,0.907632,3.0,0.0,4.0
2617,2.0,0.0,0.47754323,3.0,3.0,3.0
2618,4.0,0.0,0.6850544,5.0,2.0,0.0
2619,3.0,0.0,0.6232058,6.0,2.0,9.0
2620,1.0,2.0,0.38589847,2.0,4.0,3.0
2621,1.0,1.0,0.37512803,3.0,7.0,6.0
2622,0.0,1.0,0.3723054,5.0,5.0,8.0
2623,6.0,0.0,0.49769378,5.0,4.0,12.0
2624,3.0,0.0,0.05619645,7.0,14.0,3.0
2625,3.0,2.0,0.6354755,6.0,1.0,7.0
2626,7.0,0.0,0.871765,4.0,20.0,2.0
2627,3.0,2.0,0.6175089,6.0,8.0,3.0
2628,1.0,2.0,0.54263115,6.0,4.0,3.0
2629,2.0,3.0,0.49592447,2.0,2.0,3.0
2630,7.0,1.0,0.29990435,7.0,3.0,5.0
2631,6.0,2.0,0.4256922,7.0,15.0,2.0
2632,4.0,0.0,0.05295372,2.0,4.0,8.0
2633,7.0,1.0,0.49226797,4.0,5.0,12.0
2634,4.0,2.0,0.27172875,1.0,5.0,3.0
2635,2.0,0.0,0.51544356,3.0,3.0,10.0
2636,2.0,1.0,0.70537746,4.0,1.0,0.0
2637,0.0,0.0,0.37413573,5.0,1.0,7.0
2638,2.0,2.0,0.8548806,4.0,3.0,3.0
2639,4.0,0.0,0.12880361,6.0,0.0,7.0
2640,1.0,0.0,0.18415165,3.0,0.0,4.0
2641,6.0,1.0,0.14987457,4.0,0.0,4.0
2642,2.0,1.0,0.4564116,3.0,5.0,1.0
2643,1.0,1.0,0.37012267,6.0,1.0,3.0
2644,3.0,2.0,0.9957483,3.0,2.0,4.0
2645,3.0,0.0,0.69619906,4.0,1.0,2.0
2646,0.0,0.0,0.7205894,1.0,2.0,5.0
2647,1.0,2.0,0.27395296,8.0,1.0,1.0
2648,2.0,2.0,0.71634924,5.0,2.0,12.0
2649,5.0,0.0,0.7604704,1.0,16.0,3.0
2650,2.0,2.0,0.07664299,1.0,9.0,5.0
2651,1.0,1.0,0.8324386,1.0,4.0,4.0
2652,1.0,0.0,0.13809788,3.0,3.0,2.0
2653,4.0,1.0,0.55542576,7.0,7.0,4.0
2654,3.0,0.0,0.25918078,4.0,5.0,6.0
2655,1.0,1.0,0.5884423,6.0,4.0,5.0
2656,3.0,2.0,0.15343618,5.0,0.0,3.0
2657,7.0,2.0,0.93173814,4.0,4.0,2.0
2658,3.0,2.0,0.47324812,12.0,5.0,2.0
2659,1.0,2.0,0.45829487,5.0,1.0,5.0
2660,2.0,3.0,0.03365338,2.0,1.0,5.0
2661,2.0,2.0,0.86238277,2.0,0.0,1.0
2662,1.0,0.0,0.3756715,5.0,2.0,4.0
2663,2.0,0.0,0.123028636,5.0,1.0,5.0
2664,4.0,0.0,0.4411422,4.0,3.0,4.0
2665,1.0,0.0,0.59866357,1.0,0.0,3.0
2666,2.0,2.0,0.9708735,4.0,8.0,9.0
2667,2.0,2.0,0.9209838,4.0,2.0,4.0
2668,1.0,0.0,0.78678405,2.0,0.0,2.0
2669,4.0,0.0,0.2179966,7.0,1.0,3.0
2670,1.0,2.0,0.22168815,5.0,0.0,2.0
2671,0.0,0.0,0.8647094,4.0,4.0,2.0
2672,2.0,2.0,0.3889445,2.0,2.0,2.0
2673,5.0,0.0,0.055615067,3.0,3.0,3.0
2674,1.0,2.0,0.85040593,4.0,12.0,9.0
2675,1.0,1.0,0.3277372,5.0,3.0,1.0
2676,3.0,2.0,0.14527404,1.0,2.0,1.0
2677,1.0,1.0,0.07078469,3.0,4.0,2.0
2678,2.0,1.0,0.5071995,4.0,7.0,4.0
2679,7.0,3.0,0.31975698,7.0,2.0,3.0
2680,1.0,2.0,0.38224745,5.0,2.0,9.0
2681,6.0,2.0,0.09019506,5.0,3.0,2.0
2682,2.0,0.0,0.49464214,3.0,3.0,3.0
2683,1.0,3.0,0.511155,5.0,7.0,6.0
2684,3.0,0.0,0.27088416,1.0,2.0,0.0
2685,4.0,0.0,0.026688337,5.0,5.0,2.0
2686,2.0,0.0,0.026948929,3.0,1.0,4.0
2687,2.0,0.0,0.25965238,7.0,1.0,4.0
2688,4.0,3.0,0.4659946,3.0,2.0,5.0
2689,6.0,0.0,0.69722235,5.0,1.0,1.0
2690,2.0,2.0,0.4766754,13.0,2.0,3.0
2691,3.0,0.0,0.03775513,6.0,0.0,1.0
2692,1.0,2.0,0.15913904,5.0,0.0,8.0
2693,2.0,0.0,0.16859066,4.0,2.0,6.0
2694,5.0,2.0,0.97791374,8.0,0.0,6.0
2695,1.0,2.0,0.5669571,3.0,7.0,3.0
2696,6.0,2.0,0.9265232,4.0,3.0,4.0
2697,6.0,2.0,0.020063281,9.0,0.0,3.0
2698,6.0,1.0,0.32025623,4.0,6.0,2.0
2699,4.0,3.0,0.41942537,5.0,5.0,4.0
2700,0.0,1.0,0.10193741,6.0,4.0,4.0
2701,10.0,2.0,0.86451256,3.0,1.0,6.0
2702,4.0,0.0,0.7038448,2.0,3.0,10.0
2703,3.0,0.0,0.8169092,3.0,6.0,6.0
2704,4.0,1.0,0.40051222,3.0,3.0,3.0
2705,3.0,1.0,0.27523947,3.0,6.0,1.0
2706,1.0,1.0,0.9522761,2.0,8.0,3.0
2707,6.0,2.0,0.37757933,3.0,3.0,2.0
2708,4.0,3.0,0.4419613,10.0,9.0,1.0
2709,2.0,2.0,0.4512931,4.0,7.0,7.0
2710,1.0,2.0,0.62830603,2.0,7.0,0.0
2711,3.0,0.0,0.33967113,5.0,10.0,8.0
2712,2.0,1.0,0.5409218,4.0,1.0,4.0
2713,3.0,2.0,0.823616,0.0,9.0,5.0
2714,2.0,2.0,0.5627357,4.0,2.0,3.0
2715,1.0,2.0,0.1341747,3.0,1.0,7.0
2716,6.0,3.0,0.013566852,5.0,5.0,9.0
2717,0.0,1.0,0.50811267,2.0,10.0,1.0
2718,4.0,3.0,0.648909,2.0,6.0,0.0
2719,1.0,1.0,0.029187083,3.0,5.0,4.0
2720,2.0,2.0,0.7505076,8.0,2.0,1.0
2721,5.0,0.0,0.6215403,4.0,2.0,5.0
2722,7.0,2.0,0.76421905,8.0,8.0,6.0
2723,2.0,2.0,0.96333504,1.0,1.0,13.0
2724,2.0,0.0,0.86263,5.0,1.0,3.0
2725,4.0,3.0,0.1652335,4.0,1.0,3.0
2726,0.0,0.0,0.47750473,3.0,5.0,2.0
2727,3.0,2.0,0.24918222,1.0,5.0,8.0
2728,3.0,0.0,0.46120334,1.0,5.0,1.0
2729,6.0,1.0,0.9745151,8.0,1.0,2.0
2730,2.0,2.0,0.18365633,0.0,13.0,4.0
2731,1.0,2.0,0.03201568,1.0,5.0,1.0
2732,3.0,3.0,0.6873213,1.0,4.0,2.0
2733,2.0,0.0,0.8620539,2.0,1.0,6.0
2734,2.0,2.0,0.1366421,3.0,5.0,5.0
2735,0.0,0.0,0.1810683,5.0,1.0,6.0
2736,1.0,2.0,0.5873481,1.0,3.0,10.0
2737,4.0,0.0,0.59847784,3.0,3.0,4.0
2738,6.0,0.0,0.1277554,4.0,5.0,5.0
2739,2.0,0.0,0.18600547,4.0,4.0,4.0
2740,4.0,2.0,0.17167747,4.0,8.0,8.0
2741,1.0,0.0,0.12748194,4.0,5.0,3.0
2742,3.0,0.0,0.42404914,4.0,6.0,2.0
2743,3.0,2.0,0.12208164,3.0,4.0,5.0
2744,3.0,0.0,0.71468234,2.0,0.0,2.0
2745,5.0,0.0,0.03818381,2.0,2.0,7.0
2746,1.0,1.0,0.04736471,2.0,0.0,0.0
2747,1.0,1.0,0.034743667,9.0,5.0,4.0
2748,3.0,2.0,0.85282326,5.0,4.0,7.0
2749,4.0,0.0,0.07551479,3.0,2.0,1.0
2750,3.0,0.0,0.8485503,4.0,5.0,6.0
2751,2.0,2.0,0.12806618,4.0,3.0,3.0
2752,9.0,2.0,0.31725883,2.0,2.0,3.0
2753,5.0,0.0,0.9981197,4.0,6.0,1.0
2754,2.0,0.0,0.16398275,3.0,4.0,10.0
2755,2.0,2.0,0.1906029,7.0,0.0,4.0
2756,3.0,0.0,0.049096584,4.0,4.0,2.0
2757,5.0,2.0,0.71943116,3.0,6.0,2.0
2758,0.0,3.0,0.9532888,5.0,5.0,4.0
2759,1.0,1.0,0.34951425,8.0,5.0,8.0
2760,2.0,1.0,0.44307244,3.0,5.0,16.0
2761,0.0,0.0,0.38047707,6.0,3.0,1.0
2762,3.0,0.0,0.06643736,1.0,1.0,4.0
2763,0.0,2.0,0.51682556,2.0,0.0,1.0
2764,4.0,1.0,0.09230852,3.0,2.0,1.0
2765,1.0,0.0,0.061739564,2.0,3.0,4.0
2766,5.0,0.0,0.5759866,3.0,15.0,5.0
2767,4.0,2.0,0.41823018,8.0,1.0,3.0
2768,5.0,2.0,0.01586616,1.0,1.0,5.0
2769,3.0,1.0,0.21104753,6.0,8.0,3.0
2770,2.0,2.0,0.5936847,4.0,1.0,4.0
2771,1.0,2.0,0.64429736,6.0,2.0,2.0
2772,0.0,2.0,0.6539246,1.0,2.0,5.0
2773,5.0,0.0,0.856707,1.0,1.0,7.0
2774,3.0,3.0,0.18413961,6.0,5.0,0.0
2775,4.0,2.0,0.06426489,6.0,5.0,6.0
2776,2.0,3.0,0.87551916,4.0,4.0,1.0
2777,4.0,3.0,0.8818246,4.0,6.0,4.0
2778,2.0,1.0,0.13368416,7.0,6.0,0.0
2779,4.0,2.0,0.9134098,4.0,1.0,6.0
2780,5.0,0.0,0.41564155,2.0,1.0,8.0
2781,5.0,0.0,0.79881656,2.0,11.0,5.0
2782,0.0,0.0,0.07152367,5.0,6.0,2.0
2783,1.0,0.0,0.41967893,4.0,16.0,6.0
2784,7.0,0.0,0.5571809,1.0,3.0,5.0
2785,7.0,1.0,0.037639022,3.0,4.0,4.0
2786,3.0,0.0,0.9480977,6.0,5.0,2.0
2787,3.0,3.0,0.9149283,9.0,1.0,0.0
2788,3.0,2.0,0.8598522,3.0,3.0,11.0
2789,2.0,0.0,0.045664668,4.0,4.0,1.0
2790,3.0,2.0,0.17437708,1.0,6.0,4.0
2791,5.0,1.0,0.8596475,4.0,8.0,1.0
2792,9.0,0.0,0.42954504,5.0,1.0,2.0
2793,4.0,1.0,0.13555598,1.0,3.0,2.0
2794,2.0,0.0,0.9374515,4.0,0.0,9.0
2795,6.0,0.0,0.49935818,4.0,6.0,1.0
2796,2.0,3.0,0.10273242,7.0,6.0,12.0
2797,4.0,0.0,0.23710978,4.0,11.0,3.0
2798,2.0,1.0,0.45679188,5.0,5.0,3.0
2799,3.0,2.0,0.40155852,5.0,12.0,2.0
2800,3.0,2.0,0.9521426,5.0,4.0,2.0
2801,2.0,2.0,0.29117048,3.0,3.0,1.0
2802,5.0,2.0,0.0025103092,4.0,9.0,1.0
2803,3.0,1.0,0.6226722,4.0,2.0,2.0
2804,7.0,0.0,0.72314334,2.0,1.0,1.0
2805,4.0,1.0,0.98129225,3.0,5.0,1.0
2806,2.0,2.0,0.99385095,0.0,4.0,2.0
2807,4.0,2.0,0.36859965,2.0,4.0,6.0
2808,6.0,1.0,0.3372017,6.0,0.0,1.0
2809,3.0,0.0,0.29549336,3.0,1.0,4.0
2810,4.0,0.0,0.4071002,3.0,3.0,7.0
2811,4.0,2.0,0.4044037,1.0,2.0,9.0
2812,1.0,2.0,0.49851608,6.0,8.0,4.0
2813,4.0,1.0,0.5156411,3.0,3.0,4.0
2814,2.0,0.0,0.15759706,2.0,3.0,11.0
2815,1.0,2.0,0.51071334,5.0,9.0,14.0
2816,4.0,2.0,0.76228344,6.0,2.0,5.0
2817,0.0,1.0,0.4020759,8.0,2.0,4.0
2818,1.0,1.0,0.9145901,1.0,4.0,3.0
2819,8.0,2.0,0.022933602,7.0,1.0,3.0
2820,3.0,0.0,0.51856375,3.0,5.0,1.0
2821,2.0,0.0,0.22005141,3.0,4.0,5.0
2822,3.0,3.0,0.29984808,3.0,4.0,5.0
2823,4.0,1.0,0.23715532,4.0,4.0,6.0
2824,1.0,0.0,0.7278137,3.0,8.0,1.0
2825,1.0,1.0,0.08511627,5.0,5.0,3.0
2826,1.0,2.0,0.12490666,7.0,5.0,6.0
2827,1.0,2.0,0.26263845,4.0,7.0,5.0
2828,1.0,0.0,0.16048169,4.0,2.0,8.0
2829,1.0,1.0,0.9498445,4.0,1.0,5.0
2830,5.0,2.0,0.31357265,6.0,2.0,4.0
2831,1.0,0.0,0.29515088,3.0,4.0,2.0
2832,5.0,2.0,0.5039151,7.0,2.0,1.0
2833,1.0,2.0,0.5837625,5.0,4.0,3.0
2834,5.0,0.0,0.5529971,5.0,9.0,3.0
2835,3.0,1.0,0.23717785,5.0,1.0,2.0
2836,3.0,1.0,0.50258815,4.0,4.0,2.0
2837,1.0,2.0,0.42210412,3.0,3.0,6.0
2838,5.0,0.0,0.43037832,4.0,0.0,2.0
2839,3.0,0.0,0.6659298,3.0,4.0,6.0
2840,2.0,0.0,0.759269,2.0,1.0,4.0
2841,6.0,1.0,0.22872913,7.0,5.0,3.0
2842,1.0,1.0,0.6002722,6.0,2.0,6.0
2843,4.0,1.0,0.559818,4.0,6.0,2.0
2844,1.0,1.0,0.33388925,6.0,14.0,4.0
2845,5.0,1.0,0.8974725,6.0,4.0,2.0
2846,6.0,3.0,0.48778808,5.0,1.0,1.0
2847,1.0,0.0,0.61044776,4.0,1.0,10.0
2848,1.0,2.0,0.2523036,3.0,7.0,2.0
2849,3.0,2.0,0.43931115,10.0,0.0,4.0
2850,1.0,2.0,0.09861684,5.0,1.0,7.0
2851,5.0,0.0,0.82780385,3.0,2.0,2.0
2852,2.0,2.0,0.21019828,3.0,2.0,6.0
2853,4.0,0.0,0.07968199,2.0,8.0,5.0
2854,3.0,1.0,0.073685765,5.0,2.0,4.0
2855,6.0,3.0,0.7860775,5.0,6.0,8.0
2856,5.0,2.0,0.34810138,5.0,1.0,5.0
2857,0.0,2.0,0.19694316,5.0,5.0,1.0
2858,9.0,1.0,0.12938988,4.0,0.0,3.0
2859,2.0,0.0,0.05830407,1.0,10.0,2.0
2860,5.0,0.0,0.083229065,5.0,0.0,9.0
2861,0.0,2.0,0.2580341,4.0,5.0,1.0
2862,8.0,2.0,0.2336322,5.0,5.0,2.0
2863,2.0,1.0,0.5662011,5.0,0.0,10.0
2864,11.0,2.0,0.9481094,4.0,0.0,3.0
2865,4.0,0.0,0.2482903,3.0,5.0,1.0
2866,2.0,3.0,0.371369,5.0,0.0,2.0
2867,6.0,3.0,0.7804396,3.0,4.0,6.0
2868,4.0,0.0,0.8237673,2.0,1.0,5.0
2869,1.0,0.0,0.62333393,3.0,3.0,5.0
2870,5.0,3.0,0.8521774,2.0,4.0,7.0
2871,4.0,3.0,0.1429944,3.0,6.0,4.0
2872,5.0,0.0,0.967502,7.0,4.0,7.0
2873,1.0,3.0,0.07800722,5.0,10.0,1.0
2874,0.0,0.0,0.02200377,5.0,4.0,1.0
2875,1.0,0.0,0.06244707,1.0,2.0,5.0
2876,5.0,0.0,0.0789485,4.0,5.0,1.0
2877,4.0,1.0,0.021859646,3.0,0.0,1.0
2878,1.0,1.0,0.8771789,4.0,4.0,8.0
2879,3.0,0.0,0.41459262,5.0,5.0,1.0
2880,1.0,0.0,0.7281568,2.0,4.0,0.0
2881,3.0,3.0,0.9708502,3.0,0.0,8.0
2882,4.0,3.0,0.2180351,4.0,1.0,6.0
2883,4.0,2.0,0.16363955,2.0,3.0,0.0
2884,3.0,3.0,0.1570046,4.0,5.0,4.0
2885,4.0,0.0,0.15989506,4.0,4.0,1.0
2886,1.0,2.0,0.6756755,6.0,7.0,2.0
2887,5.0,3.0,0.6215569,8.0,1.0,0.0
2888,2.0,1.0,0.76625097,2.0,1.0,4.0
2889,4.0,0.0,0.39226186,2.0,3.0,5.0
2890,1.0,0.0,0.021172047,4.0,1.0,2.0
2891,1.0,2.0,0.3996985,6.0,8.0,3.0
2892,1.0,2.0,0.5239601,6.0,1.0,4.0
2893,3.0,3.0,0.8129816,2.0,3.0,2.0
2894,6.0,2.0,0.25743008,6.0,0.0,3.0
2895,6.0,0.0,0.21207035,3.0,6.0,6.0
2896,4.0,0.0,0.34206367,1.0,3.0,3.0
2897,2.0,0.0,0.65728617,0.0,4.0,5.0
2898,5.0,2.0,0.26005363,6.0,2.0,3.0
2899,1.0,0.0,0.34807634,1.0,1.0,5.0
2900,2.0,0.0,0.24844587,1.0,6.0,10.0
2901,4.0,3.0,0.3385712,4.0,1.0,4.0
2902,4.0,0.0,0.020432472,3.0,1.0,5.0
2903,4.0,0.0,0.5333625,2.0,3.0,3.0
2904,6.0,0.0,0.4618094,5.0,1.0,1.0
2905,2.0,1.0,0.8781127,4.0,4.0,3.0
2906,3.0,0.0,0.79328334,6.0,2.0,10.0
2907,4.0,1.0,0.9793725,5.0,2.0,3.0
2908,3.0,0.0,0.5804645,5.0,1.0,3.0
2909,0.0,0.0,0.35909247,2.0,4.0,6.0
2910,3.0,1.0,0.7919457,2.0,4.0,7.0
2911,0.0,1.0,0.54997814,1.0,1.0,5.0
2912,2.0,2.0,0.6438236,5.0,9.0,6.0
2913,5.0,0.0,0.49728835,6.0,1.0,9.0
2914,6.0,1.0,0.75751436,2.0,13.0,2.0
2915,4.0,2.0,0.3524549,9.0,3.0,1.0
2916,4.0,1.0,0.62185276,5.0,1.0,7.0
2917,1.0,0.0,0.06363022,7.0,6.0,9.0
2918,2.0,3.0,0.7772155,4.0,2.0,4.0
2919,5.0,0.0,0.16675258,4.0,1.0,1.0
2920,2.0,2.0,0.8478614,6.0,5.0,5.0
2921,3.0,0.0,0.7744938,8.0,1.0,6.0
2922,6.0,0.0,0.8315706,7.0,0.0,9.0
2923,5.0,2.0,0.30304778,3.0,10.0,1.0
2924,8.0,0.0,0.0539093,4.0,6.0,5.0
2925,0.0,2.0,0.46549606,5.0,4.0,4.0
2926,4.0,2.0,0.8823818,2.0,0.0,4.0
2927,0.0,0.0,0.06234634,2.0,3.0,2.0
2928,1.0,1.0,0.18801665,3.0,4.0,4.0
2929,2.0,0.0,0.054029346,2.0,9.0,6.0
2930,3.0,2.0,0.3549025,3.0,3.0,6.0
2931,4.0,2.0,0.6815764,2.0,5.0,1.0
2932,0.0,0.0,0.58103406,7.0,12.0,2.0
2933,4.0,0.0,0.16147768,10.0,2.0,7.0
2934,3.0,2.0,0.2259661,4.0,5.0,4.0
2935,3.0,2.0,0.88904345,2.0,0.0,8.0
2936,6.0,2.0,0.06726813,5.0,4.0,9.0
2937,7.0,0.0,0.030800462,2.0,3.0,0.0
2938,0.0,1.0,0.29894948,7.0,1.0,5.0
2939,3.0,0.0,0.07667899,2.0,6.0,2.0
2940,2.0,1.0,0.9407388,2.0,0.0,4.0
2941,3.0,0.0,0.49447763,8.0,9.0,1.0
2942,7.0,0.0,0.5551081,2.0,0.0,0.0
2943,3.0,2.0,0.69169843,2.0,15.0,8.0
2944,4.0,2.0,0.8631536,6.0,3.0,3.0
2945,4.0,0.0,0.4014448,2.0,2.0,3.0
2946,3.0,0.0,0.7879995,4.0,8.0,6.0
2947,3.0,0.0,0.6725278,5.0,0.0,8.0
2948,4.0,1.0,0.10852337,1.0,1.0,2.0
2949,1.0,2.0,0.38104272,2.0,3.0,2.0
2950,7.0,0.0,0.56266236,4.0,1.0,10.0
2951,2.0,0.0,0.3183669,8.0,3.0,8.0
2952,0.0,1.0,0.94330955,2.0,4.0,2.0
2953,1.0,1.0,0.84889495,6.0,2.0,2.0
2954,6.0,2.0,0.18519628,4.0,5.0,0.0
2955,7.0,1.0,0.689134,2.0,2.0,6.0
2956,0.0,0.0,0.17936039,4.0,12.0,3.0
2957,3.0,2.0,0.8492187,7.0,4.0,2.0
2958,3.0,0.0,0.51284647,5.0,10.0,6.0
2959,8.0,0.0,0.4587828,4.0,1.0,1.0
2960,1.0,0.0,0.9932076,3.0,6.0,5.0
2961,7.0,0.0,0.0027326345,4.0,2.0,4.0
2962,0.0,0.0,0.2772255,3.0,0.0,4.0
2963,2.0,0.0,0.6951244,5.0,1.0,2.0
2964,3.0,1.0,0.09597981,6.0,1.0,3.0
2965,1.0,2.0,0.5927361,1.0,5.0,4.0
2966,1.0,2.0,0.38508022,1.0,0.0,11.0
2967,2.0,2.0,0.10240948,6.0,4.0,7.0
2968,2.0,2.0,0.67237806,3.0,2.0,9.0
2969,2.0,0.0,0.7622396,6.0,4.0,3.0
2970,2.0,1.0,0.8004949,4.0,12.0,6.0
2971,5.0,0.0,0.7624018,3.0,9.0,1.0
2972,2.0,0.0,0.0013462305,4.0,2.0,4.0
2973,5.0,0.0,0.4008391,2.0,1.0,3.0
2974,1.0,1.0,0.3322755,6.0,0.0,3.0
2975,3.0,0.0,0.24435031,4.0,8.0,7.0
2976,3.0,1.0,0.64439225,5.0,0.0,3.0
2977,2.0,0.0,0.53549576,4.0,2.0,2.0
2978,2.0,0.0,0.08414936,3.0,1.0,7.0
2979,2.0,2.0,0.72398424,3.0,6.0,6.0
2980,1.0,0.0,0.47642946,4.0,2.0,4.0
2981,3.0,0.0,0.8006264,2.0,7.0,2.0
2982,3.0,0.0,0.26691926,4.0,5.0,3.0
2983,4.0,0.0,0.43328977,5.0,2.0,4.0
2984,3.0,0.0,0.47272265,5.0,1.0,6.0
2985,5.0,2.0,0.80936825,4.0,4.0,3.0
2986,1.0,2.0,0.7946271,5.0,3.0,2.0
2987,6.0,0.0,0.666275,4.0,2.0,1.0
2988,6.0,2.0,0.63274467,6.0,1.0,1.0
2989,6.0,1.0,0.67536354,3.0,0.0,4.0
2990,1.0,1.0,0.654863,6.0,4.0,0.0
2991,6.0,0.0,0.5354936,4.0,8.0,6.0
2992,0.0,2.0,0.94921815,3.0,2.0,2.0
2993,3.0,2.0,0.16991806,2.0,2.0,2.0
2994,3.0,1.0,0.6517346,4.0,1.0,5.0
2995,1.0,2.0,0.2576748,2.0,7.0,0.0
2996,1.0,0.0,0.1237632,3.0,1.0,7.0
2997,2.0,2.0,0.71723807,2.0,5.0,1.0
2998,1.0,3.0,0.40876985,4.0,4.0,4.0
2999,3.0,3.0,0.7620152,5.0,5.0,2.0
3000,3.0,3.0,0.5883093,5.0,4.0,5.0
3001,1.0,0.0,0.90675783,7.0,6.0,4.0
3002,5.0,0.0,0.19476831,2.0,1.0,2.0
3003,1.0,2.0,0.1374613,1.0,3.0,3.0
3004,1.0,0.0,0.5750996,2.0,1.0,4.0
3005,5.0,2.0,0.5607033,4.0,10.0,2.0
3006,3.0,0.0,0.4846598,4.0,3.0,4.0
3007,3.0,1.0,0.11666763,4.0,3.0,4.0
3008,0.0,0.0,0.6755446,5.0,5.0,8.0
3009,3.0,1.0,0.64789546,2.0,2.0,10.0
3010,1.0,0.0,0.3257246,2.0,0.0,1.0
3011,5.0,2.0,0.27691102,4.0,1.0,1.0
3012,0.0,3.0,0.14781618,5.0,4.0,5.0
3013,5.0,0.0,0.8217484,0.0,1.0,4.0
3014,3.0,3.0,0.9503374,6.0,1.0,5.0
3015,5.0,1.0,0.8379456,3.0,2.0,2.0
3016,3.0,0.0,0.65038836,3.0,0.0,5.0
3017,2.0,2.0,0.53039074,2.0,4.0,3.0
3018,1.0,2.0,0.9211694,1.0,1.0,4.0
3019,4.0,0.0,0.36953783,7.0,6.0,9.0
3020,3.0,2.0,0.9597162,2.0,7.0,4.0
3021,1.0,0.0,0.82410395,2.0,0.0,7.0
3022,5.0,0.0,0.3621019,5.0,3.0,2.0
3023,1.0,0.0,0.06715047,2.0,6.0,1.0
3024,2.0,2.0,0.45228088,4.0,4.0,2.0
3025,0.0,2.0,0.3114184,2.0,8.0,8.0
3026,4.0,0.0,0.36038125,4.0,4.0,3.0
3027,8.0,1.0,0.111144185,6.0,9.0,7.0
3028,2.0,0.0,0.21622372,2.0,0.0,4.0
3029,2.0,0.0,0.8129381,2.0,5.0,8.0
3030,4.0,3.0,0.20463634,8.0,2.0,5.0
3031,3.0,2.0,0.31690156,5.0,8.0,2.0
3032,6.0,2.0,0.17475557,5.0,4.0,1.0
3033,6.0,1.0,0.041802883,2.0,2.0,3.0
3034,1.0,2.0,0.6964849,2.0,1.0,10.0
3035,5.0,0.0,0.9969102,5.0,6.0,5.0
3036,2.0,2.0,0.26135325,2.0,0.0,5.0
3037,1.0,0.0,0.20976484,6.0,1.0,3.0
3038,3.0,3.0,0.81766987,8.0,12.0,8.0
3039,2.0,0.0,0.93177164,5.0,3.0,3.0
3040,4.0,2.0,0.055928588,2.0,1.0,7.0
3041,5.0,0.0,0.03974259,2.0,1.0,2.0
3042,1.0,2.0,0.3798424,2.0,5.0,1.0
3043,4.0,1.0,0.26969445,3.0,10.0,5.0
3044,4.0,2.0,0.4262576,6.0,1.0,2.0
3045,4.0,2.0,0.5082084,5.0,2.0,1.0
3046,0.0,2.0,0.69058526,6.0,0.0,2.0
3047,0.0,0.0,0.8888062,3.0,6.0,4.0
3048,1.0,2.0,0.58816826,2.0,2.0,6.0
3049,3.0,2.0,0.96055806,6.0,4.0,4.0
3050,2.0,2.0,0.5442221,6.0,5.0,4.0
3051,1.0,1.0,0.63846123,4.0,3.0,2.0
3052,0.0,2.0,0.48228288,7.0,6.0,4.0
3053,3.0,2.0,0.58160794,4.0,12.0,14.0
3054,4.0,1.0,0.79833114,5.0,4.0,5.0
3055,3.0,0.0,0.80833817,4.0,6.0,8.0
3056,2.0,1.0,0.47059715,7.0,10.0,7.0
3057,1.0,2.0,0.6624414,4.0,5.0,10.0
3058,3.0,3.0,0.33520138,7.0,4.0,0.0
3059,1.0,0.0,0.12710011,7.0,4.0,4.0
3060,0.0,0.0,0.16560185,3.0,1.0,7.0
3061,4.0,1.0,0.36717367,5.0,9.0,5.0
3062,1.0,0.0,0.90003276,3.0,0.0,1.0
3063,5.0,2.0,0.50493217,1.0,3.0,5.0
3064,2.0,0.0,0.32830346,5.0,5.0,1.0
3065,6.0,0.0,0.31765008,3.0,2.0,3.0
3066,2.0,3.0,0.2642169,6.0,20.0,0.0
3067,3.0,2.0,0.52716434,2.0,5.0,6.0
3068,2.0,2.0,0.13711739,3.0,0.0,4.0
3069,1.0,0.0,0.83157074,2.0,1.0,3.0
3070,7.0,2.0,0.81409,3.0,7.0,3.0
3071,3.0,1.0,0.8126415,10.0,2.0,2.0
3072,6.0,0.0,0.5841615,5.0,2.0,5.0
3073,2.0,2.0,0.8166847,0.0,4.0,3.0
3074,2.0,1.0,0.6152679,4.0,2.0,4.0
3075,1.0,0.0,0.8925656,10.0,6.0,3.0
3076,5.0,3.0,0.6394669,6.0,0.0,1.0
3077,0.0,1.0,0.49572742,5.0,5.0,0.0
3078,2.0,0.0,0.1861893,8.0,1.0,0.0
3079,1.0,3.0,0.42841148,4.0,6.0,1.0
3080,5.0,3.0,0.12871242,4.0,4.0,5.0
3081,3.0,0.0,0.75383925,6.0,4.0,5.0
3082,4.0,2.0,0.66355777,1.0,6.0,4.0
3083,1.0,0.0,0.4127103,6.0,0.0,4.0
3084,0.0,0.0,0.53877854,2.0,1.0,3.0
3085,2.0,0.0,0.9932085,0.0,3.0,7.0
3086,7.0,1.0,0.70432127,7.0,11.0,6.0
3087,4.0,3.0,0.9457737,2.0,7.0,1.0
3088,5.0,1.0,0.88336384,11.0,2.0,2.0
3089,2.0,0.0,0.74840665,5.0,1.0,7.0
3090,3.0,2.0,0.46519887,4.0,5.0,5.0
3091,5.0,2.0,0.33157754,5.0,0.0,4.0
3092,3.0,0.0,0.18480742,2.0,4.0,4.0
3093,1.0,2.0,0.08534777,3.0,3.0,6.0
3094,4.0,2.0,0.66160357,3.0,2.0,2.0
3095,5.0,0.0,0.1519289,7.0,0.0,0.0
3096,4.0,1.0,0.45512915,2.0,0.0,2.0
3097,3.0,1.0,0.3527702,4.0,1.0,8.0
3098,5.0,0.0,0.5867368,4.0,2.0,2.0
3099,1.0,0.0,0.708828,2.0,1.0,5.0
3100,5.0,2.0,0.5636072,3.0,6.0,2.0
3101,3.0,2.0,0.6898477,6.0,7.0,1.0
3102,4.0,1.0,0.06508613,3.0,2.0,0.0
3103,2.0,1.0,0.051237226,6.0,2.0,4.0
3104,3.0,3.0,0.051730156,3.0,3.0,4.0
3105,3.0,1.0,0.52937007,4.0,7.0,3.0
3106,0.0,0.0,0.87785876,3.0,10.0,3.0
3107,1.0,2.0,0.18629801,5.0,1.0,7.0
3108,2.0,0.0,0.8916999,10.0,11.0,3.0
3109,3.0,1.0,0.110492945,3.0,3.0,2.0
3110,4.0,0.0,0.28127098,4.0,2.0,1.0
3111,1.0,2.0,0.8297403,5.0,5.0,4.0
3112,5.0,2.0,0.8914958,3.0,13.0,0.0
3113,1.0,1.0,0.59005916,10.0,4.0,3.0
3114,6.0,1.0,0.37348378,4.0,0.0,4.0
3115,6.0,1.0,0.87257874,4.0,1.0,7.0
3116,6.0,0.0,0.43608832,1.0,1.0,7.0
3117,3.0,3.0,0.6319339,6.0,8.0,4.0
3118,1.0,1.0,0.6267637,3.0,7.0,2.0
3119,4.0,1.0,0.9852154,0.0,5.0,1.0
3120,2.0,0.0,0.56625986,6.0,3.0,1.0
3121,3.0,0.0,0.48599088,4.0,1.0,12.0
3122,2.0,0.0,0.7252066,3.0,3.0,2.0
3123,1.0,0.0,0.94296587,7.0,6.0,2.0
3124,2.0,0.0,0.1774931,3.0,7.0,6.0
3125,3.0,0.0,0.82694674,5.0,2.0,4.0
3126,7.0,0.0,0.5938047,4.0,2.0,7.0
3127,3.0,3.0,0.7897769,6.0,6.0,5.0
3128,0.0,1.0,0.98430324,8.0,0.0,1.0
3129,0.0,0.0,0.33051562,2.0,1.0,2.0
3130,4.0,2.0,0.92920625,5.0,2.0,2.0
3131,2.0,0.0,0.25289154,3.0,2.0,6.0
3132,4.0,1.0,0.08833599,1.0,2.0,0.0
3133,1.0,0.0,0.4776634,3.0,6.0,1.0
3134,1.0,0.0,0.38478827,5.0,2.0,2.0
3135,2.0,0.0,0.34987068,4.0,7.0,6.0
3136,3.0,0.0,0.56409013,2.0,4.0,5.0
3137,5.0,2.0,0.57384765,6.0,2.0,1.0
3138,7.0,2.0,0.40204346,3.0,3.0,6.0
3139,2.0,0.0,0.11191261,3.0,0.0,2.0
3140,3.0,0.0,0.08808589,3.0,7.0,4.0
3141,1.0,1.0,0.39563656,4.0,6.0,5.0
3142,2.0,3.0,0.95162284,5.0,5.0,8.0
3143,2.0,0.0,0.85681975,3.0,0.0,3.0
3144,2.0,3.0,0.27526808,5.0,0.0,4.0
3145,0.0,2.0,0.032399297,7.0,2.0,7.0
3146,2.0,0.0,0.62468624,3.0,1.0,5.0
3147,6.0,1.0,0.6541393,1.0,8.0,2.0
3148,4.0,2.0,0.53720415,4.0,6.0,3.0
3149,4.0,2.0,0.17513084,3.0,4.0,2.0
3150,0.0,0.0,0.16952491,4.0,7.0,5.0
3151,1.0,0.0,0.87770116,4.0,2.0,7.0
3152,1.0,2.0,0.23493147,5.0,4.0,0.0
3153,4.0,3.0,0.82873654,7.0,11.0,1.0
3154,3.0,0.0,0.78759,4.0,3.0,3.0
3155,1.0,1.0,0.10989988,4.0,9.0,6.0
3156,0.0,0.0,0.35127378,5.0,4.0,4.0
3157,0.0,2.0,0.43496788,2.0,3.0,6.0
3158,1.0,0.0,0.039016485,2.0,0.0,1.0
3159,2.0,1.0,0.95077336,10.0,4.0,0.0
3160,8.0,2.0,0.583923,8.0,6.0,4.0
3161,1.0,0.0,0.26811326,5.0,5.0,7.0
3162,3.0,1.0,0.17540705,7.0,7.0,2.0
3163,4.0,1.0,0.048879623,3.0,4.0,3.0
3164,5.0,1.0,0.49426472,3.0,2.0,3.0
3165,3.0,0.0,0.09373057,8.0,5.0,10.0
3166,7.0,1.0,0.21813059,5.0,6.0,1.0
3167,1.0,0.0,0.9549476,6.0,9.0,1.0
3168,1.0,2.0,0.05793166,4.0,2.0,6.0
3169,1.0,0.0,0.124890685,2.0,0.0,8.0
3170,3.0,0.0,0.91687286,6.0,7.0,7.0
3171,3.0,1.0,0.16369402,3.0,5.0,5.0
3172,7.0,0.0,0.9049051,1.0,8.0,2.0
3173,9.0,0.0,0.9318174,4.0,4.0,5.0
3174,4.0,1.0,0.052967668,3.0,7.0,1.0
3175,7.0,1.0,0.2858523,5.0,5.0,4.0
3176,1.0,3.0,0.45344448,1.0,2.0,4.0
3177,2.0,2.0,0.695737,7.0,9.0,4.0
3178,2.0,1.0,0.78936684,7.0,6.0,4.0
3179,0.0,2.0,0.43122566,4.0,7.0,4.0
3180,3.0,2.0,0.66162014,2.0,1.0,4.0
3181,4.0,0.0,0.43403375,2.0,1.0,1.0
3182,1.0,2.0,0.7374729,4.0,9.0,3.0
3183,3.0,0.0,0.75660825,3.0,7.0,3.0
3184,5.0,0.0,0.98486316,3.0,4.0,6.0
3185,7.0,1.0,0.09583092,4.0,0.0,1.0
3186,2.0,1.0,0.91757774,0.0,8.0,2.0
3187,2.0,2.0,0.35377836,0.0,5.0,2.0
3188,1.0,1.0,0.49671137,5.0,3.0,3.0
3189,8.0,0.0,0.2866677,8.0,0.0,4.0
3190,6.0,0.0,0.3016622,1.0,4.0,4.0
3191,2.0,2.0,0.86783636,3.0,9.0,5.0
3192,5.0,0.0,0.35847008,2.0,4.0,2.0
3193,4.0,1.0,0.23703444,9.0,2.0,1.0
3194,3.0,3.0,0.6729033,3.0,6.0,1.0
3195,2.0,2.0,0.49665582,7.0,6.0,4.0
3196,4.0,0.0,0.5260869,2.0,4.0,6.0
3197,5.0,0.0,0.4674046,4.0,1.0,4.0
3198,6.0,3.0,0.44571364,3.0,3.0,3.0
3199,0.0,0.0,0.38949442,5.0,1.0,0.0
3200,2.0,3.0,0.07622361,1.0,1.0,3.0
3201,1.0,0.0,0.52913415,7.0,5.0,9.0
3202,8.0,2.0,0.28845704,6.0,11.0,6.0
3203,4.0,0.0,0.90232956,2.0,7.0,7.0
3204,4.0,3.0,0.037710786,2.0,8.0,0.0
3205,2.0,0.0,0.35945404,7.0,8.0,6.0
3206,3.0,2.0,0.3490802,3.0,1.0,1.0
3207,2.0,2.0,0.45658827,4.0,6.0,6.0
3208,5.0,1.0,0.07640326,5.0,2.0,4.0
3209,5.0,0.0,0.121472955,2.0,4.0,2.0
3210,2.0,2.0,0.55454504,3.0,4.0,5.0
3211,1.0,2.0,0.086999536,4.0,1.0,5.0
3212,3.0,0.0,0.20807862,3.0,0.0,10.0
3213,3.0,3.0,0.39967906,6.0,7.0,7.0
3214,0.0,1.0,0.68435764,7.0,2.0,2.0
3215,2.0,0.0,0.5367876,6.0,5.0,5.0
3216,2.0,2.0,0.38872457,14.0,5.0,4.0
3217,2.0,2.0,0.22726655,5.0,3.0,1.0
3218,1.0,0.0,0.5225847,3.0,3.0,3.0
3219,1.0,2.0,0.019639134,5.0,1.0,3.0
3220,1.0,2.0,0.937428,3.0,8.0,3.0
3221,0.0,0.0,0.5931057,2.0,0.0,15.0
3222,2.0,1.0,0.0032448769,3.0,11.0,11.0
3223,3.0,2.0,0.9668838,8.0,5.0,4.0
3224,3.0,3.0,0.23608041,4.0,1.0,4.0
3225,3.0,1.0,0.5227432,3.0,2.0,0.0
3226,5.0,0.0,0.9842093,5.0,2.0,7.0
3227,5.0,3.0,0.091626406,2.0,0.0,6.0
3228,4.0,1.0,0.9317466,3.0,1.0,5.0
3229,3.0,2.0,0.18431962,8.0,3.0,4.0
3230,0.0,0.0,0.9477737,6.0,8.0,4.0
3231,4.0,0.0,0.9675735,6.0,1.0,10.0
3232,2.0,0.0,0.9554539,1.0,0.0,5.0
3233,2.0,1.0,0.8784553,6.0,3.0,1.0
3234,2.0,0.0,0.5762985,3.0,11.0,1.0
3235,1.0,0.0,0.6139451,3.0,3.0,1.0
3236,4.0,1.0,0.95845294,0.0,4.0,1.0
3237,2.0,2.0,0.24427176,11.0,0.0,4.0
3238,3.0,2.0,0.78466165,3.0,6.0,6.0
3239,3.0,1.0,0.7742921,3.0,2.0,3.0
3240,6.0,2.0,0.2262013,3.0,1.0,0.0
3241,0.0,2.0,0.7264029,4.0,2.0,5.0
3242,3.0,3.0,0.925712,3.0,2.0,7.0
3243,3.0,1.0,0.2039715,6.0,2.0,3.0
3244,6.0,1.0,0.72752774,5.0,2.0,2.0
3245,5.0,0.0,0.11138165,7.0,1.0,10.0
3246,0.0,0.0,0.28530836,8.0,9.0,3.0
3247,3.0,0.0,0.9500699,4.0,4.0,6.0
3248,7.0,3.0,0.16644108,6.0,5.0,15.0
3249,3.0,2.0,0.80743515,7.0,7.0,5.0
3250,4.0,3.0,0.29463828,2.0,13.0,2.0
3251,2.0,2.0,0.5241207,1.0,3.0,0.0
3252,2.0,0.0,0.7150732,4.0,4.0,6.0
3253,5.0,0.0,0.16065514,3.0,5.0,4.0
3254,1.0,1.0,0.13117337,6.0,6.0,7.0
3255,3.0,1.0,0.6937747,5.0,2.0,2.0
3256,0.0,2.0,0.10557234,6.0,1.0,12.0
3257,2.0,1.0,0.57409155,0.0,5.0,2.0
3258,3.0,0.0,0.99549043,4.0,0.0,0.0
3259,3.0,2.0,0.5919734,6.0,6.0,3.0
3260,3.0,0.0,0.28127193,3.0,0.0,7.0
3261,1.0,0.0,0.7784406,4.0,1.0,7.0
3262,4.0,0.0,0.77028,4.0,5.0,1.0
3263,1.0,0.0,0.031873345,5.0,1.0,6.0
3264,4.0,0.0,0.51401377,2.0,0.0,4.0
3265,1.0,1.0,0.40863574,1.0,3.0,8.0
3266,2.0,0.0,0.7535143,4.0,12.0,4.0
3267,2.0,2.0,0.51274836,5.0,1.0,1.0
3268,4.0,0.0,0.5601903,6.0,6.0,1.0
3269,5.0,1.0,0.0483346,3.0,5.0,13.0
3270,1.0,0.0,0.09509611,6.0,7.0,3.0
3271,3.0,2.0,0.5555496,2.0,3.0,1.0
3272,3.0,2.0,0.16509116,3.0,2.0,5.0
3273,4.0,2.0,0.0839324,2.0,6.0,4.0
3274,1.0,2.0,0.01197052,4.0,1.0,1.0
3275,1.0,2.0,0.11051178,2.0,2.0,5.0
3276,3.0,1.0,0.7746464,1.0,1.0,1.0
3277,1.0,0.0,0.6520581,3.0,1.0,3.0
3278,1.0,1.0,0.17645872,4.0,7.0,5.0
3279,2.0,3.0,0.08660364,2.0,0.0,2.0
3280,5.0,0.0,0.320315,3.0,12.0,5.0
3281,6.0,0.0,0.8294064,4.0,0.0,7.0
3282,0.0,0.0,0.34224272,1.0,5.0,6.0
3283,4.0,2.0,0.95311594,4.0,2.0,2.0
3284,3.0,3.0,0.63002205,4.0,3.0,2.0
3285,1.0,0.0,0.24262738,3.0,1.0,4.0
3286,0.0,1.0,0.6909956,6.0,4.0,1.0
3287,3.0,2.0,0.9801465,5.0,0.0,1.0
3288,2.0,3.0,0.7897061,5.0,4.0,5.0
3289,7.0,0.0,0.89101994,2.0,0.0,2.0
3290,4.0,1.0,0.7166579,3.0,7.0,3.0
3291,3.0,0.0,0.7373053,3.0,4.0,2.0
3292,2.0,0.0,0.5357455,3.0,12.0,1.0
3293,5.0,2.0,0.1392572,4.0,6.0,2.0
3294,4.0,2.0,0.23228085,6.0,2.0,4.0
3295,8.0,0.0,0.70700574,3.0,1.0,4.0
3296,3.0,0.0,0.58158207,9.0,1.0,9.0
3297,4.0,1.0,0.5231372,1.0,3.0,3.0
3298,0.0,2.0,0.84876704,3.0,3.0,1.0
3299,3.0,2.0,0.47862303,1.0,1.0,1.0
3300,1.0,3.0,0.30610037,2.0,12.0,7.0
3301,0.0,1.0,0.14591956,2.0,5.0,1.0
3302,4.0,3.0,0.56861734,3.0,5.0,1.0
3303,5.0,2.0,0.965433,1.0,0.0,4.0
3304,3.0,1.0,0.14474487,5.0,7.0,3.0
3305,0.0,1.0,0.051663995,1.0,10.0,1.0
3306,4.0,1.0,0.8666574,3.0,2.0,4.0
3307,2.0,2.0,0.72050667,5.0,9.0,3.0
3308,1.0,2.0,0.32076466,3.0,1.0,2.0
3309,3.0,0.0,0.1104275,2.0,8.0,5.0
3310,0.0,0.0,0.21518672,1.0,1.0,2.0
3311,2.0,2.0,0.87634754,6.0,0.0,3.0
3312,2.0,3.0,0.3638463,5.0,2.0,0.0
3313,3.0,2.0,0.6611781,7.0,7.0,6.0
3314,3.0,0.0,0.564235,3.0,0.0,4.0
3315,2.0,0.0,0.9181323,5.0,6.0,4.0
3316,6.0,0.0,0.9622357,6.0,6.0,6.0
3317,0.0,0.0,0.2258066,5.0,10.0,4.0
3318,4.0,1.0,0.082861066,2.0,18.0,1.0
3319,3.0,0.0,0.61985314,2.0,1.0,6.0
3320,1.0,2.0,0.49373102,3.0,4.0,5.0
3321,5.0,2.0,0.78331804,4.0,0.0,4.0
3322,6.0,1.0,0.69640017,5.0,2.0,1.0
3323,4.0,2.0,0.535262,4.0,3.0,3.0
3324,1.0,0.0,0.9961177,0.0,6.0,6.0
3325,3.0,0.0,0.27927005,3.0,5.0,0.0
3326,0.0,1.0,0.16484916,2.0,6.0,4.0
3327,0.0,0.0,0.20521295,1.0,3.0,6.0
3328,6.0,0.0,0.89531326,2.0,17.0,4.0
3329,5.0,0.0,0.30977297,3.0,3.0,4.0
3330,1.0,2.0,0.32358396,7.0,4.0,3.0
3331,3.0,1.0,0.33052576,3.0,3.0,6.0
3332,1.0,2.0,0.822561,3.0,1.0,3.0
3333,3.0,1.0,0.04823339,7.0,3.0,6.0
3334,2.0,2.0,0.17452228,2.0,2.0,7.0
3335,3.0,0.0,0.21510589,4.0,10.0,3.0
3336,3.0,2.0,0.8315022,3.0,4.0,7.0
3337,4.0,1.0,0.10338342,2.0,3.0,0.0
3338,1.0,1.0,0.12804854,6.0,1.0,3.0
3339,0.0,2.0,0.23452747,7.0,4.0,1.0
3340,2.0,0.0,0.11662567,6.0,1.0,3.0
3341,0.0,2.0,0.7426584,5.0,1.0,3.0
3342,2.0,0.0,0.55836654,2.0,0.0,1.0
3343,1.0,0.0,0.8122449,3.0,1.0,5.0
3344,4.0,0.0,0.5748763,2.0,6.0,0.0
3345,0.0,2.0,0.92899895,2.0,2.0,2.0
3346,2.0,2.0,0.13344145,3.0,4.0,4.0
3347,3.0,0.0,0.71689606,6.0,1.0,7.0
3348,7.0,0.0,0.7038102,3.0,1.0,4.0
3349,0.0,2.0,0.22752929,7.0,3.0,3.0
3350,5.0,0.0,0.84766984,4.0,9.0,3.0
3351,4.0,1.0,0.3845216,2.0,13.0,7.0
3352,1.0,0.0,0.9732599,5.0,4.0,7.0
3353,2.0,3.0,0.48409176,1.0,1.0,6.0
3354,6.0,1.0,0.5040386,5.0,4.0,0.0
3355,4.0,3.0,0.97721934,2.0,7.0,4.0
3356,1.0,0.0,0.3226831,1.0,1.0,4.0
3357,1.0,2.0,0.5972438,4.0,2.0,4.0
3358,3.0,0.0,0.737074,4.0,2.0,2.0
3359,2.0,3.0,0.31283104,2.0,4.0,3.0
3360,4.0,3.0,0.17794251,5.0,2.0,3.0
3361,3.0,1.0,0.9559846,4.0,0.0,9.0
3362,0.0,2.0,0.7741455,3.0,2.0,5.0
3363,7.0,0.0,0.53350604,1.0,3.0,7.0
3364,6.0,0.0,0.4920733,3.0,0.0,4.0
3365,4.0,0.0,0.758358,9.0,3.0,1.0
3366,1.0,2.0,0.1128099,4.0,4.0,2.0
3367,2.0,2.0,0.91392994,6.0,2.0,4.0
3368,3.0,0.0,0.058099747,3.0,0.0,3.0
3369,3.0,0.0,0.20275652,7.0,5.0,5.0
3370,2.0,2.0,0.89687157,7.0,4.0,3.0
3371,3.0,2.0,0.036728144,4.0,3.0,2.0
3372,3.0,0.0,0.4765488,2.0,3.0,3.0
3373,7.0,2.0,0.06497502,3.0,6.0,5.0
3374,3.0,0.0,0.6956192,3.0,7.0,3.0
3375,2.0,2.0,0.98402536,4.0,8.0,2.0
3376,4.0,1.0,0.056167483,3.0,1.0,4.0
3377,1.0,1.0,0.071876764,5.0,3.0,4.0
3378,1.0,0.0,0.113631845,0.0,5.0,5.0
3379,5.0,1.0,0.3908062,10.0,1.0,3.0
3380,2.0,3.0,0.30066502,7.0,0.0,5.0
3381,0.0,2.0,0.33216548,3.0,19.0,1.0
3382,6.0,2.0,0.66442466,3.0,8.0,2.0
3383,0.0,2.0,0.87105703,3.0,6.0,7.0
3384,2.0,1.0,0.70630693,8.0,11.0,5.0
3385,3.0,2.0,0.9071957,7.0,9.0,2.0
3386,4.0,0.0,0.4078982,5.0,7.0,3.0
3387,3.0,3.0,0.7555144,3.0,2.0,7.0
3388,4.0,0.0,0.9873351,6.0,1.0,7.0
3389,4.0,2.0,0.40910757,6.0,0.0,5.0
3390,7.0,2.0,0.88231826,6.0,3.0,5.0
3391,3.0,2.0,0.28888285,2.0,1.0,3.0
3392,2.0,3.0,0.17155421,2.0,6.0,2.0
3393,4.0,0.0,0.105713844,8.0,3.0,4.0
3394,3.0,0.0,0.7303425,8.0,3.0,7.0
3395,3.0,0.0,0.12335122,3.0,6.0,3.0
3396,1.0,2.0,0.9478375,5.0,6.0,6.0
3397,3.0,0.0,0.42893374,4.0,1.0,1.0
3398,4.0,0.0,0.5126686,1.0,1.0,3.0
3399,1.0,0.0,0.10277438,2.0,2.0,0.0
3400,3.0,2.0,0.10947657,4.0,1.0,1.0
3401,6.0,2.0,0.12775695,1.0,4.0,3.0
3402,4.0,0.0,0.024901628,5.0,7.0,5.0
3403,3.0,0.0,0.721184,5.0,6.0,3.0
3404,1.0,1.0,0.08693218,2.0,4.0,2.0
3405,3.0,0.0,0.5912224,2.0,4.0,3.0
3406,2.0,0.0,0.14309311,2.0,1.0,3.0
3407,0.0,2.0,0.6366613,2.0,2.0,1.0
3408,7.0,0.0,0.11902702,2.0,7.0,14.0
3409,3.0,2.0,0.4546845,2.0,3.0,3.0
3410,3.0,2.0,0.26258576,3.0,9.0,3.0
3411,4.0,0.0,0.9360434,2.0,0.0,7.0
3412,2.0,0.0,0.559222,2.0,2.0,6.0
3413,3.0,3.0,0.30528045,7.0,3.0,8.0
3414,2.0,3.0,0.065377355,4.0,5.0,8.0
3415,3.0,2.0,0.91121686,2.0,14.0,8.0
3416,4.0,0.0,0.35025835,2.0,2.0,3.0
3417,5.0,0.0,0.5560305,3.0,2.0,5.0
3418,3.0,0.0,0.049948215,6.0,0.0,0.0
3419,5.0,2.0,0.27400577,5.0,4.0,0.0
3420,3.0,0.0,0.7127048,5.0,3.0,5.0
3421,3.0,0.0,0.059004307,3.0,3.0,4.0
3422,7.0,0.0,0.022881985,0.0,4.0,3.0
3423,2.0,0.0,0.6803578,4.0,6.0,1.0
3424,3.0,2.0,0.470528,5.0,5.0,7.0
3425,2.0,0.0,0.01658678,4.0,9.0,5.0
3426,3.0,3.0,0.517354,5.0,2.0,3.0
3427,1.0,0.0,0.926839,6.0,9.0,3.0
3428,4.0,0.0,0.60200655,2.0,10.0,7.0
3429,2.0,3.0,0.5780021,3.0,2.0,2.0
3430,1.0,0.0,0.38424706,3.0,2.0,3.0
3431,2.0,1.0,0.56878614,2.0,3.0,8.0
3432,0.0,1.0,0.26393127,3.0,1.0,0.0
3433,1.0,3.0,0.9735826,3.0,0.0,8.0
3434,5.0,0.0,0.6759709,2.0,3.0,3.0
3435,2.0,1.0,0.0582124,2.0,5.0,5.0
3436,5.0,2.0,0.99832094,6.0,2.0,5.0
3437,6.0,2.0,0.03696084,7.0,5.0,1.0
3438,2.0,0.0,0.3463564,0.0,2.0,5.0
3439,1.0,2.0,0.30664003,4.0,0.0,6.0
3440,1.0,0.0,0.8477123,3.0,11.0,4.0
3441,1.0,0.0,0.55120146,2.0,1.0,5.0
3442,1.0,1.0,0.59638536,4.0,8.0,0.0
3443,0.0,0.0,0.11912775,6.0,3.0,8.0
3444,1.0,0.0,0.09617245,4.0,0.0,2.0
3445,2.0,0.0,0.38118613,3.0,3.0,5.0
3446,1.0,0.0,0.24691594,8.0,3.0,8.0
3447,7.0,0.0,0.3140726,4.0,6.0,10.0
3448,3.0,2.0,0.8695117,5.0,1.0,3.0
3449,1.0,0.0,0.74962604,6.0,2.0,2.0
3450,1.0,2.0,0.5988035,3.0,0.0,5.0
3451,2.0,1.0,0.37129033,2.0,3.0,3.0
3452,3.0,1.0,0.1532619,4.0,1.0,1.0
3453,3.0,3.0,0.7660377,5.0,2.0,6.0
3454,2.0,3.0,0.034839034,6.0,1.0,3.0
3455,4.0,2.0,0.11344397,4.0,1.0,9.0
3456,0.0,0.0,0.65307736,4.0,4.0,0.0
3457,1.0,0.0,0.43544948,5.0,0.0,4.0
3458,4.0,1.0,0.15552604,10.0,5.0,6.0
3459,2.0,2.0,0.6730859,8.0,5.0,3.0
3460,2.0,2.0,0.46107328,4.0,4.0,4.0
3461,2.0,3.0,0.922686,2.0,1.0,5.0
3462,4.0,2.0,0.00661397,1.0,4.0,3.0
3463,6.0,3.0,0.61471355,3.0,3.0,2.0
3464,0.0,0.0,0.53450906,2.0,6.0,8.0
3465,3.0,2.0,0.72220194,5.0,8.0,3.0
3466,3.0,0.0,0.66565347,1.0,2.0,6.0
3467,5.0,2.0,0.119733214,3.0,5.0,5.0
3468,3.0,3.0,0.84631217,8.0,4.0,15.0
3469,2.0,2.0,0.015006661,2.0,3.0,8.0
3470,2.0,2.0,0.24407887,7.0,3.0,4.0
3471,9.0,2.0,0.2943858,5.0,1.0,3.0
3472,2.0,2.0,0.8161851,2.0,7.0,3.0
3473,6.0,2.0,0.93966544,2.0,1.0,2.0
3474,5.0,0.0,0.1834346,4.0,5.0,12.0
3475,4.0,0.0,0.7709789,5.0,4.0,7.0
3476,2.0,0.0,0.9263104,5.0,16.0,4.0
3477,8.0,1.0,0.3747729,1.0,10.0,2.0
3478,5.0,0.0,0.6494281,3.0,5.0,1.0
3479,4.0,3.0,0.5869156,4.0,1.0,3.0
3480,3.0,3.0,0.065354705,3.0,1.0,2.0
3481,3.0,0.0,0.6460693,6.0,3.0,5.0
3482,2.0,1.0,0.81567526,5.0,8.0,4.0
3483,2.0,1.0,0.00024104118,0.0,5.0,0.0
3484,2.0,3.0,0.84838533,5.0,0.0,5.0
3485,5.0,1.0,0.107274055,2.0,1.0,5.0
3486,2.0,2.0,0.9559504,1.0,7.0,5.0
3487,6.0,0.0,0.9408169,3.0,0.0,0.0
3488,1.0,1.0,0.84548783,9.0,3.0,17.0
3489,6.0,3.0,0.44179845,3.0,5.0,5.0
3490,8.0,0.0,0.5478569,5.0,4.0,3.0
3491,1.0,2.0,0.11841941,4.0,0.0,9.0
3492,5.0,0.0,0.55117285,6.0,2.0,4.0
3493,0.0,2.0,0.07353735,2.0,5.0,4.0
3494,2.0,0.0,0.35370517,3.0,0.0,4.0
3495,2.0,2.0,0.25801516,4.0,2.0,6.0
3496,8.0,2.0,0.5621791,7.0,2.0,3.0
3497,0.0,1.0,0.82567716,3.0,1.0,3.0
3498,1.0,2.0,0.43133497,5.0,1.0,9.0
3499,5.0,0.0,0.031588554,5.0,3.0,1.0
3500,2.0,1.0,0.1457355,2.0,2.0,3.0
3501,0.0,1.0,0.8525599,0.0,1.0,7.0
3502,4.0,2.0,0.23225975,3.0,0.0,1.0
3503,3.0,0.0,0.5388216,4.0,3.0,7.0
3504,5.0,1.0,0.47921336,3.0,1.0,3.0
3505,5.0,1.0,0.59780085,4.0,0.0,11.0
3506,2.0,2.0,0.50302327,8.0,2.0,5.0
3507,4.0,2.0,0.55876756,3.0,2.0,7.0
3508,3.0,0.0,0.47900748,8.0,5.0,5.0
3509,3.0,3.0,0.7286782,2.0,5.0,0.0
3510,2.0,1.0,0.24797261,4.0,1.0,3.0
3511,5.0,0.0,0.68847406,3.0,7.0,2.0
3512,7.0,2.0,0.044862986,6.0,14.0,3.0
3513,1.0,0.0,0.94837487,2.0,8.0,7.0
3514,5.0,0.0,0.7529049,3.0,12.0,2.0
3515,2.0,0.0,0.00023043156,6.0,7.0,7.0
3516,2.0,1.0,0.5675435,5.0,9.0,1.0
3517,0.0,2.0,0.03189802,1.0,1.0,3.0
3518,6.0,1.0,0.6400517,2.0,6.0,5.0
3519,4.0,2.0,0.14956236,4.0,5.0,6.0
3520,1.0,2.0,0.37899172,0.0,1.0,6.0
3521,0.0,0.0,0.4437964,7.0,8.0,7.0
3522,5.0,3.0,0.32759118,5.0,10.0,3.0
3523,3.0,0.0,0.6736313,6.0,2.0,4.0
3524,1.0,0.0,0.90763175,5.0,8.0,4.0
3525,4.0,0.0,0.57824314,2.0,0.0,4.0
3526,1.0,2.0,0.83689785,4.0,2.0,1.0
3527,4.0,3.0,0.71681964,2.0,2.0,4.0
3528,3.0,1.0,0.8559438,4.0,0.0,12.0
3529,1.0,2.0,0.22726548,8.0,2.0,7.0
3530,2.0,2.0,0.5389451,4.0,1.0,5.0
3531,3.0,1.0,0.07419038,6.0,1.0,2.0
3532,5.0,0.0,0.47582257,8.0,0.0,6.0
3533,4.0,2.0,0.9684081,3.0,9.0,1.0
3534,3.0,0.0,0.2918253,2.0,0.0,9.0
3535,2.0,0.0,0.8752192,3.0,3.0,1.0
3536,5.0,1.0,0.3769554,7.0,1.0,2.0
3537,1.0,0.0,0.53126264,4.0,0.0,5.0
3538,3.0,0.0,0.5072074,1.0,2.0,6.0
3539,1.0,2.0,0.6517726,2.0,8.0,5.0
3540,2.0,0.0,0.8974147,5.0,2.0,2.0
3541,1.0,0.0,0.20656395,2.0,6.0,1.0
3542,5.0,0.0,0.70132935,3.0,8.0,8.0
3543,3.0,2.0,0.45332217,1.0,0.0,3.0
3544,4.0,0.0,0.90752757,3.0,1.0,1.0
3545,4.0,0.0,0.93850076,7.0,5.0,1.0
3546,8.0,0.0,0.4103824,3.0,6.0,4.0
3547,2.0,0.0,0.18211365,6.0,0.0,11.0
3548,4.0,1.0,0.3562194,1.0,6.0,7.0
3549,5.0,0.0,0.77213514,1.0,19.0,0.0
3550,5.0,1.0,0.34673142,7.0,2.0,1.0
3551,3.0,2.0,0.8627956,3.0,2.0,5.0
3552,2.0,2.0,0.230052,7.0,8.0,0.0
3553,8.0,2.0,0.6997886,3.0,5.0,2.0
3554,5.0,1.0,0.7708851,4.0,9.0,0.0
3555,2.0,1.0,0.24697006,2.0,1.0,5.0
3556,0.0,1.0,0.23675287,3.0,10.0,1.0
3557,4.0,2.0,0.3090397,4.0,13.0,6.0
3558,1.0,0.0,0.03077674,5.0,5.0,5.0
3559,0.0,2.0,0.99604213,4.0,2.0,2.0
3560,4.0,2.0,0.4455037,3.0,6.0,3.0
3561,3.0,2.0,0.46355295,7.0,1.0,2.0
3562,4.0,1.0,0.50909245,4.0,2.0,5.0
3563,1.0,2.0,0.32152963,4.0,1.0,3.0
3564,0.0,2.0,0.057985187,3.0,4.0,3.0
3565,2.0,0.0,0.6743468,1.0,2.0,5.0
3566,3.0,2.0,0.3259089,9.0,2.0,3.0
3567,2.0,0.0,0.5098027,4.0,2.0,6.0
3568,5.0,0.0,0.9415065,6.0,1.0,1.0
3569,3.0,2.0,0.4270383,5.0,0.0,1.0
3570,2.0,2.0,0.526922,2.0,9.0,3.0
3571,6.0,0.0,0.19773507,5.0,6.0,8.0
3572,5.0,0.0,0.24886763,7.0,6.0,0.0
3573,2.0,0.0,0.67766356,2.0,0.0,3.0
3574,2.0,0.0,0.42824268,3.0,4.0,4.0
3575,0.0,2.0,0.5980288,1.0,4.0,8.0
3576,1.0,3.0,0.4413836,0.0,0.0,1.0
3577,1.0,2.0,0.9157156,5.0,8.0,2.0
3578,7.0,0.0,0.9931483,7.0,3.0,7.0
3579,6.0,0.0,0.17262506,1.0,4.0,3.0
3580,1.0,2.0,0.19898868,4.0,6.0,0.0
3581,2.0,3.0,0.79944944,5.0,8.0,2.0
3582,2.0,0.0,0.79355025,3.0,3.0,5.0
3583,5.0,0.0,0.235798,7.0,2.0,9.0
3584,4.0,2.0,0.09800434,2.0,9.0,2.0
3585,3.0,2.0,0.71088076,2.0,1.0,5.0
3586,2.0,1.0,0.9673152,3.0,2.0,6.0
3587,0.0,2.0,0.018958092,3.0,3.0,13.0
3588,5.0,0.0,0.3099656,7.0,4.0,6.0
3589,5.0,2.0,0.81574714,6.0,2.0,6.0
3590,1.0,0.0,0.6565038,3.0,6.0,1.0
3591,1.0,1.0,0.04355645,4.0,12.0,0.0
3592,3.0,0.0,0.31125057,7.0,3.0,7.0
3593,3.0,0.0,0.6449287,2.0,0.0,3.0
3594,2.0,1.0,0.032325864,3.0,0.0,3.0
3595,2.0,2.0,0.3720163,5.0,8.0,6.0
3596,3.0,0.0,0.20592546,4.0,7.0,4.0
3597,1.0,3.0,0.14328098,4.0,2.0,10.0
3598,2.0,2.0,0.23022556,4.0,0.0,0.0
3599,4.0,0.0,0.23782659,1.0,3.0,2.0
3600,4.0,3.0,0.7250893,6.0,7.0,4.0
3601,3.0,1.0,0.25635839,2.0,2.0,4.0
3602,5.0,0.0,0.30045986,7.0,11.0,4.0
3603,2.0,3.0,0.20762384,2.0,1.0,1.0
3604,3.0,3.0,0.69503045,4.0,4.0,1.0
3605,4.0,2.0,0.6320939,5.0,2.0,2.0
3606,1.0,1.0,0.55263495,2.0,2.0,7.0
3607,1.0,0.0,0.68336475,4.0,2.0,9.0
3608,2.0,2.0,0.30533063,1.0,1.0,2.0
3609,1.0,2.0,0.8941755,3.0,12.0,3.0
3610,4.0,0.0,0.5644201,4.0,4.0,2.0
3611,3.0,2.0,0.39169335,3.0,4.0,1.0
3612,6.0,0.0,0.8232883,3.0,3.0,3.0
3613,2.0,3.0,0.06838703,5.0,10.0,2.0
3614,0.0,0.0,0.24600565,4.0,1.0,4.0
3615,7.0,0.0,0.50748456,3.0,7.0,1.0
3616,2.0,2.0,0.645664,1.0,1.0,7.0
3617,3.0,0.0,0.8529707,4.0,6.0,3.0
3618,2.0,0.0,0.7378535,3.0,1.0,5.0
3619,1.0,0.0,0.2655015,6.0,8.0,10.0
3620,1.0,0.0,0.37206244,3.0,3.0,0.0
3621,5.0,0.0,0.55963254,3.0,9.0,3.0
3622,3.0,0.0,0.5162499,3.0,0.0,6.0
3623,3.0,1.0,0.7841095,3.0,9.0,5.0
3624,3.0,0.0,0.31344223,4.0,3.0,6.0
3625,4.0,2.0,0.41694093,4.0,7.0,2.0
3626,2.0,2.0,0.53305626,4.0,1.0,1.0
3627,4.0,2.0,0.5795542,1.0,0.0,5.0
3628,1.0,0.0,0.28595662,2.0,5.0,2.0
3629,1.0,1.0,0.20443428,2.0,5.0,7.0
3630,3.0,3.0,0.9445015,8.0,3.0,0.0
3631,3.0,2.0,0.23294997,6.0,1.0,1.0
3632,3.0,0.0,0.6030314,4.0,2.0,3.0
3633,3.0,0.0,0.96667624,6.0,0.0,8.0
3634,1.0,2.0,0.5492716,10.0,7.0,4.0
3635,5.0,2.0,0.6415652,5.0,6.0,9.0
3636,7.0,2.0,0.5250051,3.0,0.0,1.0
3637,1.0,2.0,0.7602372,3.0,8.0,5.0
3638,2.0,0.0,0.4858296,4.0,3.0,3.0
3639,3.0,3.0,0.5705224,2.0,4.0,12.0
3640,1.0,0.0,0.95466113,5.0,3.0,1.0
3641,4.0,1.0,0.008146167,5.0,0.0,6.0
3642,5.0,0.0,0.5456885,4.0,4.0,4.0
3643,3.0,3.0,0.90853107,3.0,4.0,3.0
3644,3.0,2.0,0.5091692,4.0,4.0,6.0
3645,2.0,1.0,0.055497766,4.0,3.0,6.0
3646,2.0,2.0,0.6829474,4.0,5.0,3.0
3647,3.0,0.0,0.94672585,4.0,2.0,3.0
3648,3.0,0.0,0.11491346,3.0,6.0,5.0
3649,2.0,0.0,0.63954675,4.0,1.0,12.0
3650,6.0,1.0,0.46944046,2.0,2.0,6.0
3651,2.0,0.0,0.38488674,2.0,3.0,3.0
3652,3.0,0.0,0.39898622,4.0,2.0,7.0
3653,7.0,0.0,0.19596183,3.0,4.0,13.0
3654,2.0,2.0,0.4017334,4.0,11.0,0.0
3655,4.0,1.0,0.95526636,3.0,0.0,2.0
3656,5.0,1.0,0.3709004,4.0,7.0,1.0
3657,2.0,1.0,0.37405944,3.0,1.0,3.0
3658,0.0,2.0,0.7710761,6.0,0.0,3.0
3659,1.0,1.0,0.19151068,4.0,1.0,5.0
3660,0.0,2.0,0.3978237,9.0,3.0,3.0
3661,4.0,0.0,0.7386941,1.0,6.0,3.0
3662,6.0,2.0,0.18080115,3.0,3.0,4.0
3663,8.0,2.0,0.06822777,3.0,0.0,6.0
3664,0.0,3.0,0.18510163,6.0,1.0,3.0
3665,4.0,0.0,0.5295701,4.0,2.0,4.0
3666,1.0,0.0,0.37203097,3.0,0.0,6.0
3667,0.0,1.0,0.97834766,2.0,5.0,1.0
3668,1.0,1.0,0.068603516,3.0,3.0,5.0
3669,5.0,1.0,0.40930867,5.0,2.0,4.0
3670,5.0,2.0,0.58886755,7.0,4.0,4.0
3671,3.0,2.0,0.86991036,4.0,3.0,2.0
3672,2.0,2.0,0.51287866,4.0,2.0,6.0
3673,4.0,1.0,0.7806449,1.0,2.0,6.0
3674,3.0,2.0,0.5893582,9.0,1.0,3.0
3675,5.0,0.0,0.7335292,5.0,1.0,2.0
3676,0.0,0.0,0.5719991,1.0,7.0,4.0
3677,0.0,0.0,0.71798766,2.0,0.0,1.0
3678,2.0,1.0,0.13229203,5.0,9.0,4.0
3679,4.0,3.0,0.5671816,4.0,0.0,2.0
3680,3.0,3.0,0.047233343,6.0,4.0,4.0
3681,3.0,3.0,0.29160738,5.0,2.0,1.0
3682,0.0,0.0,0.03690958,3.0,1.0,12.0
3683,2.0,0.0,0.19264317,4.0,1.0,4.0
3684,5.0,1.0,0.32015634,2.0,12.0,3.0
3685,5.0,0.0,0.94321,5.0,6.0,3.0
3686,6.0,2.0,0.1828444,1.0,5.0,5.0
3687,0.0,0.0,0.3599577,7.0,12.0,1.0
3688,3.0,0.0,0.31774104,5.0,4.0,3.0
3689,3.0,1.0,0.6580658,4.0,0.0,3.0
3690,9.0,0.0,0.621348,6.0,7.0,5.0
3691,1.0,3.0,0.76569617,2.0,1.0,4.0
3692,5.0,2.0,0.77208614,3.0,1.0,4.0
3693,4.0,2.0,0.39625394,3.0,5.0,6.0
3694,1.0,0.0,0.43522084,3.0,13.0,3.0
3695,3.0,1.0,0.4606744,1.0,4.0,2.0
3696,2.0,2.0,0.050219774,3.0,1.0,2.0
3697,4.0,1.0,0.09237623,6.0,3.0,2.0
3698,2.0,1.0,0.5584831,2.0,2.0,10.0
3699,4.0,3.0,0.8007395,7.0,9.0,3.0
3700,3.0,1.0,0.1707176,5.0,6.0,0.0
3701,3.0,1.0,0.31323993,3.0,4.0,4.0
3702,2.0,1.0,0.888623,2.0,6.0,5.0
3703,2.0,2.0,0.97533107,7.0,5.0,1.0
3704,0.0,2.0,0.13451803,3.0,2.0,3.0
3705,2.0,2.0,0.897423,4.0,14.0,6.0
3706,2.0,0.0,0.32116377,2.0,4.0,1.0
3707,0.0,3.0,0.16494465,3.0,8.0,7.0
3708,4.0,2.0,0.9761617,5.0,1.0,1.0
3709,3.0,2.0,0.23828316,2.0,1.0,1.0
3710,9.0,2.0,0.33292556,2.0,4.0,13.0
3711,3.0,1.0,0.3421582,3.0,0.0,5.0
3712,2.0,3.0,0.76606655,4.0,1.0,2.0
3713,2.0,2.0,0.15919459,3.0,1.0,0.0
3714,2.0,0.0,0.9921931,4.0,5.0,4.0
3715,2.0,1.0,0.38332474,3.0,2.0,4.0
3716,2.0,2.0,0.5392611,4.0,6.0,3.0
3717,4.0,3.0,0.2994976,4.0,2.0,2.0
3718,2.0,1.0,0.08788192,2.0,17.0,1.0
3719,1.0,0.0,0.42123997,2.0,4.0,2.0
3720,3.0,0.0,0.84731984,4.0,5.0,1.0
3721,2.0,0.0,0.8867341,4.0,2.0,3.0
3722,5.0,0.0,0.85905206,2.0,1.0,1.0
3723,5.0,0.0,0.20232236,2.0,2.0,4.0
3724,1.0,0.0,0.20600486,7.0,1.0,6.0
3725,4.0,0.0,0.2854668,2.0,3.0,9.0
3726,2.0,0.0,0.9917847,9.0,0.0,6.0
3727,3.0,2.0,0.45058632,8.0,0.0,11.0
3728,2.0,0.0,0.67122185,1.0,4.0,2.0
3729,2.0,0.0,0.05400288,2.0,6.0,4.0
3730,3.0,0.0,0.77077615,4.0,1.0,0.0
3731,5.0,2.0,0.50758207,10.0,2.0,2.0
3732,4.0,0.0,0.24067044,6.0,4.0,1.0
3733,1.0,1.0,0.5092248,4.0,2.0,5.0
3734,11.0,3.0,0.9716382,2.0,1.0,1.0
3735,1.0,2.0,0.8214116,3.0,0.0,4.0
3736,2.0,2.0,0.9282676,2.0,1.0,2.0
3737,5.0,0.0,0.27030694,2.0,3.0,5.0
3738,2.0,2.0,0.49456167,3.0,1.0,2.0
3739,2.0,0.0,0.34191346,1.0,2.0,2.0
3740,0.0,0.0,0.11408365,2.0,7.0,4.0
3741,1.0,0.0,0.49388075,3.0,5.0,5.0
3742,7.0,1.0,0.3771056,1.0,6.0,6.0
3743,3.0,0.0,0.71782637,3.0,4.0,5.0
3744,5.0,1.0,0.25047088,4.0,1.0,1.0
3745,2.0,2.0,0.5532354,1.0,3.0,6.0
3746,1.0,2.0,0.962728,3.0,3.0,3.0
3747,3.0,0.0,0.39151,6.0,0.0,14.0
3748,2.0,2.0,0.14068878,5.0,5.0,4.0
3749,3.0,1.0,0.33624935,4.0,1.0,2.0
3750,1.0,2.0,0.7579982,5.0,5.0,6.0
3751,5.0,2.0,0.9276713,3.0,8.0,2.0
3752,3.0,1.0,0.08225644,6.0,3.0,1.0
3753,6.0,3.0,0.30110633,5.0,2.0,2.0
3754,3.0,2.0,0.25586355,4.0,4.0,4.0
3755,4.0,3.0,0.18169129,8.0,2.0,4.0
3756,0.0,0.0,0.47781372,4.0,6.0,4.0
3757,0.0,0.0,0.13008595,1.0,4.0,5.0
3758,1.0,0.0,0.09048152,3.0,5.0,3.0
3759,2.0,1.0,0.82393384,3.0,1.0,12.0
3760,2.0,0.0,0.77954113,4.0,0.0,8.0
3761,3.0,0.0,0.6188761,4.0,10.0,3.0
3762,3.0,1.0,0.10102379,1.0,2.0,4.0
3763,2.0,1.0,0.6589501,5.0,5.0,3.0
3764,2.0,0.0,0.3202145,7.0,5.0,5.0
3765,0.0,0.0,0.7498596,8.0,10.0,4.0
3766,2.0,2.0,0.7153007,3.0,7.0,11.0
3767,1.0,0.0,0.9342226,6.0,4.0,2.0
3768,5.0,0.0,0.5981071,2.0,11.0,2.0
3769,6.0,0.0,0.98761034,2.0,3.0,3.0
3770,1.0,0.0,0.86077607,8.0,5.0,4.0
3771,0.0,2.0,0.99900544,5.0,1.0,5.0
3772,2.0,2.0,0.593559,2.0,3.0,10.0
3773,2.0,0.0,0.31625342,1.0,4.0,6.0
3774,3.0,0.0,0.67713666,4.0,10.0,0.0
3775,3.0,3.0,0.8550111,4.0,3.0,2.0
3776,3.0,2.0,0.83210146,3.0,3.0,4.0
3777,0.0,0.0,0.5921296,4.0,5.0,2.0
3778,0.0,0.0,0.5828302,4.0,1.0,2.0
3779,1.0,3.0,0.47134995,6.0,2.0,5.0
3780,2.0,0.0,0.37262285,4.0,5.0,0.0
3781,3.0,0.0,0.6080606,3.0,0.0,6.0
3782,2.0,2.0,0.29455757,3.0,9.0,4.0
3783,3.0,2.0,0.3954655,2.0,0.0,2.0
3784,1.0,2.0,0.371199,2.0,2.0,2.0
3785,1.0,0.0,0.38423932,12.0,0.0,1.0
3786,2.0,0.0,0.07047176,5.0,0.0,4.0
3787,6.0,1.0,0.24705565,4.0,2.0,2.0
3788,2.0,0.0,0.8412285,4.0,0.0,11.0
3789,1.0,0.0,0.17391014,3.0,2.0,5.0
3790,4.0,1.0,0.45658588,8.0,0.0,2.0
3791,4.0,2.0,0.38982594,1.0,1.0,2.0
3792,4.0,3.0,0.91649663,2.0,4.0,4.0
3793,2.0,0.0,0.07256472,1.0,2.0,3.0
3794,6.0,3.0,0.2079997,5.0,0.0,0.0
3795,2.0,0.0,0.14076972,3.0,5.0,4.0
3796,1.0,2.0,0.75748706,4.0,3.0,7.0
3797,9.0,0.0,0.14675725,1.0,8.0,1.0
3798,1.0,1.0,0.5941746,4.0,2.0,7.0
3799,1.0,2.0,0.46542537,2.0,3.0,2.0
3800,2.0,2.0,0.7154747,4.0,2.0,2.0
3801,3.0,0.0,0.12258935,4.0,4.0,5.0
3802,4.0,0.0,0.23779655,3.0,2.0,6.0
3803,2.0,1.0,0.57525635,5.0,5.0,5.0
3804,1.0,1.0,0.93948424,4.0,7.0,4.0
3805,2.0,0.0,0.46417296,4.0,0.0,1.0
3806,5.0,2.0,0.32628548,2.0,0.0,1.0
3807,6.0,2.0,0.6029947,4.0,11.0,0.0
3808,4.0,0.0,0.031082273,5.0,11.0,1.0
3809,3.0,2.0,0.23080564,9.0,10.0,11.0
3810,4.0,2.0,0.99803793,4.0,4.0,7.0
3811,2.0,1.0,0.64283705,9.0,14.0,5.0
3812,0.0,0.0,0.16490448,2.0,5.0,0.0
3813,3.0,0.0,0.44796228,5.0,2.0,0.0
3814,3.0,0.0,0.67669797,5.0,11.0,8.0
3815,2.0,0.0,0.79308593,2.0,1.0,5.0
3816,1.0,1.0,0.26722896,0.0,7.0,5.0
3817,2.0,2.0,0.09757352,4.0,7.0,0.0
3818,1.0,0.0,0.9178461,6.0,4.0,4.0
3819,2.0,0.0,0.2755257,3.0,7.0,2.0
3820,5.0,2.0,0.5854547,4.0,4.0,5.0
3821,5.0,0.0,0.5176313,8.0,5.0,4.0
3822,2.0,2.0,0.33201563,2.0,4.0,1.0
3823,3.0,0.0,0.6437353,6.0,3.0,6.0
3824,7.0,0.0,0.38589346,6.0,18.0,2.0
3825,3.0,0.0,0.69873095,3.0,4.0,2.0
3826,3.0,2.0,0.093261,4.0,2.0,4.0
3827,6.0,2.0,0.45080435,6.0,2.0,8.0
3828,4.0,0.0,0.36190414,3.0,6.0,5.0
3829,1.0,0.0,0.6174022,8.0,1.0,2.0
3830,1.0,1.0,0.29121864,4.0,2.0,2.0
3831,3.0,0.0,0.27712882,2.0,1.0,3.0
3832,2.0,3.0,0.015416622,5.0,9.0,3.0
3833,2.0,2.0,0.69293594,6.0,4.0,7.0
3834,2.0,1.0,0.20000875,3.0,6.0,3.0
3835,3.0,2.0,0.61368763,5.0,14.0,2.0
3836,2.0,2.0,0.06559932,6.0,3.0,2.0
3837,2.0,0.0,0.9485259,2.0,3.0,3.0
3838,2.0,1.0,0.57299864,5.0,3.0,5.0
3839,4.0,0.0,0.2896061,3.0,6.0,5.0
3840,2.0,2.0,0.5621438,3.0,1.0,4.0
3841,0.0,0.0,0.4456092,3.0,0.0,3.0
3842,2.0,0.0,0.4934796,4.0,7.0,1.0
3843,3.0,2.0,0.22894192,2.0,1.0,2.0
3844,3.0,2.0,0.011080623,3.0,1.0,0.0
3845,4.0,0.0,0.01579845,4.0,3.0,2.0
3846,1.0,2.0,0.066673875,2.0,12.0,6.0
3847,5.0,1.0,0.36146212,3.0,3.0,1.0
3848,4.0,2.0,0.7252976,3.0,4.0,4.0
3849,1.0,0.0,0.12792861,0.0,0.0,3.0
3850,6.0,3.0,0.46749246,5.0,4.0,1.0
3851,2.0,2.0,0.18988776,6.0,3.0,3.0
3852,2.0,2.0,0.25626528,5.0,11.0,4.0
3853,1.0,1.0,0.42454374,6.0,6.0,5.0
3854,5.0,1.0,0.07553363,5.0,1.0,1.0
3855,2.0,2.0,0.7510818,2.0,4.0,6.0
3856,4.0,2.0,0.33402944,3.0,2.0,12.0
3857,2.0,0.0,0.4585942,5.0,5.0,9.0
3858,2.0,1.0,0.81150174,6.0,18.0,3.0
3859,3.0,0.0,0.19031179,4.0,10.0,3.0
3860,4.0,2.0,0.5613148,3.0,3.0,3.0
3861,5.0,0.0,0.050750136,4.0,5.0,2.0
3862,2.0,2.0,0.11822021,4.0,2.0,0.0
3863,7.0,0.0,0.40226567,4.0,11.0,8.0
3864,0.0,0.0,0.037292957,2.0,1.0,5.0
3865,8.0,1.0,0.26605392,1.0,2.0,5.0
3866,2.0,2.0,0.9737663,7.0,1.0,6.0
3867,1.0,1.0,0.6009226,7.0,8.0,3.0
3868,2.0,1.0,0.97341156,2.0,1.0,4.0
3869,3.0,0.0,0.41263282,0.0,0.0,4.0
3870,0.0,2.0,0.5583223,5.0,3.0,3.0
3871,3.0,0.0,0.54592705,4.0,9.0,0.0
3872,3.0,3.0,0.730245,5.0,2.0,6.0
3873,5.0,3.0,0.6147797,4.0,5.0,3.0
3874,1.0,0.0,0.080420494,6.0,2.0,6.0
3875,2.0,3.0,0.14249575,5.0,6.0,11.0
3876,6.0,2.0,0.17867708,7.0,1.0,8.0
3877,3.0,0.0,0.3640355,4.0,2.0,1.0
3878,2.0,1.0,0.380309,5.0,1.0,3.0
3879,1.0,0.0,0.50521266,1.0,7.0,4.0
3880,0.0,2.0,0.7693137,5.0,2.0,8.0
3881,1.0,0.0,0.7141472,1.0,10.0,9.0
3882,0.0,2.0,0.14946508,0.0,0.0,2.0
3883,2.0,1.0,0.5566963,3.0,4.0,5.0
3884,1.0,1.0,0.96589804,4.0,4.0,6.0
3885,3.0,1.0,0.17452347,5.0,1.0,2.0
3886,4.0,1.0,0.08528745,2.0,2.0,4.0
3887,7.0,2.0,0.66756785,4.0,6.0,4.0
3888,7.0,0.0,0.2173537,7.0,0.0,4.0
3889,5.0,0.0,0.8384242,1.0,0.0,13.0
3890,4.0,0.0,0.9426358,4.0,5.0,4.0
3891,1.0,2.0,0.42681003,3.0,7.0,3.0
3892,4.0,2.0,0.9975897,2.0,2.0,4.0
3893,3.0,2.0,0.3711362,2.0,1.0,4.0
3894,1.0,1.0,0.012127399,1.0,2.0,3.0
3895,0.0,2.0,0.389426,3.0,2.0,8.0
3896,0.0,0.0,0.09097433,11.0,3.0,2.0
3897,3.0,0.0,0.6156945,6.0,3.0,1.0
3898,5.0,0.0,0.016807199,1.0,0.0,2.0
3899,4.0,0.0,0.41095734,1.0,5.0,3.0
3900,4.0,0.0,0.7857839,5.0,4.0,4.0
3901,1.0,0.0,0.84694946,3.0,3.0,3.0
3902,2.0,0.0,0.61009324,2.0,5.0,5.0
3903,1.0,2.0,0.3943212,2.0,2.0,5.0
3904,2.0,3.0,0.34165466,5.0,3.0,8.0
3905,3.0,1.0,0.58848155,5.0,2.0,8.0
3906,1.0,0.0,0.05233574,4.0,0.0,2.0
3907,1.0,1.0,0.19285893,1.0,2.0,2.0
3908,4.0,1.0,0.36068892,3.0,3.0,8.0
3909,4.0,1.0,0.7511568,2.0,1.0,6.0
3910,4.0,1.0,0.043204427,5.0,2.0,1.0
3911,3.0,0.0,0.5810511,3.0,8.0,7.0
3912,2.0,0.0,0.43783426,5.0,2.0,7.0
3913,7.0,2.0,0.52367103,2.0,4.0,1.0
3914,3.0,0.0,0.24193728,5.0,2.0,5.0
3915,3.0,2.0,0.8900964,5.0,0.0,7.0
3916,1.0,2.0,0.23554945,3.0,4.0,1.0
3917,3.0,0.0,0.008362055,6.0,4.0,3.0
3918,1.0,0.0,0.8868865,3.0,6.0,10.0
3919,5.0,2.0,0.5148791,5.0,11.0,6.0
3920,1.0,1.0,0.34985495,2.0,12.0,4.0
3921,2.0,2.0,0.4494784,4.0,11.0,0.0
3922,4.0,2.0,0.5189202,5.0,1.0,3.0
3923,2.0,3.0,0.89827645,3.0,2.0,7.0
3924,3.0,1.0,0.8019675,2.0,0.0,4.0
3925,1.0,0.0,0.3445636,3.0,1.0,3.0
3926,8.0,0.0,0.42061007,3.0,7.0,5.0
3927,0.0,1.0,0.36317348,5.0,0.0,2.0
3928,0.0,0.0,0.52620804,2.0,6.0,6.0
3929,3.0,3.0,0.21304703,0.0,4.0,12.0
3930,4.0,1.0,0.5644083,4.0,3.0,4.0
3931,3.0,2.0,0.23914552,3.0,1.0,3.0
3932,4.0,0.0,0.78862035,3.0,8.0,2.0
3933,4.0,0.0,0.35283732,4.0,7.0,3.0
3934,2.0,1.0,0.20030606,2.0,2.0,3.0
3935,0.0,3.0,0.19969201,5.0,2.0,4.0
3936,4.0,0.0,0.8768103,1.0,10.0,1.0
3937,6.0,2.0,0.45859516,0.0,2.0,3.0
3938,3.0,0.0,0.3882779,5.0,0.0,3.0
3939,3.0,0.0,0.80403507,2.0,1.0,6.0
3940,4.0,2.0,0.35333264,3.0,8.0,4.0
3941,5.0,0.0,0.6797855,7.0,7.0,2.0
3942,8.0,2.0,0.62889004,1.0,6.0,5.0
3943,2.0,2.0,0.49103224,3.0,0.0,5.0
3944,2.0,0.0,0.8632834,5.0,7.0,5.0
3945,1.0,2.0,0.9240457,3.0,7.0,3.0
3946,3.0,0.0,0.61187696,1.0,9.0,2.0
3947,2.0,1.0,0.61200285,4.0,2.0,3.0
3948,5.0,3.0,0.6291462,3.0,1.0,5.0
3949,7.0,1.0,0.05088675,6.0,9.0,4.0
3950,3.0,3.0,0.55765665,6.0,2.0,3.0
3951,3.0,2.0,0.4145714,6.0,0.0,3.0
3952,2.0,1.0,0.79629767,4.0,5.0,3.0
3953,3.0,2.0,0.62034357,0.0,8.0,3.0
3954,2.0,2.0,0.7197528,2.0,3.0,0.0
3955,2.0,2.0,0.9911376,7.0,6.0,4.0
3956,5.0,0.0,0.012700796,5.0,4.0,4.0
3957,1.0,0.0,0.0077210665,4.0,2.0,3.0
3958,1.0,1.0,0.3867638,6.0,6.0,1.0
3959,3.0,1.0,0.7310883,3.0,1.0,5.0
3960,3.0,2.0,0.5069643,5.0,7.0,3.0
3961,1.0,2.0,0.31894386,4.0,1.0,7.0
3962,1.0,2.0,0.25357878,3.0,6.0,5.0
3963,2.0,2.0,0.06730628,6.0,0.0,0.0
3964,3.0,2.0,0.07980454,2.0,3.0,6.0
3965,3.0,1.0,0.49837005,1.0,2.0,2.0
3966,2.0,0.0,0.41395319,3.0,0.0,3.0
3967,7.0,0.0,0.36655843,3.0,5.0,6.0
3968,4.0,2.0,0.31210184,6.0,1.0,3.0
3969,3.0,2.0,0.37970388,3.0,5.0,3.0
3970,4.0,0.0,0.38120806,6.0,2.0,1.0
3971,1.0,0.0,0.7935152,1.0,7.0,7.0
3972,1.0,2.0,0.7122952,3.0,0.0,1.0
3973,5.0,0.0,0.5828923,3.0,5.0,7.0
3974,4.0,2.0,0.63072956,4.0,0.0,3.0
3975,2.0,2.0,0.79002726,0.0,2.0,6.0
3976,4.0,1.0,0.8076533,5.0,3.0,3.0
3977,3.0,0.0,0.14138305,3.0,4.0,2.0
3978,3.0,2.0,0.19904268,4.0,1.0,5.0
3979,1.0,0.0,0.23714054,2.0,9.0,9.0
3980,2.0,3.0,0.9470837,3.0,1.0,1.0
3981,3.0,0.0,0.3469869,6.0,3.0,2.0
3982,1.0,2.0,0.83389604,3.0,6.0,6.0
3983,5.0,2.0,0.048433423,5.0,2.0,5.0
3984,4.0,2.0,0.28209007,5.0,0.0,1.0
3985,7.0,1.0,0.5358044,3.0,4.0,7.0
3986,4.0,0.0,0.7221837,5.0,12.0,7.0
3987,3.0,2.0,0.1874727,4.0,2.0,1.0
3988,1.0,0.0,0.46267664,11.0,5.0,8.0
3989,1.0,2.0,0.42159665,4.0,1.0,10.0
3990,5.0,2.0,0.9649879,3.0,13.0,4.0
3991,3.0,2.0,0.7561568,2.0,1.0,7.0
3992,2.0,1.0,0.92538273,5.0,4.0,3.0
3993,2.0,2.0,0.982962,0.0,6.0,3.0
3994,2.0,1.0,0.0065635443,2.0,3.0,10.0
3995,1.0,3.0,0.9638941,2.0,2.0,5.0
3996,5.0,0.0,0.2882843,7.0,2.0,5.0
3997,4.0,1.0,0.3946383,4.0,0.0,9.0
3998,3.0,1.0,0.8491832,4.0,0.0,2.0
3999,1.0,0.0,0.24266219,2.0,0.0,12.0
