,x1,x2,x3
0,-0.032102175,0.056359105,0.28922588
1,-1.5951488,0.09543109,-1.6773726
2,0.43756837,1.0413598,1.5844142
3,-0.16630416,0.13722022,-0.05706397
4,0.8375675,1.4605572,2.338029
5,-0.48964867,-2.1706002,-2.5159957
6,0.80278736,1.2291358,1.9165089
7,0.5600521,0.7922237,1.225659
8,-1.2092519,-1.0747583,-2.3378232
9,-0.50324756,-0.9316019,-1.3219817
10,-0.7292902,0.021947086,-0.5162109
11,0.9554867,0.9779092,1.944579
12,0.8400799,0.4019273,1.1580734
13,-0.62521803,-0.44090796,-1.1057736
14,0.17899355,-0.29836848,-0.049718514
15,-0.50091624,-0.56925714,-1.1264437
16,0.58292353,1.2322524,1.830064
17,-0.99745685,0.8796292,-0.018892303
18,-2.2080567,-2.614632,-4.962061
19,-0.4876527,0.65395594,-0.010838866
20,-0.6072601,-0.16205195,-0.92418325
21,-1.3232043,-2.5598304,-3.8867328
22,0.42091447,0.23666592,0.63527966
23,-0.79808486,0.3653158,-0.48383614
24,-0.5071133,0.5867545,-0.020085096
25,0.8971299,0.23684299,1.1570718
26,2.1422684,2.9484968,5.1689253
27,0.8914176,1.4578159,2.4738286
28,-0.17882368,-0.39404666,-0.60224986
29,0.3077428,-0.41759214,-0.04680866
30,0.14811331,1.3026407,1.3915863
31,0.10646396,-0.04793299,0.025063407
32,0.093653426,0.9398724,0.92857766
33,1.3540643,1.1980487,2.3360283
34,0.22076936,-1.1067154,-0.956794
35,-0.8883003,-1.3632215,-2.4553158
36,-1.4153602,-0.92982316,-2.5354207
37,0.82767004,0.3158818,1.1680589
38,0.25818905,-0.8846309,-0.44749165
39,0.36439544,1.3136241,1.8791549
40,-0.10199624,-0.6489212,-0.9637363
41,1.2349503,1.1519603,2.276619
42,-0.37285134,-0.34928825,-0.56584716
43,1.527861,0.42781663,1.7178488
44,-0.7259229,-1.2805653,-2.1223888
45,0.10424344,-1.1203241,-1.0258131
46,-0.28794894,-1.5709069,-1.8060925
47,0.7119744,1.3596693,1.9717718
48,0.17939802,0.2223711,0.46185723
49,2.3961012,1.9843005,4.39282
50,-0.87103456,-0.2557838,-1.2480543
51,0.76932496,-0.07190764,0.49675238
52,-0.36314735,0.7662418,0.1887523
53,-0.42802358,0.00928998,-0.3828201
54,-0.58987206,-1.7076035,-2.466083
55,0.8879653,-1.0752786,-0.20176914
56,1.5532799,0.2143625,1.6810299
57,-0.9805108,-1.9332194,-2.791222
58,-1.5048074,-2.065135,-3.4480946
59,-0.2779519,-2.1567256,-2.555022
60,0.9854842,0.3991601,1.3529361
61,-0.035372157,1.4630896,1.465687
62,-0.7201517,1.6414671,0.8311797
63,-0.07379306,-0.53962743,-0.598796
64,0.72931886,0.49348396,1.2416961
65,0.8347306,-1.4700003,-0.44746682
66,-0.21572758,-0.7185919,-1.0122585
67,-1.2920479,0.25826478,-0.9511191
68,0.6739393,0.069610775,0.7987009
69,1.1933777,0.50678957,1.6152103
70,-0.23974758,1.1557627,0.79728746
71,0.19000484,-1.0596607,-0.84332836
72,-0.38324562,-2.0976174,-2.483267
73,-0.8389269,-0.68238366,-1.5537089
74,1.9178901,3.3239846,5.216703
75,-0.76357037,-1.0230205,-1.929231
76,-0.35046327,1.7828931,1.3221188
77,-0.43976915,0.305996,-0.05724235
78,-1.4407381,-0.9331785,-2.3902044
79,0.22303937,-0.23335771,0.15931211
80,-0.45510384,-2.2600024,-2.7345958
81,1.0903633,0.66905284,1.7863525
82,0.38987795,0.64990354,0.9873214
83,0.20995598,0.44318184,0.61618537
84,-0.97159386,0.25709665,-0.8157115
85,0.11173614,-0.5963509,-0.4875489
86,0.053846855,0.42138755,0.51502657
87,-0.59571815,0.62012744,0.12874383
88,1.4848784,0.25426698,1.7285382
89,0.49195972,1.231825,1.6628915
90,-1.3481922,-0.05590439,-1.6542993
91,-0.28349325,-0.33387318,-0.4555282
92,-0.72637683,-0.9839791,-1.7033061
93,-1.3307408,-2.7446942,-4.137793
94,-0.9474338,-1.5105711,-2.5099797
95,-0.4558878,0.38351315,-0.013569914
96,0.7838229,1.8796026,2.6266093
97,-0.7527753,0.80127084,-0.12414853
98,-0.30608034,0.11363423,-0.13807586
99,-0.27282098,0.280674,0.015572833
100,-1.7073157,-0.110022426,-1.9384743
101,0.039314315,-0.9363696,-0.89661163
102,0.41063675,-1.3530166,-1.0450915
103,2.8108902,2.1827722,4.999612
104,0.5348787,1.7158287,2.4188347
105,0.9970179,0.6545686,1.6045048
106,1.5123956,0.4134401,1.8199791
107,0.27539402,0.56334096,0.9025372
108,1.4004678,1.9597785,3.2797284
109,0.23182009,-0.82720506,-0.5181819
110,0.11205848,-0.4263741,-0.3937045
111,-0.7346462,-0.8151658,-1.4466329
112,-0.07761147,0.99569917,0.7780825
113,-0.12477843,-0.010993183,-0.15766105
114,1.7505844,2.0971725,3.8307507
115,1.3698978,-2.1075392,-0.6162438
116,1.910376,1.888033,3.8582356
117,0.450604,0.4381806,0.8343047
118,-1.4221908,-1.9395187,-3.3283823
119,0.26798514,0.56146526,0.8682188
120,-0.74924517,-1.4665171,-2.0928974
121,-0.61513436,-1.7246159,-2.4132879
122,0.19094507,-3.4417746,-3.4060624
123,-0.54772305,-1.8658621,-2.411723
124,0.4300291,0.3627736,0.7680546
125,0.3177188,1.1595085,1.3086743
126,-0.39522216,-0.040379763,-0.5591769
127,-2.00599,-1.9085063,-3.9721498
128,1.0497118,1.1763396,2.1887386
129,0.3279996,0.1730483,0.30878937
130,1.1098149,-0.40194488,0.7850666
131,0.5420335,0.37362695,1.0238011
132,-0.42719814,-0.96153927,-1.1442406
133,-1.3284078,0.2882465,-0.8624644
134,0.4734575,0.42877638,0.7734604
135,-0.6441541,-1.741658,-2.320646
136,-1.107434,-0.87809676,-2.0910764
137,0.34703678,-1.6947968,-1.2084514
138,0.43903312,-0.80742514,-0.37971535
139,0.3828155,-0.55162394,-0.07496118
140,0.14188996,0.63326603,0.9021529
141,-0.5576591,0.531352,0.06909748
142,-2.247939,-2.0452733,-4.302914
143,-0.5528656,-2.1529522,-2.668279
144,-0.38317555,0.05689466,-0.41550985
145,-0.9541694,-0.15792489,-1.305026
146,0.6277962,2.250669,2.978579
147,0.9935736,1.7931181,2.7667205
148,-0.80265105,1.0400729,0.18345895
149,-0.849621,0.8743599,0.06930365
150,-0.41378102,-1.401577,-1.8193349
151,-0.026512258,1.2089981,1.3018703
152,0.13225906,0.5779935,0.763217
153,2.290973,1.3578062,3.6486864
154,0.79135823,0.22063988,1.1828194
155,0.87222224,1.6104856,2.53526
156,0.67365503,0.9548669,1.5728005
157,-0.6462591,-0.32244897,-0.8743687
158,0.72539395,-0.12174106,0.6410311
159,0.030256853,1.163312,1.2081366
160,0.070616625,0.42604652,0.64096415
161,1.7722099,1.274849,3.0755997
162,0.86162376,-0.21127892,0.57438785
163,1.0742897,0.4858632,1.5859929
164,-1.6228054,-2.474103,-4.016439
165,1.1060721,3.037713,4.0758843
166,-0.41985637,-1.2466604,-1.7631947
167,-0.32635227,-1.5794922,-1.8283925
168,1.0269346,-1.0500033,0.02337851
169,-0.058136612,-0.15644649,-0.27381626
170,0.25643125,0.24689426,0.5678901
171,0.23563597,-2.2728121,-2.162168
172,-0.42060184,-0.6407927,-1.0651408
173,-2.1467588,-1.8434691,-3.9115155
174,0.49115455,-1.1505,-0.6118655
175,-0.23515289,-0.32612607,-0.48984125
176,0.76014435,0.8471991,1.5183576
177,-0.7770046,-0.8917756,-1.754263
178,-0.36179242,1.2496359,0.97319365
179,1.6892316,1.8991051,3.816868
180,1.9979997,2.218157,4.0830836
181,0.75698876,2.0523598,2.7972968
182,1.6873602,0.8196186,2.4256492
183,0.072599545,0.5735691,0.6819733
184,-0.5526857,-0.99311817,-1.5724934
185,-0.022947818,1.5685595,1.7093548
186,1.4362843,1.6048176,3.2929652
187,0.31161535,0.53029454,0.8037503
188,-0.10884266,0.36019593,0.1638534
189,-0.5292878,-1.2248669,-1.7858405
190,1.1803044,-0.47094584,0.717212
191,-1.5777123,-1.2618152,-2.8001337
192,-0.032647796,-0.5402079,-0.6047147
193,-0.5050014,-0.053990573,-0.5775057
194,2.2095454,0.9237834,3.1446548
195,1.5472301,0.5069331,1.9938987
196,-1.3069726,-0.7468118,-2.355781
197,-1.2390369,-1.1578912,-2.4386835
198,0.24636206,-0.10726988,0.19387658
199,1.1087158,2.063704,3.1730616
200,0.025593543,-1.1004719,-1.0279703
201,-1.1028736,-2.8535955,-3.8441858
202,-0.54686326,0.34478372,-0.026096627
203,0.85240036,0.21116126,1.1071079
204,0.97326636,1.8640425,2.8474796
205,0.09474265,-0.27101907,-0.06101671
206,0.4178621,1.2602841,1.6107283
207,-1.825159,-2.4001725,-4.241028
208,-0.21639349,-1.1084905,-1.3626183
209,0.6604224,0.42771986,1.1043094
210,0.7496509,0.0051729083,0.6730779
211,-0.8057896,-1.4135094,-2.0596964
212,-0.5625054,-1.9807043,-2.6113636
213,0.22708519,1.6053973,1.7456247
214,-0.18724187,-0.25963005,-0.32531604
215,0.16587986,0.7958886,1.1757495
216,1.6425033,-0.9329779,0.5408215
217,1.7752497,1.4506476,3.2428052
218,-0.9814758,-2.1863022,-3.0882356
219,-0.9119726,-1.2367388,-2.2656636
220,0.5212823,-1.0867963,-0.6221367
221,0.106104255,0.97402024,1.1664642
222,0.94922745,0.82312024,1.7706412
223,0.6035599,-0.2919292,0.27355137
224,2.441516,3.3745346,5.838015
225,0.747354,0.20530778,0.87619483
226,-0.6143745,-1.2057849,-1.8865192
227,-1.1511929,-0.306207,-1.3185099
228,-1.3023068,-2.1002414,-3.4557302
229,-0.0043990696,1.8420129,1.6969824
230,0.7064997,0.74617434,1.2921551
231,0.96962315,0.3551671,1.2936623
232,0.31408027,-0.17748848,0.17384383
233,-0.8924955,-0.96132046,-1.9735458
234,-1.1179256,0.9301138,-0.16407515
235,0.4665777,0.34514797,0.8272642
236,-0.14100035,0.019935504,-0.035893887
237,1.3879973,2.5866208,3.871533
238,1.0314475,2.12295,3.1563072
239,-2.903995,-2.2418015,-5.1005864
240,0.46789846,2.4994898,2.9961934
241,0.1276641,1.1086,1.271826
242,-0.3191615,-1.0008186,-1.5063576
243,-0.1204262,-0.5374874,-0.8533041
244,-0.043846603,-0.8148725,-0.625363
245,0.79719716,1.5095022,2.3074043
246,0.26959953,-0.15222782,0.104984894
247,0.94709384,1.6198726,2.537883
248,-1.1834744,-0.9601222,-2.2408123
249,-0.9793357,0.4717899,-0.61383325
250,0.3241465,-0.35083765,0.03330776
251,-0.45873988,0.11370051,-0.15086003
252,-1.6786668,-2.6722808,-4.337241
253,1.8466468,1.6206042,3.3051789
254,0.26794237,1.3211105,1.4374005
255,0.4292285,0.22154577,0.77636015
256,-0.7140501,-1.4393936,-2.3082922
257,1.4642062,1.3871363,2.8436525
258,-0.05705551,-0.40311036,-0.52888364
259,-1.1052564,-1.0560961,-2.1052616
260,-0.20852765,-1.4758474,-1.6932027
261,0.6399743,1.5601956,2.1583912
262,-1.664878,-2.2723742,-3.8369684
263,-0.17412181,-0.008687288,-0.29553446
264,1.5674683,2.5494552,4.1742525
265,-1.6685597,-4.5310397,-6.189066
266,1.2598763,0.24584472,1.5937835
267,-1.5591338,-1.1521975,-2.710267
268,1.265446,1.4686285,2.8178368
269,0.08025448,-0.33910036,-0.24012193
270,-1.8536053,-2.6791682,-4.5861354
271,-0.075501055,0.23467514,0.23165351
272,1.9256018,1.0472178,3.0751839
273,-0.2150141,0.18267134,0.061148286
274,-0.7823711,0.2938655,-0.45098355
275,1.6418738,1.734551,3.4768927
276,-1.6595017,-2.58321,-4.423447
277,-0.544729,-0.41880172,-1.0023884
278,1.4815463,1.9037191,3.535913
279,-2.6888645,-3.989943,-6.714989
280,0.23203804,-0.0060369223,0.124341145
281,-1.9413201,-2.4652238,-4.580976
282,0.8309367,1.9857271,2.8050811
283,-0.15464312,-1.8672316,-1.9974902
284,-2.1830966,-0.35950541,-2.6298542
285,1.8805736,1.6469463,3.5585697
286,-0.7647657,-1.4506516,-2.03233
287,0.12337415,-0.23188145,-0.046467744
288,1.0535214,0.3335539,1.1910536
289,-0.8925315,1.274695,0.42343023
290,-0.39569682,-0.9718487,-1.326874
291,0.005914223,-0.14593524,-0.1955571
292,1.1030968,2.4454327,3.616549
293,1.4235396,2.5528288,3.99667
294,1.2464794,1.1360742,2.302681
295,0.19478935,1.3620813,1.5678139
296,1.3421512,-0.04667914,1.2797543
297,0.14133158,0.242751,0.32014027
298,0.07747765,0.20386212,0.248029
299,0.15125416,0.59996474,0.81992704
300,0.20515788,1.9798762,2.1450107
301,1.0862956,1.1513531,2.3558147
302,0.6047872,-0.14762491,0.5194659
303,1.7908983,1.8370229,3.5648384
304,-2.0772557,-2.389072,-4.6040263
305,0.22346704,0.31182572,0.3535874
306,1.0127994,1.5628664,2.6509888
307,0.32526818,0.6526325,1.0079492
308,-0.7448494,-1.3953203,-2.1900427
309,-1.6091564,-0.3042611,-1.9793093
310,-0.0038477546,-0.305163,-0.28639445
311,0.24495524,1.5015869,1.7537414
312,0.65704024,0.096066356,0.8910276
313,1.8134315,1.4685724,3.3094568
314,-0.08516657,0.31291762,0.35187268
315,0.14432198,-0.030854777,0.0312979
316,0.7048014,1.5024896,2.2344139
317,-0.78170776,0.13957721,-0.6385187
318,2.160056,3.7209954,6.0649776
319,1.6379457,2.7776241,4.3721933
320,0.4097497,-0.5722437,-0.011791289
321,1.2381345,-0.010866523,1.29154
322,0.16542968,-0.3083469,-0.09571093
323,-0.96076894,-0.48427787,-1.49865
324,0.027306043,-0.61555207,-0.51595515
325,1.5123544,1.6978606,3.1148312
326,-0.4276991,-1.081495,-1.6871924
327,-0.81353474,-1.2317264,-2.2626114
328,0.64279884,2.054364,2.6471174
329,-1.1031624,-1.7022974,-2.9281342
330,-1.0224348,-0.22022343,-1.1979315
331,-0.46331355,1.6760201,1.1197715
332,-0.30342692,0.53044426,0.12330813
333,0.36533278,0.12723261,0.5910248
334,0.36694035,2.9872143,3.2920713
335,-0.85749644,-2.8002799,-3.6787434
336,0.010260011,-0.16321048,-0.35223335
337,0.35471353,0.3090914,0.7642463
338,-0.75347334,-0.3152176,-1.1052474
339,0.8122634,-1.2026527,-0.38564983
340,1.7047589,2.7497818,4.551543
341,0.7077494,0.3029061,1.0521761
342,-0.77667207,-0.24898213,-1.0378717
343,-0.17068647,-0.5900455,-0.70995575
344,-0.02755191,0.72462004,0.6327242
345,0.54337895,-0.14768803,0.49161595
346,1.2471619,1.6667733,2.8531868
347,-0.9403935,-1.7243888,-2.5529785
348,0.13533857,-0.7216612,-0.5177591
349,0.34078008,0.1099886,0.33027416
350,0.14715509,-1.4414566,-1.3091944
351,3.4267828,4.012071,7.5759106
352,1.3780997,3.0037632,4.2752466
353,-0.056620635,-0.63321286,-0.7150793
354,-0.3714529,-0.7973956,-1.2072595
355,0.8407668,-0.2458595,0.6484011
356,-0.4315102,0.44117022,-0.13855363
357,-2.5697901,-1.4449681,-3.9125504
358,2.6983607,2.6735737,5.391958
359,-1.2917016,-1.9648533,-3.1453235
360,1.7683423,2.2856812,3.9722648
361,-0.12029887,-0.39442855,-0.66069126
362,-2.6290972,-2.8937356,-5.566178
363,-0.2720209,-1.8058194,-2.1659591
364,-0.24148576,-0.28637356,-0.50693077
365,-0.2187213,-0.08295901,-0.29244253
366,-0.43408522,-1.3867568,-2.1020377
367,-1.2521772,-0.9106921,-2.0544326
368,0.2654412,0.113485634,0.3780544
369,1.1355398,0.6678325,1.737698
370,-1.552627,-0.43733728,-1.9182749
371,-0.009127305,0.9679343,0.9521098
372,-1.460896,-1.9330715,-3.669042
373,1.753816,2.030949,3.785524
374,1.3606217,1.1378024,2.4643655
375,0.5347259,-0.46505016,-0.015876189
376,-0.5357196,-0.01819855,-0.5158568
377,0.89458305,1.5087368,2.4072497
378,0.15742935,0.7052844,0.97870034
379,0.13917427,-1.4014064,-1.0624659
380,-1.0957077,-2.4730196,-3.668684
381,0.08486442,0.8649575,0.8965582
382,0.3091257,1.4558957,1.8958502
383,1.3809785,1.7896482,3.0256212
384,-1.0156683,-1.302249,-2.2935064
385,0.24366131,1.0890213,1.2491986
386,1.0677347,2.7178185,3.89529
387,-1.3150452,-0.8076351,-2.2065895
388,-1.0558021,-1.2561545,-2.313101
389,-1.2383116,-1.3074445,-2.6621602
390,1.9203756,1.2909852,2.9557912
391,0.32834393,0.8052149,1.1688925
392,-1.7230302,-0.3573655,-1.9927438
393,1.3652952,0.32470226,1.6254327
394,-0.9649811,-0.9522387,-2.0133479
395,0.58771837,1.1851983,1.6861367
396,1.0691799,1.3533859,2.5224862
397,-0.49210227,-0.28502724,-0.6456491
398,-1.2084024,-0.8221487,-1.9236714
399,0.7518041,0.6269284,1.3636905
400,0.35927406,1.6599629,2.0288866
401,2.350362,2.881988,5.32347
402,1.2273148,2.2601144,3.4181345
403,0.87729406,1.268351,2.0542126
404,-0.008015679,0.36607257,0.5131867
405,-0.830769,-3.366725,-4.156209
406,0.33318675,0.7726487,1.2864692
407,-0.05389787,1.0028505,1.0409904
408,1.1215138,2.866888,4.1255074
409,1.1386689,0.6638437,1.7627472
410,-1.2133746,-1.0652012,-2.3301523
411,1.7306167,1.886078,3.617379
412,-2.376967,-1.4009345,-3.7003517
413,-1.4720461,-1.6514082,-2.9376903
414,-0.42449898,-1.7135732,-2.1214685
415,1.0944891,0.8895538,2.0214846
416,0.1686622,-0.8269447,-0.61781704
417,1.1834897,0.28079885,1.4930478
418,0.7334313,1.3841177,2.0779722
419,0.21631686,-1.0708703,-0.6290014
420,0.13955957,1.4759011,1.7689482
421,-1.8160094,-1.5433378,-3.4667683
422,1.5953285,1.1633675,2.5480037
423,-0.25931793,0.834976,0.69653124
424,-0.3130939,-0.3045919,-0.6887128
425,0.5886693,-0.35502046,0.33881104
426,0.96568465,1.7014931,2.7448332
427,-0.03902439,-1.09189,-1.1420025
428,0.14137596,0.2763542,0.3545388
429,1.832118,0.7783512,2.6554096
430,1.8954436,3.7621264,5.5821643
431,0.4734465,1.0017654,1.4695855
432,-0.33305487,-0.6614002,-0.9103852
433,0.26171166,1.6707976,1.871318
434,-0.32438445,-1.4489347,-1.5650407
435,-0.34414658,0.5096215,-0.001282677
436,-0.06250664,0.98152536,1.1069205
437,-0.7364257,-2.124172,-2.9400532
438,2.6262426,3.5377908,6.3965335
439,-0.28505915,-1.392581,-1.5739146
440,-0.4135554,-0.049288005,-0.44677866
441,-0.71098274,-1.0409981,-1.6681674
442,0.3666438,-0.007368058,0.25205594
443,1.2452165,2.7358289,4.1163626
444,-0.32431042,-1.8349092,-2.202411
445,0.71972257,0.7217103,1.5828283
446,-0.50019854,-1.0463104,-1.4978957
447,-0.1940626,-1.0452147,-1.1425762
448,0.31156483,-0.7611445,-0.47281677
449,-0.19537668,-0.10238561,-0.27235806
450,-0.24729069,0.58966166,0.26610097
451,0.84314513,0.25218672,1.0117741
452,0.27063775,0.3022169,0.60515845
453,1.0720729,2.299769,3.3052018
454,-1.2181801,-1.9405437,-3.1567245
455,1.8336006,1.5420871,3.2367983
456,0.3564639,-0.26506203,0.15369174
457,-0.29628846,-0.5347148,-0.8274048
458,-1.2875868,0.004066944,-1.193886
459,1.0959998,2.379304,3.3381653
460,0.47844315,1.9379271,2.5409555
461,-0.69343257,0.86450577,0.23858628
462,-0.26281714,0.5619095,0.39054006
463,-0.36924216,-0.8183998,-1.3223617
464,-0.10278115,1.6701922,1.5984398
465,0.16990563,0.13617374,0.40108854
466,0.8933843,1.1782899,2.070328
467,0.6216998,0.47924495,1.0232568
468,0.8349732,2.966072,3.4575224
469,0.20818214,0.49160957,0.5929212
470,-1.237488,0.82101464,-0.28533536
471,0.35474086,-2.471938,-2.0107136
472,0.048840806,-2.1555026,-2.2319684
473,-0.54368323,-2.3444054,-2.8215227
474,-0.3825196,-0.7346457,-1.147407
475,-1.731417,-2.5091996,-4.3233304
476,0.4148719,0.8717318,1.3506315
477,-0.4170058,-0.3865068,-0.9660211
478,-1.1116141,-0.45709914,-1.6227329
479,0.831969,1.9142424,2.7385058
480,1.7708436,0.3301233,2.072117
481,1.1261737,1.2541556,2.408123
482,2.3065324,2.9806552,5.260057
483,-2.867022,-4.3767185,-7.255134
484,0.666382,1.0091585,1.7054404
485,0.37104586,1.3130348,1.6246426
486,1.1283623,0.7511426,1.8803115
487,1.4179263,1.8543967,3.2427478
488,0.063328065,0.2419002,0.34322774
489,1.4668561,2.984013,4.548593
490,1.0819608,1.5071034,2.5333102
491,1.1424736,1.672587,2.755572
492,-0.9699199,-2.090651,-3.0070834
493,0.31526834,-0.2916792,0.051982928
494,0.067297585,0.9897412,1.1569867
495,-0.8154791,-1.9866972,-2.8657646
496,-0.22717458,-1.01657,-1.232159
497,-0.081374645,-0.9048727,-1.0217638
498,1.5476488,0.9012073,2.3573205
499,-0.15777652,-0.8805868,-1.1756253
500,-1.3888344,-1.1049985,-2.4136152
501,1.3257612,0.9215003,2.1113548
502,-0.47224468,-1.3965406,-1.8387551
503,0.11843915,0.5203537,0.79671043
504,1.7442188,0.98405313,2.6856391
505,-1.3032968,-0.42394572,-1.6138269
506,-0.95095545,-2.0428004,-2.9590728
507,-0.6479855,-0.39145604,-1.0191172
508,-0.21075746,0.62494004,0.42348957
509,-0.53246975,0.16177005,-0.37152797
510,-1.45304,-2.664961,-4.105461
511,0.7809405,-0.10548377,0.5455382
512,0.291549,0.09438114,0.23307344
513,0.803705,-0.75984585,0.010526944
514,0.57572776,0.84467447,1.3171299
515,-0.87346154,-1.7939793,-2.4761686
516,-0.51450557,-2.410177,-2.8894055
517,0.0015120709,-0.539815,-0.42962205
518,1.015996,-0.34949386,0.5855358
519,1.1041154,0.60692704,1.9151688
520,1.3250974,2.682646,3.77028
521,1.2189482,0.30687833,1.5583303
522,0.5111324,0.39837855,0.88464534
523,-1.2764221,-1.4406416,-2.552374
524,1.1567717,1.2231711,2.3380604
525,0.9399749,1.0995857,2.047001
526,1.7043654,0.6247989,2.3109753
527,-0.9403043,-1.6470842,-2.6881158
528,1.0123113,1.2458955,2.1890259
529,0.5805693,2.0782428,2.7307422
530,-0.44134602,-1.434316,-1.8171165
531,0.6359035,2.0411916,2.4433236
532,1.4080809,1.417738,3.0469642
533,-2.2194393,-1.9073205,-4.0310674
534,1.0719874,1.3269441,2.3128967
535,-1.20381,-0.23605418,-1.4651315
536,-0.6160379,-0.4170491,-0.9276438
537,-0.38446602,1.4635553,0.9785267
538,-0.060940266,0.16737187,0.069502905
539,1.4574922,0.33471,1.8919579
540,0.998868,1.6556528,2.4911745
541,1.7556021,1.9494164,3.76739
542,0.5092786,2.2467623,2.643773
543,0.028806975,-1.6878897,-1.6638399
544,0.1420762,-0.52103937,-0.3841056
545,-0.7751043,-1.5143503,-2.2071962
546,0.14666213,-1.532707,-1.4272904
547,0.27492264,0.19100538,0.4304416
548,-0.5992913,0.2381137,-0.23308717
549,0.3924127,0.24946004,0.58184606
550,-0.11860541,0.11280737,0.053561296
551,0.066077515,-1.5779977,-1.4753104
552,-1.605186,-0.09228563,-1.6449858
553,0.73651534,0.78473836,1.5731502
554,0.20361641,-1.0590909,-0.9398299
555,-1.73011,0.037052035,-1.6564308
556,0.74827373,0.18074524,0.9605008
557,-0.40232062,-0.47767064,-0.92351973
558,-0.026667994,0.4085524,0.46325707
559,0.25470945,0.39533243,0.5256307
560,-1.0798041,-0.456864,-1.4682539
561,-0.06455076,0.9453832,0.912061
562,1.4695805,2.3547173,3.676708
563,-2.33541,-1.1556238,-3.4259353
564,-0.18828015,-0.9580614,-1.0185808
565,0.642069,0.6126649,1.13554
566,-1.4198868,-0.2569834,-1.6446668
567,-2.531484,-3.1727495,-5.6995993
568,0.1527405,0.6597975,0.93253726
569,-0.3103366,0.49039322,0.1570391
570,-1.3586613,-3.4088845,-4.8440194
571,0.38372147,-0.3135625,0.035276413
572,0.068878084,-0.76650417,-0.74657506
573,-0.25749445,-0.37661746,-0.4878326
574,-0.1902749,-1.0125518,-1.203047
575,1.6335083,0.224913,1.9753106
576,-0.13893001,-0.6734613,-1.1507833
577,0.06935164,0.23623222,0.3518658
578,1.1602489,0.19451976,1.2415425
579,0.1703143,-0.12766905,0.25688007
580,0.24174498,-0.33770448,0.13284083
581,-0.40904212,-0.6827217,-1.0730625
582,1.1208225,0.7637378,1.7687542
583,-1.2458841,-2.3482409,-3.762946
584,0.65077025,1.2479208,2.0475156
585,-1.2498449,-1.9790053,-3.2831903
586,1.5182023,3.3159065,4.935653
587,2.695321,1.484593,4.2979937
588,-0.1295124,-0.34299195,-0.5268614
589,-0.24842831,-1.4919368,-1.6984357
590,0.114689656,-0.9622343,-0.76083785
591,-0.5883359,-0.73777026,-1.3504454
592,1.5016754,0.5700952,2.099829
593,-0.3239344,0.62907803,0.33771303
594,2.2125995,1.4273009,3.7193983
595,-0.9681584,-0.826726,-1.5850471
596,0.27413887,2.7775176,3.0610754
597,1.1881839,1.7850353,3.0688941
598,0.5405542,1.3282523,1.8598439
599,-0.8544973,-0.6168421,-1.4229479
600,-0.73774356,0.0641796,-0.95297647
601,-0.41809672,-1.3538488,-1.8075336
602,0.097035795,-0.5541457,-0.44842252
603,1.1679046,2.0874307,3.436722
604,1.4188147,3.5489364,4.924905
605,-0.46678978,0.24563313,-0.20646323
606,1.1911709,0.093441606,1.4241332
607,-1.145773,-0.8647561,-1.9661937
608,0.7974784,0.73943096,1.5750158
609,-2.153938,-1.9263933,-4.07073
610,0.22956337,0.37441376,0.7428211
611,-0.68619066,0.54977685,-0.23872057
612,-1.5590783,-3.5635982,-5.0736823
613,-0.8859994,-0.93127185,-1.8157232
614,0.4042455,0.75314355,1.0985812
615,-1.0894808,-0.122998,-1.3037161
616,-0.33564472,-0.77275586,-1.009105
617,-1.4628402,-1.5152078,-2.9542637
618,-0.0066712815,1.5713767,1.6180155
619,-0.0842828,0.31088555,0.24221216
620,-0.3328919,1.2638773,0.94467413
621,0.48845366,1.2107496,1.5831156
622,-2.5326788,-1.6719179,-4.2220216
623,1.109545,0.47690898,1.4053011
624,-0.1535098,-1.7750599,-2.1476057
625,1.6509998,-0.40355206,1.2531542
626,-0.36867824,0.87506175,0.6174047
627,1.4796829,1.2158056,2.6231625
628,-0.20536952,-1.24524,-1.404316
629,-0.10448816,-1.7985606,-1.8980064
630,0.42175466,0.8584051,1.1594439
631,0.9926214,0.6931649,1.6299924
632,-1.131992,-1.4353645,-2.6542008
633,0.44989133,2.7561548,3.2105708
634,-1.0163306,-0.14900494,-1.1321687
635,-0.019448223,0.2859998,0.25049183
636,0.62497485,0.5754521,1.2026669
637,-1.5573579,-0.8079958,-2.3968012
638,-1.0965014,-1.4176939,-2.3655422
639,1.698432,3.3642468,5.0736523
640,1.8726902,1.0053549,2.9790473
641,-0.31084082,-0.041131914,-0.40719876
642,-0.5666651,-2.767339,-3.4010375
643,-0.7561703,-0.35992938,-1.0632582
644,0.32398432,1.1880627,1.5821317
645,-0.8399061,-1.0401226,-1.7961142
646,0.3832927,-0.9691969,-0.5303115
647,0.2865593,-1.5737132,-1.2941108
648,0.4288711,1.103726,1.4709994
649,-0.33382374,-0.11236267,-0.52949065
650,-1.5979673,-3.5983,-5.25275
651,-2.0149753,-3.1253057,-5.1435137
652,0.51876664,-0.061904073,0.43405104
653,0.17972691,0.09491272,0.4859361
654,0.98431146,1.2767922,2.104042
655,-0.013528516,-0.52126545,-0.4155772
656,-1.3099536,0.09481406,-1.2710001
657,1.3996317,1.9388976,3.4372537
658,0.3896371,-0.99776566,-0.59302235
659,-0.13909234,1.4581666,1.3505286
660,2.6191661,3.8182359,6.4879603
661,0.106844716,-1.7580335,-1.6647416
662,1.3883505,1.7464547,3.1618037
663,-0.9098547,-3.1538858,-4.1402907
664,0.018189846,0.24014094,0.28255534
665,0.4728352,0.6471477,1.1837163
666,-1.0379018,-2.3929462,-3.4271312
667,-0.72127765,-2.463524,-3.1029236
668,-0.28061548,0.0066164136,-0.35811526
669,-0.02889352,-0.6304779,-0.7079262
670,-0.819983,-1.2538147,-1.893814
671,0.59083474,-0.31895614,0.3989575
672,0.13475962,0.49397665,0.60998774
673,0.68867695,-0.09167886,0.5945352
674,0.8350745,0.46205717,1.1761428
675,-1.3238465,0.24180329,-1.2613223
676,-1.1971595,-1.0860283,-2.1558442
677,-0.52911454,-0.797307,-1.4214395
678,0.4876239,0.31031698,0.9176781
679,1.1496497,1.2849069,2.4924827
680,0.16487503,0.22754529,0.4742241
681,0.36651722,-0.962147,-0.5584895
682,0.5621486,0.9757956,1.563942
683,0.6990308,-0.076970816,0.5502134
684,-0.32961434,1.4389493,0.94511163
685,0.5403547,0.41483665,0.87575364
686,-1.3765324,-2.3884127,-3.6411002
687,-1.1855874,-1.7667196,-2.8184824
688,1.6111854,0.71002144,2.3170016
689,0.44931087,-0.33779255,0.007605888
690,-0.017248586,-0.8763204,-0.8976889
691,1.3666533,1.9153547,3.2735555
692,-0.55507636,-0.9600426,-1.616651
693,0.4186588,-0.24088734,0.15381852
694,-0.9592137,-2.129659,-3.1319017
695,-0.4556249,-1.7457391,-2.2979748
696,-0.40016472,-1.474193,-1.9668773
697,1.100448,1.246192,2.3547049
698,1.905806,1.8696349,3.8025885
699,0.70339125,0.58133805,1.2389112
700,-0.35253727,0.1269441,-0.07471031
701,-0.46059904,0.22926971,-0.12070272
702,-0.33248293,-0.56648123,-0.6065806
703,-0.87751687,-3.3257236,-4.088918
704,0.5530186,-1.5351033,-1.1311557
705,0.32740557,-1.240681,-0.9880108
706,-0.16771254,0.9168763,0.699422
707,0.28499243,-1.2425524,-0.8806391
708,0.62583524,2.7589326,3.303584
709,1.0346677,0.5622343,1.5526127
710,-0.6841653,-0.99029356,-1.7363882
711,0.5497883,1.5512815,2.1044257
712,-1.1695341,0.35713184,-0.7898744
713,0.014416226,-1.0244533,-1.209117
714,-0.063662656,0.7487545,0.7828987
715,-0.13415791,-0.8778606,-0.99452716
716,-0.36410886,-0.16562933,-0.5960104
717,0.9490895,0.057159483,1.0177833
718,-0.14910989,-0.10888766,-0.21684
719,0.9281305,2.2226005,3.087911
720,-0.58689445,-1.7808542,-2.4527197
721,0.95187616,2.020207,3.0079932
722,0.871597,-0.31193513,0.57108074
723,0.6843286,2.1185236,2.694498
724,-1.0211295,0.4529953,-0.6450227
725,-0.15859953,0.82119846,0.58812803
726,-0.12302804,-0.11301905,-0.35829747
727,1.5682771,1.8123891,3.3927686
728,-0.43127966,-2.2666106,-2.8069932
729,-3.3397388,-4.965537,-8.296557
730,0.57438457,-0.62694323,-0.03693068
731,-0.44849303,-0.9500754,-1.531543
732,-0.22068317,-0.1665619,-0.3070333
733,0.49114612,0.7131217,1.1153507
734,-1.2599275,-0.5966718,-1.8635885
735,0.8587061,0.47621804,1.3883581
736,-1.4751996,-0.73469377,-2.403209
737,0.620054,-0.12214762,0.76503277
738,1.3511941,0.96975195,2.2959654
739,1.6682297,1.7231898,3.3668752
740,-0.04728892,-1.2717217,-1.419183
741,1.7716569,1.2563468,3.0535493
742,-0.70931274,-1.4729583,-2.0502586
743,0.54427105,-0.25384545,0.3958709
744,1.3007326,2.8641958,4.2278986
745,0.08350209,-1.2389784,-1.1281769
746,0.45938978,1.4341246,1.6933041
747,-0.7451337,-0.7197682,-1.4721702
748,-2.0410488,-2.1200771,-4.1235085
749,-0.28244665,0.3668221,0.1230503
750,0.71220267,2.4497595,3.1079981
751,0.9258167,-0.18037254,0.82349116
752,1.4003046,0.99014974,2.4169593
753,-0.4691655,-1.9681735,-2.6069078
754,1.4120895,2.3192174,3.7045922
755,-0.3644735,-2.3416634,-2.8108737
756,0.6863607,-0.4158578,0.1751569
757,0.4852534,1.137064,1.5661162
758,1.5022974,0.99231267,2.4883268
759,0.5808166,0.10758355,0.6163191
760,-1.447883,-2.085354,-3.6759133
761,-2.1935647,-1.6395388,-3.8017926
762,1.8302869,1.5619984,3.3217525
763,0.54035544,-0.06984323,0.6488141
764,-0.008733753,0.15718547,0.10656431
765,-0.49713796,-0.625481,-1.0271251
766,-1.697349,-0.78326046,-2.3465934
767,0.42422873,-0.9931635,-0.5980467
768,-0.11793077,0.07163262,0.13503619
769,0.1697683,1.3857621,1.5667238
770,-0.36991593,-1.0533897,-1.4685533
771,-0.30304742,-1.6683953,-2.1795335
772,-0.31448853,1.2154351,0.8681817
773,-0.69177777,-1.5909657,-2.3135633
774,-0.4716311,-0.80647045,-1.4045398
775,0.64931595,-0.8627529,-0.3353236
776,-0.71396416,-0.18529928,-1.0393913
777,1.0227497,0.824845,1.9135742
778,0.8340328,0.3990201,1.1565372
779,-1.3648616,-1.4878463,-2.9128199
780,-0.118884675,0.49180955,0.38692132
781,1.5330352,2.9673457,4.536266
782,2.0917535,1.8400939,3.9357452
783,1.506407,2.6018362,4.1557474
784,-0.17685165,-0.028296351,-0.12101135
785,-0.24183035,-1.2309955,-1.572224
786,-1.3021568,-1.5684646,-2.9616241
787,0.01781358,0.6948926,0.8758787
788,-2.151053,-2.7530677,-4.815808
789,1.2917838,0.99761367,2.2754498
790,1.220286,1.1955024,2.4125586
791,1.18129,2.4188795,3.4250257
792,-1.051052,-1.5613086,-2.6373694
793,0.838217,2.4897015,3.323856
794,-1.13405,-2.4090886,-3.3783894
795,-1.8627244,-1.9840109,-3.730797
796,-0.2234295,-0.99219483,-1.2438049
797,0.7996656,0.49522036,1.3609217
798,-2.0022697,-0.957976,-2.9993832
799,-0.9665635,-1.4634898,-2.2747254
800,-1.7149321,-0.7554796,-2.566183
801,0.62792575,0.08532262,0.64873314
802,0.97799057,0.41646254,1.3375288
803,0.011367479,0.91920274,0.7167676
804,-1.0593561,-3.020163,-4.04607
805,-0.3723559,0.118198305,-0.15009424
806,-1.1877589,-0.62607926,-1.7988877
807,1.9574358,3.869633,5.813474
808,-0.4006183,-0.7914513,-1.2639376
809,-0.98497605,-2.3414707,-3.3216603
810,0.5150161,1.1809437,1.7568982
811,0.27576745,-3.1896849,-2.8700066
812,0.44985032,1.8177394,2.188328
813,-0.5696559,-0.72809505,-1.3202033
814,-0.8890617,-2.1574597,-3.0374973
815,-0.12884198,0.3192904,0.15463655
816,0.47072142,-0.28620702,0.2016882
817,-2.083955,-3.0718596,-5.066941
818,1.0301398,1.1398219,2.291441
819,-0.4735673,0.27174842,-0.24393429
820,-2.1942046,-1.9167572,-4.105218
821,0.23268487,-0.17356713,-0.04391004
822,-0.7134572,0.22965276,-0.55954903
823,-0.16523808,-0.15304941,-0.2638985
824,-0.20352536,1.5345306,1.3012896
825,-0.7738854,-0.3076342,-1.2420805
826,1.4411511,3.0437357,4.5719056
827,0.90776134,1.6765882,2.6475027
828,1.7956977,2.8525436,4.6412024
829,-1.0967064,-1.6332242,-2.5781538
830,-0.42482695,0.21566525,-0.1658461
831,-1.0322269,-2.4840822,-3.4069352
832,1.8730664,2.926001,4.8894553
833,0.932745,0.52709067,1.6231955
834,1.6894258,0.5475985,2.3500776
835,0.70139784,3.0381372,3.6814718
836,2.00857,2.3353252,4.1144257
837,-1.5011499,-2.7847805,-4.156521
838,-2.176806,-2.6111257,-4.8371716
839,0.41354385,1.2964864,1.6736579
840,-1.2940097,-3.400552,-4.6410217
841,0.39648297,1.2005466,1.5611504
842,1.652419,2.6104422,4.0025496
843,-0.004796495,-0.95287704,-0.96315265
844,-0.053997826,0.27917284,0.13945605
845,-1.5826277,-2.3986773,-4.00976
846,1.0787189,0.67756635,2.0220494
847,2.3296134,4.4569273,6.8860974
848,-1.0517751,-2.6092646,-3.6700475
849,-1.8795387,-2.5949008,-4.579476
850,1.9454997,2.685238,4.610559
851,-1.1432381,-0.10538936,-1.1772302
852,-0.71345836,-1.8378191,-2.5872705
853,0.104442336,0.4115282,0.6708262
854,-0.0062574167,-0.025217589,0.074666046
855,0.6506392,2.5846,3.043569
856,-0.4487019,-1.6132052,-1.948425
857,0.23886769,-0.42825985,-0.22002052
858,-0.17714728,-0.069887236,-0.37446958
859,0.95654815,-0.48640865,0.6546955
860,-0.374681,-1.3331466,-1.6804467
861,0.7752155,0.3926078,1.1884143
862,-1.7618802,-1.4617703,-3.0920758
863,0.017973471,0.6859936,0.69678676
864,0.66498166,0.64658844,1.1782626
865,-0.8629476,-0.9473974,-1.7602341
866,-1.5164661,-1.3261497,-2.8270473
867,-0.8484894,0.007395923,-0.8848212
868,-1.7673379,-2.8765836,-4.6999187
869,-2.0089598,-0.78103435,-2.8710752
870,-1.7057315,-3.1874442,-4.9626
871,-0.32416588,-0.28777337,-0.5407325
872,-0.21102294,0.6712544,0.5089735
873,-0.3279124,-1.0195591,-1.2878854
874,-0.270226,-1.1946557,-1.5766492
875,-0.46243417,-0.22718376,-0.67000633
876,-0.5582743,-1.1153519,-1.5763919
877,0.12784939,0.37714055,0.39311397
878,0.60227835,0.24661016,0.6617666
879,-0.7086811,-2.0033789,-2.6944852
880,1.9663047,-0.7422451,1.3358309
881,1.0182139,3.1781774,4.2694154
882,0.3184257,0.8826206,1.192018
883,0.19769116,0.52137506,0.81240773
884,-0.8457182,-0.17140162,-0.9195744
885,-2.303444,-0.45118332,-2.763843
886,1.4107691,0.55022043,2.0389583
887,-0.15199335,-0.50411093,-0.7242224
888,-0.12072419,1.4119085,1.2643682
889,1.0200928,1.0430869,2.1775665
890,1.2653327,1.3914292,2.6884131
891,0.4617464,0.3402682,0.7758636
892,0.56829154,0.28191668,0.7747018
893,0.061855916,-0.07712661,-0.007035502
894,0.40254632,-0.75922775,-0.38876426
895,-0.89615816,-1.3511872,-2.0541184
896,-1.5038068,-1.6685902,-3.112088
897,-0.6542301,-0.3365286,-0.8848447
898,0.7914911,1.0706848,2.029875
899,1.3920438,2.164657,3.4920313
900,-0.17508087,-1.6800487,-1.8039789
901,-2.236072,-1.6907587,-4.1047106
902,2.0570357,2.2637603,4.3600783
903,0.47125125,-0.8965415,-0.4192182
904,1.7625357,1.6300362,3.2410545
905,1.136677,0.89733994,2.1103253
906,-0.5717282,-1.7010318,-2.1490273
907,-1.1248033,-1.7259398,-2.872189
908,0.033205535,-0.995705,-1.0270458
909,0.3218213,0.73044,1.1845487
910,0.5242458,2.227532,2.8868074
911,-0.79439616,-1.4635695,-2.2087684
912,-2.6596441,-3.1577384,-6.0268407
913,1.0906459,0.54504985,1.6754701
914,0.25199816,1.3131326,1.6047717
915,1.9790425,1.022759,3.0495048
916,-0.40516797,-0.35227448,-0.9943679
917,-1.207586,-0.24734718,-1.2188091
918,2.1433785,2.782197,5.0352526
919,-0.27721465,-0.77310157,-1.3370895
920,-0.2549624,1.6041975,1.2510281
921,-1.4800621,0.6556562,-0.72221124
922,-0.18112536,0.23492219,0.23105864
923,-0.68304956,-0.5590988,-1.2489825
924,-0.47895598,-0.7305068,-1.2117866
925,-0.63236994,0.28056705,-0.373809
926,-0.7847114,-1.0774674,-1.7949841
927,-1.2576106,-1.2743123,-2.6179187
928,0.8484262,-0.33140898,0.5403801
929,0.9520068,1.4943175,2.4879255
930,0.657995,0.43336192,1.0207869
931,0.12095279,-0.20132592,-0.05630061
932,-1.9345555,-2.0985582,-4.144448
933,-0.7010972,-1.4408085,-2.2738688
934,1.7233856,0.52403593,2.2819097
935,-1.3877635,-0.24904609,-1.6040425
936,-1.3109823,-2.0946465,-3.5275595
937,0.24259149,0.2530547,0.5153293
938,0.3271417,-0.16939887,0.19414051
939,1.6026602,2.5189385,4.0820036
940,0.19087814,1.4417492,1.7543395
941,-0.15979551,-1.2776788,-1.5376248
942,-1.2216401,-1.8591987,-3.036017
943,-0.81486726,-1.6014438,-2.5494475
944,-1.3886571,-1.0335718,-2.406793
945,0.9344725,0.40317613,1.491152
946,-0.620558,-1.8861161,-2.6321013
947,-0.43558523,-0.80239785,-1.3088626
948,0.2627319,1.6415874,2.0673442
949,0.10411005,0.76821417,0.8654814
950,-0.30278838,2.1437917,1.8513634
951,-0.30866513,-1.2868489,-1.6256131
952,-1.3553522,-0.76930857,-1.960671
953,1.6751604,2.125793,3.7830884
954,-0.9029019,-1.7644541,-2.7326336
955,1.7776935,0.9957111,2.7769637
956,-0.69911075,-0.798495,-1.638663
957,-0.8319675,-2.18627,-2.9521036
958,-0.0961107,2.0149894,1.9257047
959,-0.7569544,-1.2893629,-1.9255846
960,0.9825639,0.60844314,1.6278183
961,-1.2130167,-1.913761,-3.1541905
962,-1.1807935,-1.0400978,-2.1460826
963,1.4200044,1.533305,3.1405244
964,-0.10874437,-0.15421516,-0.26237723
965,-0.104216255,-0.40373403,-0.37328652
966,2.5198956,3.1633031,5.653647
967,0.25338304,-0.7898786,-0.509171
968,-0.45794827,0.55580264,-0.032528713
969,0.6362305,0.58374864,1.1504894
970,-0.10093719,-0.5875058,-0.6283024
971,-0.14672843,-2.2934697,-2.6694286
972,-0.38953248,-2.7250707,-3.2731845
973,-0.4245297,0.23120472,-0.20104091
974,-0.7884429,-2.5548372,-3.3468342
975,-0.3449618,0.34430775,-0.08144522
976,-1.3171793,-1.5450208,-2.8702333
977,1.7267823,1.7077699,3.3281415
978,-0.08469393,0.039213777,-0.21902293
979,-0.19749847,0.46603397,0.14598724
980,-0.16487913,-0.8386506,-0.98056746
981,-0.76283276,0.527084,-0.28967434
982,-1.2527763,-0.96695316,-2.2954106
983,-0.32991943,-2.010417,-2.2928123
984,-1.3473511,-2.4317906,-3.6855443
985,0.45308796,0.4511801,0.77386886
986,-0.14396162,-0.6259591,-0.74569523
987,0.37218663,0.38351974,0.86363745
988,0.3868507,2.038013,2.4244757
989,0.07533908,-0.21118182,-0.22035506
990,-0.17003159,1.4109343,1.2818108
991,-0.00853623,-0.75651044,-0.7968032
992,1.2172196,2.1039557,3.1019247
993,-0.53160536,-0.50625545,-0.88360864
994,0.6115104,1.4342875,2.023325
995,0.21347785,0.7214638,0.78194106
996,-0.6306264,-0.037041545,-0.76273423
997,0.15040126,-0.25119925,0.03462401
998,-0.18309374,-0.2971038,-0.6404128
999,0.5924134,0.6923225,1.0919652
1000,-0.26041517,-0.7452735,-0.9597593
1001,0.589088,-0.03993702,0.7272996
1002,0.7967103,-1.4902115,-0.7118765
1003,-0.21777694,0.9894962,0.61433303
1004,-1.365644,-0.09345257,-1.467857
1005,-0.090155266,0.863382,0.62378025
1006,-1.1486864,-2.1752052,-3.5019772
1007,1.1021298,0.018203855,1.0767751
1008,-1.4778507,-0.5577764,-1.9836481
1009,-0.37851843,0.21894398,-0.14501165
1010,-1.3675224,-2.5724995,-3.786749
1011,-0.384921,-1.1547432,-1.6211612
1012,-0.299149,0.09241021,-0.18988013
1013,-1.1585684,-1.7421265,-2.8737001
1014,0.21331829,0.5863111,0.696139
1015,-1.5791091,-1.1358464,-2.6440277
1016,-0.32706526,0.28310016,0.022253916
1017,0.6810441,0.29941747,0.9121544
1018,-1.4341044,0.4131956,-0.9509286
1019,-0.50901,1.4760189,0.8237379
1020,-0.013362659,1.7423776,1.6775067
1021,0.20713364,-1.0018246,-0.86951625
1022,0.28217596,0.65651226,1.0582318
1023,0.9623282,-0.1638087,0.86545956
1024,-0.27087876,0.491648,0.14884785
1025,0.7237299,0.94101375,1.7072532
1026,1.7589778,3.4420557,5.1485863
1027,2.285875,1.9839078,4.1180325
1028,-2.162708,0.012982845,-2.016788
1029,-0.14272082,-0.26826543,-0.42980298
1030,-1.6980903,-1.803097,-3.7322974
1031,1.3225996,0.4021436,1.5885782
1032,1.9941441,4.2108846,6.1389356
1033,-2.3457203,-1.1022005,-3.4784565
1034,-0.59416956,-1.4524188,-1.9642755
1035,-1.7832568,-3.0531409,-4.7122655
1036,0.02896721,0.07308017,0.18783714
1037,-0.07355936,-0.199166,-0.33534327
1038,1.014587,2.089078,3.2251387
1039,-0.09502555,-0.5720742,-0.6975298
1040,0.87766325,0.6187325,1.5832299
1041,0.95543206,1.6955035,2.5128388
1042,-0.12119345,-1.4714513,-1.6542034
1043,0.9076101,1.6594181,2.5451903
1044,-0.55808294,0.1192292,-0.48213673
1045,0.17754477,-1.7773998,-1.5594803
1046,0.3975153,-0.40423095,-0.18787663
1047,0.2146941,-0.06282516,0.13949965
1048,0.06650097,0.19826147,0.21347414
1049,1.2744013,0.09485614,1.2793266
1050,2.3044312,2.4408371,4.7870674
1051,0.21290931,-0.41926536,-0.14961411
1052,1.7532377,1.1532536,2.8670542
1053,-0.9409517,1.501808,0.63380766
1054,-2.627029,-3.2800758,-5.9998145
1055,0.27492854,-0.36615458,-0.19244751
1056,1.466152,1.2200426,2.7048619
1057,0.01102681,-0.50922805,-0.5475325
1058,0.8917546,2.1504774,3.171581
1059,-0.4369228,1.2534013,0.6639144
1060,0.05877642,-0.5658241,-0.3585472
1061,-1.8423102,-1.658985,-3.5091074
1062,-0.92506075,-0.0036061406,-0.8628839
1063,-0.5395569,-0.34987915,-0.930576
1064,0.10335808,0.06163799,-0.049880803
1065,-1.146132,-1.0302833,-2.2745392
1066,-1.1407533,-1.3461185,-2.4454443
1067,0.07127627,0.3350829,0.32067576
1068,-0.5230657,1.6325272,1.1975412
1069,-0.38246882,-0.7190703,-1.1940786
1070,-0.3002151,0.52893734,0.09375554
1071,-0.6720368,-0.89141095,-1.3299005
1072,-1.4751774,-1.3439616,-2.902494
1073,-0.75962573,-1.5567684,-2.3158338
1074,-0.39581344,-1.5437269,-1.9632442
1075,0.30288863,-0.8356229,-0.60661983
1076,1.8055593,2.6676779,4.2548304
1077,1.0437758,-0.26554573,0.8152056
1078,1.3567007,1.3393875,2.805781
1079,-0.7539204,-2.2096467,-3.070624
1080,-0.41544533,-1.3412434,-1.7309303
1081,-0.73359305,-1.3273313,-2.163586
1082,-0.026654543,-0.74292237,-0.70412487
1083,-1.3691089,0.6665826,-0.6941606
1084,-1.3405118,-0.57453084,-1.792915
1085,-0.5898262,-0.8096831,-1.604528
1086,0.5482867,1.9780567,2.4795678
1087,2.3612742,2.138613,4.448622
1088,0.007337502,-0.45627016,-0.48766556
1089,0.3749729,0.3127055,0.6296933
1090,0.8155985,0.58658075,1.3316102
1091,0.060700025,2.0323026,2.1962829
1092,0.717833,0.2652756,0.96761066
1093,0.10022947,-1.7593739,-1.6694984
1094,0.072722085,-1.1487259,-1.1225166
1095,0.16268393,-0.7497091,-0.4444396
1096,-0.0074198274,-0.24326825,-0.22605847
1097,-0.62719244,-0.22638392,-0.85058373
1098,-0.65798956,-1.7117362,-2.3338716
1099,0.10722549,0.8690815,0.9859432
1100,-0.66943395,-1.6370988,-2.236347
1101,-1.7369356,-1.5323923,-3.305248
1102,0.28414017,-0.5994187,-0.2799613
1103,-0.04309378,0.89057535,0.78869003
1104,-0.117300116,0.40999207,0.23748356
1105,-0.4608898,-0.14094195,-0.4448442
1106,1.0904281,3.0010767,4.2662344
1107,1.1149473,0.31098837,1.576096
1108,-0.29093713,-1.4908035,-1.8143896
1109,-0.9807249,-0.28685766,-1.215007
1110,-1.6541339,0.09416878,-1.5712391
1111,-0.26134634,0.44192785,0.42087168
1112,0.26467642,-1.0737087,-0.77647674
1113,1.6356758,1.0151224,2.6555488
1114,-0.98078233,-0.34132314,-1.16968
1115,0.46858367,-0.64470375,-0.111795805
1116,1.2314297,1.509551,2.6956751
1117,-0.4623743,-1.2395624,-1.7400677
1118,-0.23668452,-0.9840051,-1.1895329
1119,-0.74389344,-1.3023955,-2.0153093
1120,0.35741487,-1.2457025,-0.8552078
1121,1.833275,2.133563,4.1677003
1122,-0.12624004,0.70497394,0.6038195
1123,0.6307462,0.7267604,1.3729837
1124,-1.1331644,0.9774387,-0.3283662
1125,-0.6533557,0.24912691,-0.48171294
1126,0.6528792,-0.708044,-0.17440733
1127,-0.5457175,-0.17400736,-0.6027704
1128,1.0307882,-0.08230436,1.1653196
1129,-0.3439272,-1.1028545,-1.3937273
1130,1.7945032,2.7769935,4.525239
1131,0.76133764,1.6019466,2.4075255
1132,0.92703325,0.07840294,1.0152197
1133,0.17212124,0.29520905,0.51962334
1134,1.4323965,3.3201833,4.936156
1135,0.9481771,-0.17133462,0.6946392
1136,0.3464465,-1.239092,-0.8399823
1137,-0.31533256,-0.37212917,-0.69578314
1138,-0.41383147,-1.116919,-1.5035106
1139,-0.8350844,-0.46493694,-1.464888
1140,0.916846,0.70910037,1.7463088
1141,0.70893604,0.62665474,1.3505715
1142,-0.3629989,-1.5241704,-1.7831292
1143,-1.7502726,-1.9478621,-3.692569
1144,-0.30261225,-0.14226846,-0.4183873
1145,-1.665191,-2.4278448,-4.1649528
1146,0.107237816,0.6403535,0.7047101
1147,1.1541969,1.9756339,3.276792
1148,0.45950833,1.9031041,2.3177168
1149,0.8329442,0.5680755,1.4528791
1150,-1.0407351,-0.17108852,-1.2662284
1151,1.0979861,0.1045292,1.288049
1152,-0.26001453,-0.30780214,-0.4160318
1153,0.89080644,-0.14381456,0.7983859
1154,0.018619016,-1.0353817,-1.1099604
1155,0.7527946,0.19727129,1.0515746
1156,-1.3054545,-1.3456936,-2.6334658
1157,-0.5975569,-1.5668643,-2.296419
1158,-0.23408768,-0.2732517,-0.2906989
1159,1.1324892,1.3246684,2.4896557
1160,1.081091,1.2837265,2.2884953
1161,0.101222076,-0.7820971,-0.62157226
1162,-0.17195973,1.2128056,1.0242236
1163,-2.7242389,-1.6481196,-4.545063
1164,-0.20672594,0.66575646,0.5156138
1165,0.22904523,-1.8540875,-1.575935
1166,0.44284204,-0.29291692,0.24099484
1167,0.29137346,0.40275723,0.785989
1168,-2.529458,-2.9703057,-5.4790225
1169,0.5499117,1.4571276,2.0429652
1170,-0.24490617,-0.34644708,-0.7235478
1171,-2.055653,-2.84291,-4.8858294
1172,-1.2243246,-2.7092881,-4.029241
1173,-0.41008684,-0.91903365,-1.2755126
1174,-0.9621451,-0.62933135,-1.491716
1175,-0.7408728,-0.7509166,-1.6595212
1176,0.6178385,0.014972031,0.6272263
1177,0.7856386,-0.11700237,0.58478236
1178,0.38632676,0.9846084,1.3560777
1179,-1.2311499,0.2909732,-0.89576906
1180,0.11121808,1.3424054,1.3795
1181,-1.3293701,-0.64725584,-1.8929995
1182,-0.7620156,-1.3108717,-2.031594
1183,0.63388497,0.7688822,1.4991492
1184,0.9056298,1.9966052,2.9320796
1185,1.3587029,2.617219,4.125972
1186,1.1527967,0.74048305,1.6824827
1187,-0.3746352,-2.3461554,-2.7112713
1188,1.5842705,1.8173505,3.335577
1189,0.06778067,-0.11460358,-0.026386179
1190,0.8504219,0.053033292,1.0069455
1191,-0.95313126,-1.0124245,-1.9133244
1192,0.3191507,1.004398,1.5130833
1193,-0.5872924,-0.07704061,-0.69775623
1194,0.5148465,2.8454432,3.3479433
1195,1.0944103,1.2636472,2.2439451
1196,-0.40629807,-0.22348374,-0.5464646
1197,-0.63506484,-0.04876715,-0.7336465
1198,0.5522337,1.9078573,2.487093
1199,0.10835527,1.1653641,1.4419749
1200,1.430738,-0.24364436,1.1224068
1201,0.44757083,0.6053838,1.252945
1202,0.91329473,2.4424446,3.3571517
1203,-1.0990468,0.21932268,-0.74261355
1204,-1.407344,-2.2773414,-3.7134137
1205,-0.5275582,0.10805309,-0.38654062
1206,-0.14801285,-1.0487051,-1.0726938
1207,-0.16577125,-1.3001653,-1.6132491
1208,-0.5983561,-0.31480488,-0.99049467
1209,-0.047497727,1.4661951,1.3744135
1210,0.9911939,1.1441916,2.2007623
1211,1.3168035,1.8799314,3.1404831
1212,1.4752539,3.630978,5.0973535
1213,-0.70175874,-1.4311507,-2.0067592
1214,-1.2353164,0.9284445,-0.3244323
1215,-0.030849528,0.703847,0.49516225
1216,0.15026769,-0.42781386,-0.35501248
1217,0.8461005,1.1210871,1.8531942
1218,-0.27496314,-1.0855755,-1.379111
1219,1.2317026,2.8133237,4.0470047
1220,-0.24310803,-0.33163935,-0.83052355
1221,-0.6099021,-0.25273502,-0.81689763
1222,-0.7207677,-3.3427532,-3.970286
1223,-0.5992152,-0.561176,-1.1742404
1224,-1.2388355,-2.3688512,-3.4009702
1225,-2.0502748,-2.467192,-4.7422895
1226,0.33139285,-0.6598717,-0.41999492
1227,0.10035501,1.3546493,1.3544897
1228,0.28502104,-0.06177056,0.2102509
1229,-0.17850244,-1.4395932,-1.5252244
1230,-0.30225658,0.08359793,-0.21389289
1231,1.1362591,2.7559032,4.0673366
1232,1.5638123,2.8183355,4.1947746
1233,1.198605,0.3361035,1.5583754
1234,-0.6242748,-1.1891501,-1.7506057
1235,-1.1691055,-1.1157521,-2.1881828
1236,0.033103283,1.1376612,1.2748015
1237,-0.2474512,1.2817236,0.94553775
1238,-0.431237,-1.4012893,-1.769231
1239,-0.81120723,1.5058458,0.6207729
1240,0.27303267,1.6362969,2.0163524
1241,-0.037576474,-1.4783609,-1.505547
1242,1.1102469,-0.4633894,0.81680775
1243,-1.2031757,-0.36794704,-1.6580735
1244,-0.49985757,-1.3358927,-1.837808
1245,1.3742161,0.6451458,1.9376003
1246,-0.123037376,-0.5159179,-0.8539541
1247,-0.78287315,-0.65106744,-1.5345862
1248,-0.10841464,0.15926415,0.075585425
1249,-0.85877717,-1.1328107,-1.8076922
1250,-0.39988148,1.0430336,0.60596067
1251,-0.7331879,0.31064868,-0.5911966
1252,0.37196565,0.3405544,0.57190216
1253,0.35101604,1.9898793,2.4484513
1254,1.835105,1.4781766,3.2920928
1255,0.41648614,1.3106836,1.802928
1256,0.9664284,0.59304106,1.5263875
1257,-0.27572227,-0.26075736,-0.5612948
1258,1.201571,0.84587705,2.0411255
1259,-1.352098,-0.74826705,-2.2310991
1260,-1.4969368,-1.8785105,-3.3987386
1261,-0.037641965,0.019938678,-0.021679502
1262,1.0834569,2.416778,3.4216523
1263,0.87216586,-0.663377,0.18716408
1264,0.63215846,1.3959463,2.1402962
1265,0.72666687,1.6662886,2.3227575
1266,-1.2969393,-0.47815287,-1.7612246
1267,-1.7890838,-2.0013545,-3.7350159
1268,-0.8321559,-2.943002,-3.7744248
1269,-0.58875334,-1.2903373,-1.7955022
1270,2.148383,2.2592034,4.2988105
1271,-1.3954705,-1.303558,-2.6175935
1272,-0.05185412,1.4316212,1.4866815
1273,-0.017920723,0.36568108,0.31313944
1274,-1.0916958,-1.6831336,-2.763638
1275,1.4073026,1.9155486,3.489758
1276,-1.3276638,-1.5929608,-2.9093306
1277,0.2345043,2.745192,2.9538567
1278,0.039602,-0.013592351,0.13331991
1279,0.1495805,-0.36199486,-0.41623363
1280,-0.35772082,-0.67579114,-0.7929141
1281,0.2561913,-1.0270681,-0.9003066
1282,0.2019086,1.8325057,2.0558164
1283,1.0262383,1.5073247,2.3046863
1284,1.4611945,2.327998,3.7063003
1285,1.0872777,0.9129917,2.2041216
1286,-1.1520895,-0.8366883,-2.0960546
1287,0.5517785,0.82773125,1.2691132
1288,1.0712303,-0.087145805,0.9835414
1289,0.55902684,0.3375509,0.81846464
1290,-0.117903985,-0.35136122,-0.46432132
1291,-0.16116787,-0.028027356,-0.21984667
1292,1.2900232,1.5744481,2.8895683
1293,0.51628983,-0.4404639,0.13181643
1294,-0.18291476,-0.49464288,-0.8345817
1295,1.1492163,1.5251774,2.7230148
1296,-1.2178433,-0.9004554,-2.0023386
1297,0.49827218,-0.15939021,0.4179842
1298,0.99141127,-0.2582745,0.75614494
1299,-1.1118553,-0.92433256,-2.117654
1300,0.7879682,-0.11435264,0.58764225
1301,0.18725175,2.342098,2.625664
1302,-0.6959802,-0.8520242,-1.4783964
1303,-1.400391,-3.5785084,-5.03682
1304,1.1913958,1.3725468,2.5161507
1305,2.102734,2.0264487,4.301317
1306,0.93663186,-0.6558723,0.20207137
1307,0.7440737,0.017269671,0.79667383
1308,-0.28440973,-1.8463212,-1.9897293
1309,-0.43265152,1.2709482,0.8242774
1310,0.43124637,1.2020895,1.4308859
1311,0.77496326,0.43232164,1.0364771
1312,-0.6093908,-0.05163306,-0.81358397
1313,-1.2759883,-3.20429,-4.320703
1314,0.33353388,0.14510529,0.28736025
1315,-0.7406152,0.13817483,-0.6724123
1316,-0.35817832,-1.4551961,-1.759434
1317,1.1083943,1.4060129,2.5907204
1318,0.027559534,-0.47961116,-0.50132513
1319,0.7863796,0.6267635,1.4724399
1320,-0.6583265,-0.040579498,-0.6064834
1321,-0.5699684,-0.76632375,-1.3660861
1322,1.6183909,0.9877394,2.3981657
1323,-0.8401434,0.20764405,-0.7297187
1324,0.08225836,0.8206722,0.91321874
1325,0.42874232,-0.016924381,0.40996593
1326,-0.8843627,-1.0474986,-2.0504317
1327,-0.274444,-0.95299673,-1.1535773
1328,0.24908711,-0.5098146,-0.44213685
1329,1.4106027,0.32876384,1.7874879
1330,-0.97431844,-0.6854407,-1.6539016
1331,-0.054010093,0.826226,0.9279097
1332,-0.0753707,-1.4152957,-1.4314616
1333,0.31771535,-0.5289167,-0.05909784
1334,-0.91306233,-0.3963163,-1.4743305
1335,-0.9160868,-0.9320485,-1.9848586
1336,2.1704633,0.8682486,2.9613721
1337,0.886278,1.2792778,2.0295753
1338,-1.5712897,-2.2254033,-3.8042386
1339,-1.45304,-0.86383367,-2.3479037
1340,0.7537816,1.0838783,1.920181
1341,1.0329682,0.51421636,1.343864
1342,1.1512841,2.3631208,3.5823343
1343,-0.0015501694,0.8188843,0.8385942
1344,-0.17993143,-0.16746394,-0.21146202
1345,-0.3160408,-0.63288397,-0.93810236
1346,1.3395976,1.4218773,2.7478368
1347,0.647182,0.33452803,0.9676168
1348,-0.3960109,0.8527447,0.5106349
1349,1.5010592,1.823589,3.1665485
1350,0.06298763,-0.8666832,-0.7596156
1351,-0.11676487,-0.8486675,-1.0166088
1352,0.62914544,0.95905995,1.597566
1353,0.7961452,1.1082255,1.7967064
1354,0.55381787,0.83819103,1.4035109
1355,-0.80670017,-0.70517594,-1.5216529
1356,0.20714036,0.8843374,1.0931232
1357,0.9858421,1.0107234,1.8754826
1358,0.7330278,0.4574865,1.1196057
1359,-1.6079491,-2.3962286,-3.8614912
1360,-0.6097747,0.11939055,-0.4991957
1361,0.33480412,1.1503797,1.5019177
1362,-0.8718585,-0.29237068,-1.2420684
1363,-2.2709854,-1.9267318,-4.228943
1364,-0.516417,1.2745258,0.5919056
1365,0.38230985,0.40794525,0.96371746
1366,0.81737083,0.7927423,1.6997375
1367,0.50193805,-0.0793156,0.54720086
1368,1.1508785,2.3846593,3.3752313
1369,-0.5324019,0.7129663,0.052259877
1370,-1.6515633,-1.3872517,-3.0219126
1371,-1.2756951,-1.0779378,-2.4363258
1372,1.0993001,0.11283773,1.2178401
1373,0.8404039,1.624975,2.3931053
1374,-0.65977275,-0.5980779,-1.2225515
1375,-0.011389742,-0.14884786,-0.14272189
1376,-1.7978916,-2.1291056,-4.000903
1377,0.8063731,0.31309244,1.1606504
1378,0.27507126,-0.6589083,-0.4710425
1379,0.2454147,0.022582889,0.30712008
1380,-1.0875517,0.32700324,-0.842187
1381,-0.026976181,-0.98500395,-0.9396706
1382,0.42688996,0.40388384,0.7642408
1383,-0.5872803,0.3603813,-0.36949098
1384,-0.034435406,-0.65399206,-0.55531555
1385,0.3012782,1.7322966,2.2511594
1386,0.4956111,1.3706536,1.8887367
1387,-0.5045473,-0.8312485,-1.415796
1388,-0.82154644,-1.2171725,-1.8758253
1389,-0.6161539,-0.6330205,-1.1901809
1390,2.9440405,3.8221023,6.894004
1391,-0.016310778,-0.020530557,-0.081287876
1392,0.6795053,-0.39912838,0.2707249
1393,-1.2836355,-1.9262316,-3.2350078
1394,0.09988832,0.7535806,0.78722495
1395,-1.8340108,-2.588144,-4.31021
1396,0.05590309,-0.7289235,-0.75554943
1397,2.0681984,2.0190072,4.0852385
1398,1.0583221,0.3120168,1.0394467
1399,-0.87421227,-0.004450083,-0.83602273
1400,0.22812875,-0.65589726,-0.57967657
1401,-0.53200847,-0.5893917,-1.3158858
1402,-0.35926563,-0.5481757,-0.9564527
1403,-0.5917368,-0.30803126,-0.91878927
1404,-2.8874013,-2.1960762,-5.1838584
1405,0.4407695,0.48893926,0.8946485
1406,-1.1815318,-1.4095972,-2.7009568
1407,-0.10482167,0.40081853,0.444811
1408,0.8807195,1.5641654,2.3731956
1409,0.009291511,0.30539063,0.11316092
1410,-2.1638122,-1.4624858,-3.584053
1411,-0.17641884,-1.2964408,-1.5535792
1412,0.118830666,1.4823463,1.5238507
1413,-1.4011569,-0.113470435,-1.4614865
1414,-0.06733937,0.48723942,0.52941686
1415,0.24440198,1.6688904,1.9033618
1416,-1.0794076,-1.7348585,-2.7759402
1417,-2.1110597,-2.204238,-4.255686
1418,-1.6659147,-1.8157803,-3.3152428
1419,1.3385481,1.2163649,2.5845897
1420,0.55181223,1.5256866,2.0830615
1421,0.87979895,-0.9501249,-0.09539273
1422,-0.062513225,-0.28089052,-0.25641066
1423,-0.34461805,0.0394212,-0.18161312
1424,2.0577326,1.6969848,3.685888
1425,0.41769093,0.97348636,1.2271799
1426,0.63245624,1.50456,2.2645948
1427,1.5207026,3.249492,4.8561497
1428,-2.857927,-4.448221,-7.1409082
1429,1.4247597,3.540154,5.110036
1430,0.46751478,-0.17270723,0.26460427
1431,-1.0219194,-0.55815446,-1.5095571
1432,0.6821776,-0.14102072,0.57742727
1433,0.48543757,0.49392673,0.99601513
1434,0.3374072,0.023930103,0.52158976
1435,-0.56273365,-0.47949904,-1.1193465
1436,-0.21446249,0.14578259,-0.27216023
1437,-0.5940769,-0.60458654,-1.2206019
1438,0.4724917,1.6131978,2.2386472
1439,1.21431,0.1497091,1.3164787
1440,1.2677206,2.4284704,3.7087605
1441,0.3660699,-0.19508278,0.3318678
1442,-1.0777894,-1.3034409,-2.3798864
1443,0.4828486,1.2803196,1.9020513
1444,0.8501619,1.9573314,2.8377743
1445,-0.72904766,0.45908546,-0.27420667
1446,-0.12134726,-0.31556517,-0.3287902
1447,1.8386573,1.4227405,3.399249
1448,-0.67972904,-0.1840291,-0.9616717
1449,1.0611875,3.2654612,4.4305205
1450,-1.364422,-1.6915944,-2.8597395
1451,-0.48964867,-1.450327,-1.895833
1452,-0.44726083,-0.07987261,-0.43973866
1453,0.12835312,0.9976827,1.1136346
1454,-0.93903065,-0.829369,-1.7710184
1455,0.56766236,0.89495826,1.4334437
1456,-0.79345185,-0.92712885,-1.667525
1457,1.268805,-0.058977723,1.1638081
1458,-1.0852287,-2.8824048,-4.0080066
1459,0.13647978,0.600411,0.7064134
1460,-1.6442126,-0.97529095,-2.5612144
1461,1.0924035,1.5171028,2.5721805
1462,-0.3036938,1.1972952,0.89172965
1463,-0.16338237,1.1905669,1.2679452
1464,-0.6815957,0.18210769,-0.41837287
1465,0.46493542,-0.031681508,0.40620542
1466,1.5307543,2.5334167,4.139401
1467,-0.7521151,-0.6481865,-1.4264399
1468,-0.16500211,1.2632116,0.9710167
1469,1.2106289,1.7370584,2.797278
1470,-0.30371574,-0.2471207,-0.42504692
1471,0.1770506,1.0200517,1.2585782
1472,-0.2579699,-0.2421697,-0.40345734
1473,-0.3547805,-0.41014534,-0.75185806
1474,-1.0992513,-3.6756642,-4.754994
1475,-0.9180028,-0.5846192,-1.4369639
1476,2.203938,1.3453095,3.533672
1477,1.3148435,0.69639826,2.0271733
1478,1.1755384,2.3029118,3.4986064
1479,-0.04249052,0.32531172,0.41467154
1480,1.0224613,1.8423223,2.7593064
1481,-0.2299682,-1.4785618,-1.5782094
1482,-0.52660507,-0.572923,-1.2039682
1483,0.78765726,-0.046878874,0.5830611
1484,-0.59320587,-2.3980193,-3.0407307
1485,-0.17770188,0.8396624,0.57111526
1486,2.0082443,1.3332424,3.2816598
1487,0.8350296,-0.79662824,0.22953725
1488,-0.3340999,0.34717822,-0.011913842
1489,1.06142,0.542621,1.570399
1490,-0.18054067,-0.46675587,-0.74677503
1491,0.16415387,1.7972891,2.0944953
1492,-0.10466151,-1.3980558,-1.5936451
1493,0.60328996,0.9547926,1.5338088
1494,-0.09287717,0.37725043,0.3558891
1495,0.94731987,0.17528713,1.0664797
1496,-0.44251463,0.23199925,-0.18514033
1497,0.4469242,1.2043357,1.4616163
1498,0.37355953,1.8159313,2.2942307
1499,0.5583447,0.55154556,1.0395412
1500,-0.43176475,-0.6824767,-1.3590729
1501,-0.3806794,1.3280156,0.76664186
1502,0.030047292,-0.82226944,-0.93931586
1503,-0.9262105,-1.3212268,-2.2311513
1504,-0.08088808,0.8720895,0.7758102
1505,0.50715625,0.66476166,1.1392139
1506,0.9627356,1.1720715,2.021261
1507,-1.1306325,-1.8897426,-2.9941454
1508,0.06847224,-1.9485255,-1.8723754
1509,1.4807668,3.1972136,4.6107626
1510,0.5375705,2.6485012,3.23086
1511,-1.2222711,-2.2110991,-3.522636
1512,-0.48042974,1.3763832,0.9301797
1513,0.46134457,0.6296649,1.1099739
1514,-0.3192502,0.5141443,0.22104685
1515,0.84441,1.3173277,2.230299
1516,1.5464137,2.1293886,3.5563726
1517,0.740838,1.2477992,2.0328653
1518,0.6650577,2.7169302,3.5278099
1519,-1.5406923,-0.38741982,-1.8781116
1520,-1.2029877,0.4805019,-0.5951138
1521,0.754869,0.30691117,1.0575112
1522,-0.15734904,-1.6145115,-1.7739336
1523,2.3128712,2.3548734,4.552639
1524,-0.05660986,0.5537654,0.44003463
1525,1.0005105,-0.11306298,0.9871027
1526,0.7741876,1.8997977,2.687529
1527,-0.1787502,0.03445469,-0.19435103
1528,-0.4154694,0.7970195,0.4412898
1529,0.76793456,0.5117823,1.264806
1530,1.4607809,0.42725742,1.9214222
1531,-0.4753902,0.048047066,-0.50485086
1532,0.2265287,0.23354228,0.3739746
1533,-0.9434426,-1.2651923,-2.0836966
1534,-0.011307861,-1.4692916,-1.4937601
1535,-1.1663567,-1.162302,-2.3450835
1536,0.21462867,0.9887868,1.3358893
1537,0.13265003,0.5818706,0.77434343
1538,-0.49407625,-1.3497312,-1.7452075
1539,-0.4458601,0.7757078,0.3457052
1540,0.37796816,0.4713815,0.65096885
1541,0.6496259,2.7157311,3.300893
1542,0.028360069,-0.6003059,-0.59365183
1543,-0.7533067,-1.5860596,-2.3934364
1544,2.9598942,4.2303085,7.1356783
1545,-0.50882834,-0.8186532,-1.2083172
1546,2.2735348,2.2875705,4.754537
1547,0.64746976,1.5182521,2.3081512
1548,-1.3983291,1.1496576,-0.34444755
1549,1.6512812,0.65585184,2.2209396
1550,1.1854731,1.7862453,2.8971102
1551,-0.13808589,-0.29548663,-0.35287538
1552,-0.15956941,1.8525122,1.617738
1553,0.5208866,0.30836165,0.82417524
1554,-0.55389684,-1.8975775,-2.244316
1555,0.79720443,0.1419918,0.98674726
1556,2.701874,2.0802655,4.860287
1557,-1.7687842,-2.3605409,-4.199827
1558,0.41843444,2.385231,2.8698077
1559,-0.09379494,-0.03187795,-0.12406484
1560,2.326135,3.677515,6.0037785
1561,0.45978996,0.6326655,1.1705506
1562,2.0372312,3.2994661,5.429966
1563,1.2342427,-0.7778287,0.5884223
1564,0.7646041,-0.008352816,0.6139803
1565,-0.07405374,-0.1286378,-0.40356326
1566,0.12443076,-0.3675545,0.026784107
1567,0.2664473,-1.3014859,-1.0421513
1568,0.10760026,1.0566003,1.1429315
1569,0.48998207,0.38037917,0.9923078
1570,-1.4154605,-1.1816106,-2.5697398
1571,0.15432695,-0.21393174,-0.088841215
1572,1.5509697,3.5879607,5.052118
1573,0.3902681,-0.5120208,-0.0492282
1574,-2.9349732,-2.8356612,-5.7257643
1575,-0.09160061,1.976712,2.0490074
1576,0.004235169,-0.87756354,-1.0934564
1577,-0.24008432,-0.8176595,-1.275609
1578,-1.1223722,-0.28994483,-1.3780581
1579,-0.5512526,1.4147837,0.8400787
1580,-0.14898267,0.426115,0.120545104
1581,-0.6331168,-1.4826679,-2.115719
1582,-0.34653205,-0.4959997,-0.9342399
1583,-0.9930208,-0.5238564,-1.3957986
1584,1.3078307,0.59904426,1.9993057
1585,-1.3118693,-0.80913055,-2.335401
1586,0.48303834,-0.7632419,-0.3116099
1587,0.6196253,-0.4958611,0.13277817
1588,0.6523929,0.16683313,0.8459439
1589,1.1135486,1.4459648,2.3643796
1590,1.2766845,1.8179599,3.0519996
1591,-0.9877191,-0.17740989,-1.427765
1592,1.1414642,2.150951,3.2971196
1593,-1.0930855,-4.476914,-5.7209415
1594,0.73822707,0.8548922,1.5728114
1595,0.3521031,0.25282696,0.5537949
1596,0.9491815,1.0797093,1.9749695
1597,0.19336826,0.56834435,0.7716221
1598,-1.5455987,-1.7754903,-3.224134
1599,-0.15621433,0.8029386,0.580137
1600,-0.6454943,-0.5945897,-1.3510807
1601,0.72035843,2.215718,2.9877841
1602,1.3386109,0.2590047,1.5732983
1603,0.7513428,1.9530872,2.615374
1604,1.4276996,-0.068957806,1.22949
1605,-0.7935247,-0.7252034,-1.5571468
1606,0.060827553,-0.5561907,-0.4952237
1607,0.7890692,0.5389831,1.359456
1608,-0.0588969,0.070595756,-0.06132005
1609,-0.22282358,-1.2961967,-1.4069706
1610,0.3220869,-0.06874958,0.32743865
1611,0.5779461,2.0114295,2.670481
1612,0.08371589,-1.5874835,-1.5269645
1613,0.15248957,-0.6250551,-0.555669
1614,0.8376818,0.3401147,1.2431126
1615,-1.1985317,0.73911095,-0.29838
1616,-0.22175339,-0.12908733,-0.39480764
1617,0.10063401,1.0665553,1.254363
1618,0.5748829,-0.492647,-0.11300866
1619,0.4301402,0.40090588,0.7383236
1620,0.85015213,2.1440125,3.05929
1621,-0.041483827,0.48767287,0.41983455
1622,0.038709655,0.20962307,0.30012056
1623,1.2176051,2.3838372,3.6862469
1624,0.71803325,1.1920574,1.7836684
1625,0.30019805,-0.48811808,-0.14879721
1626,-0.3842119,-1.305382,-1.6184087
1627,0.7541271,0.43852,1.0706198
1628,0.2731167,0.12385997,0.6027788
1629,-1.1926157,0.014846802,-1.157083
1630,0.71859986,-1.19207,-0.3775185
1631,-1.8053695,-3.333766,-5.069139
1632,1.1490574,1.375231,2.536136
1633,-0.789007,0.48762602,-0.26834896
1634,-0.23498945,0.817136,0.4102174
1635,-0.13436264,-0.9658563,-1.2576097
1636,1.5356162,1.3633492,3.0643454
1637,-0.70533603,-0.812217,-1.2843577
1638,2.8043377,1.4061135,4.2129493
1639,-0.79905736,-0.5572312,-1.3974849
1640,0.39428678,-0.22387853,0.34352753
1641,-0.07151998,-0.7440535,-0.88458645
1642,-0.49303874,0.633875,0.1992799
1643,1.4338108,1.157305,2.8098726
1644,0.10861858,-0.3171926,-0.3473853
1645,-0.881495,-1.020299,-1.9297997
1646,0.9817475,1.4785459,2.398894
1647,0.486992,2.2708063,2.892673
1648,0.3508352,0.2861521,0.57375515
1649,-1.376662,-1.5379125,-2.946194
1650,1.3988286,2.4418125,3.831572
1651,0.77080214,1.5158572,2.2445726
1652,-0.51075333,-2.02775,-2.722412
1653,-0.5460865,0.4549293,-0.18715435
1654,-0.58149743,1.0060116,0.33994532
1655,-0.92970306,0.48982233,-0.4003907
1656,0.2381028,-0.038956285,0.18474537
1657,-0.43070027,-1.0895245,-1.570138
1658,1.818331,0.30574262,2.1012871
1659,0.63535196,-0.90911406,-0.39924818
1660,0.42287982,1.9390702,2.3813624
1661,-0.42794532,0.4854673,-0.016746335
1662,0.24301247,0.9579507,1.0699708
1663,0.32441765,2.065472,2.3833249
1664,1.8152273,1.0859816,3.078195
1665,1.9103389,2.1821246,4.0632443
1666,-0.19570592,3.7514095,3.7547517
1667,-1.5623771,-1.2589939,-2.8553739
1668,1.2992967,1.200374,2.6479168
1669,0.6991987,0.03578013,0.655326
1670,-1.4566306,-0.57296824,-1.9375708
1671,0.7740997,0.58522975,1.3575121
1672,0.37348393,-0.2891042,0.08323849
1673,-1.3004984,-1.408901,-2.7542367
1674,1.3728883,2.3323271,3.6395202
1675,-1.740424,-1.7221544,-3.5195017
1676,0.106553815,-0.72767764,-0.45713925
1677,0.78691053,-1.1876484,-0.33938995
1678,-0.039876677,1.012566,1.1411439
1679,-0.8886373,-0.93217015,-1.6792655
1680,-0.05258482,0.2678669,0.34292656
1681,0.22938542,0.45137632,0.5944526
1682,-0.2062943,1.2824014,1.0684322
1683,-0.8603535,0.41622347,-0.438096
1684,1.2137095,0.8333372,2.1224597
1685,-0.8452735,0.36497867,-0.3694057
1686,0.029394992,0.8051844,0.89029604
1687,0.67833024,1.0727314,1.6652646
1688,0.8083477,0.86596334,1.4361589
1689,0.5252523,-0.8105566,-0.48706856
1690,0.64712715,2.3099246,2.8327615
1691,-0.24417585,-0.2572573,-0.6605087
1692,0.61794555,-0.18526816,0.5535307
1693,0.43356273,1.813417,2.079485
1694,0.35760698,-0.78827393,-0.32169303
1695,-0.07363965,1.4911019,1.4420037
1696,0.25008777,-0.3583006,-0.15247434
1697,0.30948585,-0.7405903,-0.296823
1698,0.54033536,-0.22615397,0.4526467
1699,1.4092543,2.37234,3.8284967
1700,-0.6271495,-0.69560844,-1.3999984
1701,-1.1429716,-1.6303837,-2.725328
1702,1.8346512,0.036168218,1.8081936
1703,0.61581343,1.8907776,2.5513
1704,1.6005332,1.8952487,3.3914132
1705,-0.0006038271,0.96036494,1.0291165
1706,-0.32977337,-2.0205135,-2.350915
1707,0.32019854,1.582338,1.8246995
1708,-1.5868347,-0.82375515,-2.3198216
1709,-1.1943635,-1.1516494,-2.1602209
1710,-0.56943345,-1.1676735,-1.7353399
1711,0.10492607,1.6241851,1.7290702
1712,-1.7738582,-2.6651235,-4.366954
1713,-0.5302258,0.4299159,0.012534179
1714,1.3635579,2.0484886,3.4853756
1715,0.24860784,-0.36435482,-0.23720188
1716,-0.90338045,-3.079966,-3.996228
1717,-0.036526024,0.5018138,0.6757683
1718,0.0015867744,-0.5425205,-0.5531385
1719,-1.4170357,-0.65013325,-2.0128632
1720,0.2511389,0.5543022,0.7874957
1721,0.403271,0.3885498,0.6345679
1722,-0.061554886,1.4518459,1.2975638
1723,2.921608,4.627886,7.6295443
1724,-1.0806847,-0.14400244,-1.32836
1725,1.5094659,-0.20161319,1.2634898
1726,-1.1796913,-0.9283976,-2.2440224
1727,0.38262233,0.809112,1.3768874
1728,0.87668824,1.3747852,2.2447698
1729,1.3464321,1.5961835,2.8679338
1730,0.674784,-0.03341943,0.63124365
1731,-1.1007183,-1.5468111,-2.8329668
1732,1.068267,0.21726388,1.2860981
1733,2.6241717,4.0694423,6.566598
1734,-0.9205825,2.2704673,1.1902568
1735,0.4933642,-0.5482892,0.035133764
1736,-1.4520679,-0.07497072,-1.6531514
1737,-1.0082041,-0.7489568,-1.6781436
1738,-2.6757224,-2.5515976,-5.544527
1739,-1.1754272,-0.6323994,-1.9267875
1740,0.5269884,-0.41716886,-0.072341755
1741,0.40094778,1.517844,1.8779364
1742,0.3670209,-1.3639772,-0.98709524
1743,0.045203216,-1.1834297,-1.1301546
1744,-0.08454549,1.417007,1.4161454
1745,2.0931518,2.1107833,4.2187223
1746,-0.33722043,0.511014,0.28140414
1747,0.2866795,-0.3196448,0.05569862
1748,0.2837413,1.1191885,1.5870602
1749,0.86200637,0.5495099,1.4798589
1750,0.9562128,0.87227637,1.6954966
1751,-1.2931068,0.22751522,-1.0973042
1752,1.0100819,-0.027392387,1.1069725
1753,-1.0376381,-2.2036574,-3.2153816
1754,0.57371694,0.87902594,1.4969969
1755,-1.3974423,-1.9932129,-3.3164809
1756,-0.9501738,-1.054449,-2.220058
1757,1.1244767,1.2827668,2.3541262
1758,-0.19984579,-1.0463663,-1.077848
1759,-0.08635813,0.10091703,0.08685596
1760,-0.54847443,-1.878563,-2.551634
1761,1.4948963,1.6574161,3.2349918
1762,-0.061709967,-0.2882318,-0.29516086
1763,-0.13934277,-0.2831477,-0.64338994
1764,0.08059173,1.0209595,0.9906402
1765,0.94554615,0.056001604,1.024717
1766,0.6232466,-0.799341,0.012914494
1767,-0.35709363,0.33216792,-0.032607105
1768,0.7437167,0.04371673,0.54869205
1769,-0.34429148,0.31112775,-0.11452012
1770,0.9908966,2.1850877,3.2728016
1771,1.8384742,0.58057415,2.3688443
1772,-0.60104775,-0.33755022,-0.8016732
1773,-0.58275265,0.32534748,-0.1578128
1774,-0.050790146,1.2778621,1.1685711
1775,-0.47427207,-0.51186407,-0.8267145
1776,-0.4606213,-0.78259414,-1.2430979
1777,-1.1381168,-3.0811052,-4.310725
1778,0.21244776,1.8112109,2.0284665
1779,-0.6637247,-1.2403296,-1.9317149
1780,-0.44323745,-0.98044086,-1.4932525
1781,-0.24043402,-1.707813,-2.0134525
1782,1.3256259,1.3122704,2.5793955
1783,1.1568283,1.1629472,2.3571823
1784,1.0791607,1.3314364,2.5885174
1785,0.018811185,0.5322373,0.5229929
1786,0.5343106,-1.4634503,-0.79745007
1787,-0.81331843,-1.9281442,-2.649775
1788,0.20779252,-0.91879225,-0.6710551
1789,1.5229677,2.6744947,4.082962
1790,-0.7198033,-0.7902484,-1.4973272
1791,1.7367218,3.4092565,5.0832067
1792,1.285612,1.3565048,2.574988
1793,1.8672839,1.1529565,2.7823381
1794,-0.4303593,-1.9561045,-2.414729
1795,-0.1425726,0.2841164,0.066084765
1796,-0.7282672,1.7828186,0.9097622
1797,-0.9878151,-2.5313947,-3.5511801
1798,-1.169453,-0.48247498,-1.7669914
1799,-0.44903997,-0.9314332,-1.2906686
1800,-1.0430145,-0.5214132,-1.5493013
1801,0.92791265,3.046394,4.141206
1802,-0.122326545,-0.65486586,-0.72694063
1803,-1.8233526,-2.4294665,-4.240399
1804,-0.9369078,-1.0110427,-1.7781775
1805,0.8561961,0.9497466,1.8455617
1806,-0.5413655,-0.37351978,-0.920929
1807,-0.6331244,0.11202055,-0.5982478
1808,0.061367027,-1.1344116,-0.97874993
1809,0.5712127,0.9324815,1.573285
1810,0.41652036,-0.26697183,0.23466143
1811,-0.3540722,-0.8227937,-1.1650418
1812,-0.054201316,0.30583495,0.30045763
1813,-1.3975679,-1.0888001,-2.6213338
1814,0.7680698,1.1702899,2.1505127
1815,1.6408372,1.5245907,3.1310618
1816,0.06861421,0.20912552,0.19470654
1817,1.1484631,-0.87268484,0.20783675
1818,-0.7732571,-0.16495413,-0.7584561
1819,-0.55327994,-1.0672282,-1.6453592
1820,-1.6508976,-1.6811092,-3.1904554
1821,-1.1698593,-3.9286814,-5.146875
1822,0.72641474,2.3597393,3.1860878
1823,-1.4788704,-1.6614783,-3.2904146
1824,-2.152154,0.21741939,-1.7601238
1825,0.49057683,-1.3729122,-0.8953696
1826,0.40214264,-0.12317324,0.41999727
1827,-0.7014694,-1.7930064,-2.3462737
1828,0.4052113,0.969764,1.3170471
1829,0.6454631,2.2781882,2.8994424
1830,1.0352511,1.8718765,2.8679993
1831,-0.72314,-1.8409228,-2.493079
1832,0.313036,0.09950264,0.38929722
1833,1.7346421,2.4000182,3.984224
1834,0.84531647,1.3955696,2.260947
1835,0.93661,1.8596784,2.9809687
1836,-0.7419816,0.008897603,-0.7953533
1837,0.03683655,0.759403,0.5669677
1838,0.88935566,0.79463327,1.6592221
1839,-0.42320412,0.91816276,0.5684724
1840,1.2375424,3.4120336,4.765206
1841,0.11926461,-0.46872133,-0.49512386
1842,-0.97672284,-1.0596749,-2.0554755
1843,0.8511604,2.5816355,3.3981469
1844,-0.6673586,0.5992982,-0.004340917
1845,0.14670078,0.23708662,0.45058736
1846,-0.40257794,0.60375506,0.23876704
1847,1.1720713,2.7276177,3.938589
1848,-1.0710683,-0.977435,-2.1816955
1849,-0.6681813,-0.26606393,-0.9241646
1850,1.2155108,1.5025257,2.7208717
1851,-0.26680195,0.48283952,0.226622
1852,0.2743058,1.59647,1.8372903
1853,1.551845,3.3052564,4.761679
1854,-0.8185067,-0.76277,-1.399099
1855,-0.91094863,-1.1592296,-2.1602387
1856,0.4507581,-0.9536631,-0.43899375
1857,-0.22733004,-0.71442854,-0.9582378
1858,0.69981503,0.53505194,1.0683794
1859,-2.44853,-1.6122975,-3.893892
1860,0.82907325,0.9079767,1.6565374
1861,-0.22218461,-0.6039228,-0.855779
1862,1.0233043,1.6085875,2.466453
1863,0.4839213,0.3521344,0.7130031
1864,1.3515143,0.06571281,1.3329523
1865,-0.5213554,-0.6699453,-1.236526
1866,-0.11392554,0.45096502,0.33054832
1867,0.10385349,-1.152084,-1.0013678
1868,-0.30179027,0.37411,0.14438125
1869,0.029805142,1.4362396,1.3953394
1870,-1.1963694,-0.7605077,-1.838081
1871,0.59645253,1.839808,2.4374938
1872,-1.6849463,-2.171948,-3.9459465
1873,0.31867152,-0.14183146,0.15353684
1874,0.030522022,-0.49986884,-0.67187506
1875,0.44435707,0.3591791,0.8005955
1876,-1.5539598,-1.9950216,-3.5748038
1877,-0.36461598,0.56484014,0.22921793
1878,-0.3082662,-0.26527876,-0.5368841
1879,0.99597174,1.4954324,2.3705034
1880,-1.8678402,-2.6595497,-4.5377183
1881,-0.26635674,-3.0278878,-3.1062586
1882,0.9476653,2.2024689,2.9577205
1883,-0.6675583,-2.014816,-2.6701717
1884,-0.8885431,-0.6495254,-1.6732079
1885,-0.3421502,-1.0273902,-1.3928628
1886,0.4491181,-0.5910239,-0.07799138
1887,1.1045458,1.5585362,2.6833608
1888,-0.28192705,-0.627429,-0.8363544
1889,-0.8238635,-1.8884897,-2.7167103
1890,0.0795701,0.4141574,0.53510195
1891,0.99945223,0.021958351,1.0826046
1892,-0.11755437,0.1938844,0.2524035
1893,-0.2216058,-0.21039401,-0.29118127
1894,-0.6061193,-0.15933669,-0.66818476
1895,1.0601455,2.8382308,3.8246162
1896,0.2610466,0.5096828,0.78801066
1897,0.80825245,0.66103894,1.4861757
1898,-0.7051138,-1.1522889,-1.6130548
1899,0.30619636,0.11294304,0.5547669
1900,-1.5166683,-3.0685306,-4.4553905
1901,2.0998373,2.7127745,4.8353686
1902,-0.7492124,0.048469305,-0.7916951
1903,0.54156464,-0.7338695,-0.11954502
1904,-0.0808509,-0.07474872,-0.017911717
1905,0.6982204,1.4236939,2.199279
1906,-0.5350512,-0.054659903,-0.6992584
1907,0.99061793,2.3781972,3.4337797
1908,-1.3784323,-3.1932478,-4.4410405
1909,-1.776639,-2.5101218,-4.340243
1910,-1.1271057,-1.7361102,-2.6175737
1911,-0.1322357,-1.3350422,-1.3240696
1912,-0.8319091,-2.0088897,-2.7241447
1913,1.5602354,0.24543488,1.7403288
1914,1.0297563,2.09417,3.0658846
1915,1.5201436,0.9617789,2.4932373
1916,1.4489872,0.59663224,1.9415776
1917,-0.2757471,-0.91518044,-1.1113726
1918,1.4413394,2.316946,3.756496
1919,1.0572774,0.7695138,1.6787072
1920,0.13412881,-0.3685043,-0.36578774
1921,-1.0547202,-2.017635,-3.0008373
1922,1.4061052,0.68943024,1.980968
1923,-2.461729,-2.1170075,-4.564892
1924,0.21847661,0.34933442,0.76446545
1925,-1.4253285,-1.9990139,-3.5465803
1926,-0.1354473,0.41933575,0.26492986
1927,0.6037069,1.0616633,1.6365566
1928,-0.5590606,-1.562762,-1.9630448
1929,-0.59385335,-0.50248486,-0.97936517
1930,0.2324491,0.3953162,0.6374367
1931,-0.18161747,-0.19779526,-0.27265367
1932,1.5373178,0.4825722,1.8853095
1933,0.33309767,-0.6105058,-0.29196793
1934,-0.5822566,-0.31631488,-0.886133
1935,0.5070332,-2.1871872,-1.7532568
1936,0.4767197,-0.5263519,0.019191734
1937,1.4427525,0.8152461,2.3244045
1938,-0.10286346,0.92499673,0.80096
1939,0.7549516,0.24095625,0.983672
1940,-0.47573718,0.62433374,0.24151313
1941,0.5344195,1.2715205,1.6342504
1942,-0.031923093,-0.64460343,-0.6907848
1943,-0.64520204,0.012351453,-0.7390713
1944,0.4958902,-0.46566504,0.11535107
1945,1.4211608,1.1772451,2.719606
1946,0.54639673,1.359085,1.8796619
1947,-0.9685209,-0.07017088,-0.89733315
1948,-0.6658712,-0.52160174,-0.98374647
1949,-1.021293,-2.9403,-3.9191058
1950,-0.8409649,1.4110888,0.41748935
1951,-1.2247353,0.14664245,-1.1185422
1952,-0.4110735,-0.35621786,-0.90708095
1953,1.5947198,0.6871215,2.2776098
1954,-1.027831,-0.4805112,-1.522278
1955,0.5874311,0.7493384,1.2160444
1956,1.017663,1.1409574,2.219754
1957,-1.0953286,-2.0915709,-3.259606
1958,-0.5446763,0.831529,0.31370878
1959,1.654238,2.173025,3.7173142
1960,-0.2343113,-0.49934936,-0.74955606
1961,-0.7381221,-0.63754004,-1.2041332
1962,1.2565067,0.9536792,2.2600548
1963,0.36152524,0.6580868,1.0541445
1964,-0.69615954,-0.36558327,-1.0215957
1965,0.3411101,1.3135693,1.6071216
1966,0.39253014,-1.2883391,-0.98719966
1967,0.23552108,0.2956167,0.6098144
1968,0.7821031,-0.48358804,0.4287689
1969,0.027543392,-0.09552771,-0.053042278
1970,-0.85031873,-1.9481981,-2.9209423
1971,-1.4562422,-1.0355409,-2.5189989
1972,-0.52277064,-1.6424654,-2.3599937
1973,-1.4599481,-1.2570195,-2.7594883
1974,-0.055084728,2.1800985,2.189951
1975,0.2767301,0.69995856,1.0045246
1976,0.029976437,-0.64668614,-0.6385583
1977,-1.2024741,-2.409688,-3.4150772
1978,1.0416685,2.0297894,2.9859962
1979,-0.14932442,-0.18859044,-0.22660625
1980,-1.251824,-1.2661331,-2.4525476
1981,0.15278403,0.8609139,1.0718155
1982,0.10745841,0.5242529,0.7809918
1983,-0.3589558,-0.89670116,-1.1359979
1984,-1.3191569,-1.6521246,-3.0285256
1985,-0.29438508,-0.8548691,-1.0935123
1986,-0.4033123,-0.22921097,-0.6127723
1987,1.9576285,1.6366962,3.6121058
1988,-0.8901728,-0.9630568,-1.892398
1989,-0.19532064,-1.0240111,-1.2288365
1990,1.9642581,2.726079,4.8798666
1991,-0.08113421,0.09044539,0.0337556
1992,0.31958336,-0.8455455,-0.4878978
1993,0.79735357,0.6372442,1.312399
1994,0.7203042,2.0046704,2.720192
1995,-1.1496013,-2.4398432,-3.7147608
1996,0.25626543,0.71346337,0.90274405
1997,-1.2866611,-1.3853647,-2.7192805
1998,-0.46251094,0.032181025,-0.4657915
1999,0.6651826,0.69181424,1.4395299
