,u_x1,u_x2,u_y,u_x3
2000,1.4511299,0.21066625,0.36037874,-0.8922499
2001,0.20691293,0.475984,0.7550987,1.7264676
2002,-0.6580274,1.167777,0.61800337,0.798247
2003,0.56265223,-0.1512797,0.11925197,0.13991985
2004,1.9563754,0.6240807,0.32770205,0.85401416
2005,1.6298424,0.80772233,0.55433524,2.2030745
2006,-0.70032185,1.7888476,0.8485987,2.1902354
2007,-0.6253274,-0.6790919,0.60036516,-0.691487
2008,0.23665577,0.28491148,0.38354945,-0.13944837
2009,0.08198851,-0.41238588,0.61236036,2.1681097
2010,-0.78128725,-0.047886625,0.19724596,-0.023712985
2011,-0.006830254,-1.3142134,0.4814571,0.6569349
2012,-0.8386452,-1.1961997,0.83467805,-0.7162427
2013,0.47592473,-0.54597235,0.31459427,0.5220126
2014,-0.6816567,-0.20604464,0.25468254,-2.485613
2015,1.2528696,-0.795559,0.51169145,0.7423281
2016,-0.36051533,0.3913266,0.662578,-0.18005534
2017,0.4206755,-0.19553505,0.64683604,0.09680073
2018,-0.06044811,0.06822964,0.10216737,1.1802288
2019,1.717637,-1.0551709,0.088957906,0.24425852
2020,0.46850866,0.31419858,0.30003715,0.21391076
2021,0.5980644,0.25491968,0.39697433,0.6870669
2022,1.8983297,0.48830348,0.6118139,-1.9110018
2023,-0.9856558,-0.58692527,0.48627496,-1.3360968
2024,0.509416,-1.027409,0.34206605,1.3520433
2025,-0.15139002,-0.59305906,0.42338657,-0.06606419
2026,0.11954961,0.42807478,0.63912594,-1.27371
2027,0.2821949,-0.17596513,0.56416774,-1.5461961
2028,1.5744424,-0.12334418,0.40974498,-0.49390918
2029,2.1624928,-0.95675564,0.7138442,-0.648314
2030,-1.3966931,-0.012743465,0.037474155,0.82833433
2031,0.24407472,-0.4014421,0.80506694,-2.0269508
2032,-0.19579059,0.536625,0.2347033,0.24162436
2033,-0.5991545,-0.30652505,0.64258647,1.1419435
2034,-0.11423984,-0.5280796,0.61394227,-0.5476907
2035,0.29573825,0.13655609,0.39820302,-0.9863121
2036,1.6678947,0.29057634,0.78297997,-1.049118
2037,-0.27989477,-0.46503082,0.066770315,-0.6552442
2038,-0.65007263,0.92694795,0.6923009,-0.060988765
2039,-0.59435743,-0.48009408,0.22221541,0.8276742
2040,1.4066024,-2.2841249,0.58057153,-0.376553
2041,1.0402697,0.08642666,0.6349938,0.8057459
2042,2.0312433,0.6946798,0.31849647,-0.60967284
2043,-0.53168833,-0.6477158,0.5478449,0.22197925
2044,0.32873943,1.0338632,0.096880436,0.021259557
2045,-1.5386297,1.7340506,0.5397546,0.86987865
2046,0.85570085,0.6883599,0.3299141,1.3679888
2047,-0.23646265,-0.74327254,0.15332794,-1.1743302
2048,-1.7820754,-1.9015914,0.8900808,0.8040554
2049,1.6762223,0.36255866,0.28349602,0.25012752
2050,1.2494206,0.17031066,0.5422447,-0.467192
2051,1.743269,-2.1948223,0.37346578,1.3485944
2052,-1.75857,2.205527,0.50823164,0.049333543
2053,-0.64785326,1.976807,0.2771188,-0.33128658
2054,-0.19492988,1.6487154,0.24523985,-0.35087985
2055,-0.79468167,-1.3271192,0.74153376,0.4941696
2056,0.20442156,1.4818975,0.4841534,-1.6071463
2057,0.74927664,0.9153516,0.9801189,1.2771462
2058,-1.1451143,-0.07324655,0.3493607,-2.5072134
2059,1.6440481,-0.29818514,0.8522588,-0.21521012
2060,1.9023106,0.291713,0.28283048,-0.53393406
2061,-0.40483943,0.3031999,0.32514966,-0.7176692
2062,0.2732206,0.9657603,0.8786026,-1.5631199
2063,0.16809091,-0.22041741,0.047817826,0.9665666
2064,-0.34024605,-0.10868215,0.874594,-0.11719541
2065,1.1937627,-0.30999357,0.016964078,0.8248862
2066,-0.47501352,-0.48353085,0.61505485,-0.19752952
2067,-0.7663422,-0.4153561,0.5483897,-0.58165663
2068,-0.7395645,-1.9958394,0.7892091,1.5042934
2069,0.62517357,0.30912286,0.99316525,1.1842514
2070,-0.38240677,-0.70877564,0.757229,-0.57814825
2071,0.86690915,-0.2529793,0.4870062,0.4243085
2072,0.42001677,-2.9676807,0.116984725,1.4167867
2073,-0.34936887,0.6862582,0.023267627,-0.4218672
2074,-0.5356547,0.48967746,0.18537378,-0.9748921
2075,-0.26284465,-0.35285556,0.6399064,0.035678186
2076,0.59627336,0.24500607,0.4032035,-1.9272231
2077,-0.44553965,0.5237227,0.7637657,-1.5040494
2078,-0.42988408,-0.61047405,0.25601923,0.8570751
2079,-2.2116833,0.8951663,0.25541878,1.0186366
2080,0.9063621,-0.14751984,0.7397715,0.27938318
2081,0.33088082,0.22818118,0.2765211,0.10156178
2082,-0.0095863035,-0.13600552,0.7240068,0.8808987
2083,-0.10987224,-1.663061,0.9058068,0.048084524
2084,1.2202356,-0.57333493,0.13806224,1.328892
2085,-0.549851,1.0350373,0.21704876,-2.0879712
2086,-0.92739505,2.4832675,0.3665706,-1.9738102
2087,0.011040256,-0.8129874,0.9955903,-0.5183891
2088,0.25557196,0.1405608,0.84119844,0.72278833
2089,-0.179093,1.2994282,0.6699414,0.19750775
2090,0.08762316,0.010032901,0.84555197,-2.0428221
2091,-0.21493034,0.7273655,0.2676022,-0.25650153
2092,0.83641213,0.7581457,0.22010839,2.072218
2093,0.45009238,-0.63293904,0.38761866,0.60177755
2094,0.18057087,0.321236,0.30522573,-0.6512454
2095,1.2309088,0.41197583,0.04612708,0.6836999
2096,-1.1299788,-1.3348118,0.50039566,-0.36327788
2097,-0.86614597,0.9236899,0.7122774,-0.047932997
2098,-0.96461743,0.77842075,0.08166683,-0.16458018
2099,-1.1961972,-0.9661118,0.32013845,-1.2400051
2100,0.38587672,-1.2265476,0.670208,-0.16778709
2101,-2.0878942,-0.46869153,0.23681402,-0.30148223
2102,-0.5109808,0.5330178,0.95734274,0.37666997
2103,-1.3920962,0.8046777,0.9534724,-0.58286774
2104,0.1814715,0.51528907,0.93261886,0.82389814
2105,1.257526,0.22827566,0.1404146,-0.55971676
2106,-0.30584678,0.6476272,0.43355107,1.1291121
2107,0.049495097,-0.84369344,0.33623624,-0.80749273
2108,-0.2657487,-0.74974614,0.7423811,-0.65357107
2109,-0.50872123,-0.24855901,0.89164245,-1.255313
2110,-0.0027283933,-2.2368774,0.31925666,-0.92723244
2111,-0.1998211,1.0395902,0.42878008,-1.1715698
2112,0.7481839,0.4513635,0.29559934,-1.1268464
2113,-0.71392983,-1.1495829,0.72022617,1.0097339
2114,-0.8670186,-0.08184414,0.6865338,-0.041670747
2115,-1.64172,0.29091206,0.3506117,0.50689256
2116,-0.35875025,-0.74847585,0.53944993,-0.38866255
2117,-0.19588137,0.8901011,0.6634295,-0.0035791192
2118,-0.7242008,-1.2784512,0.13416433,0.9327819
2119,-0.8012011,-0.35671693,0.72400784,-1.3789014
2120,-0.0022484977,0.2833469,0.043521404,-1.2355484
2121,0.95419747,1.1420128,0.80908704,-2.271324
2122,0.57672435,0.1778951,0.8538408,-1.2138914
2123,0.65748155,-0.1970524,0.9398062,0.16004747
2124,-0.17907509,-0.35028026,0.5232028,1.3121262
2125,1.8740897,0.03951737,0.69680226,0.38968837
2126,0.23397821,1.2608284,0.5025686,-1.7280755
2127,-0.34277853,-1.2446434,0.65995324,-2.5611687
2128,-0.7665839,0.12090914,0.050203085,-1.5022987
2129,0.723615,-1.5962609,0.44357252,-0.08356341
2130,1.5553489,1.8680549,0.51170456,-1.3320299
2131,0.89646596,1.3457313,0.29614425,-0.11759468
2132,1.5725206,-0.14307463,0.8807504,-0.35792887
2133,1.0625018,1.2853853,0.27157378,0.19627935
2134,-1.7415407,0.15411527,0.99846685,-1.0847087
2135,0.1361646,0.48340774,0.7079241,-0.75805
2136,-1.6355283,-0.43466085,0.33692122,0.5793284
2137,-0.049041104,0.35754803,0.7805178,-0.5456322
2138,0.8410826,0.79431397,0.18743372,1.0763459
2139,0.9191699,0.30692014,0.68281436,-0.5191706
2140,1.4866933,0.24297093,0.23113155,-1.6777018
2141,-0.31671718,-1.7367575,0.72142756,-0.50347954
2142,0.5026486,-0.04947251,0.88611436,0.61623645
2143,-1.0628884,-2.2954957,0.5784775,-0.60539377
2144,-1.109996,0.047170304,0.79714644,0.053746603
2145,0.20765938,0.6894533,0.60995007,-0.3508484
2146,-0.4858634,2.640982,0.3090831,-1.5338103
2147,-0.15079823,-1.644373,0.5229236,-0.2100707
2148,-1.0554078,-1.1242337,0.28166735,0.8862484
2149,1.5533888,-0.3711049,0.67834437,0.09810645
2150,-1.1904881,0.74781394,0.95281315,1.0444206
2151,-1.3315759,-0.063444674,0.081115246,-0.027718712
2152,0.055233613,-1.1350147,0.018608332,0.573359
2153,-1.0918423,0.6349345,0.3306533,0.8508403
2154,-0.14905973,-0.6192497,0.6117134,-0.3871207
2155,0.6120328,-0.64540195,0.37240696,-0.92881817
2156,0.74721295,1.2005746,0.12238157,-0.48578742
2157,0.34476882,-0.5148224,0.9947716,1.7023437
2158,0.518119,-1.8755287,0.8205676,0.09650471
2159,0.21392421,1.3493457,0.06549311,-0.8366612
2160,-1.6958821,0.9885315,0.22481167,1.1078289
2161,1.7839129,-1.0422719,0.032238126,-0.15775988
2162,1.2802426,0.494875,0.034433603,-0.41490138
2163,2.5182621,-0.31663236,0.9006709,-1.2861909
2164,0.3812203,-0.3951039,0.37977648,-0.25963932
2165,0.8040674,0.7978949,0.65527105,2.0746794
2166,0.83205503,2.157991,0.59257853,1.222795
2167,-0.1958634,0.46198907,0.34441984,0.30488017
2168,-0.10391672,-0.40661484,0.51958156,-2.1344967
2169,-1.8838594,0.7306348,0.75796294,-0.6698052
2170,0.69002455,0.8510304,0.9347081,-1.0202335
2171,1.0249834,0.026138758,0.16685629,0.17538475
2172,-0.07254547,0.02385571,0.16810799,-0.80918044
2173,-0.11374961,-0.21534224,0.10643506,-0.47830528
2174,0.26921344,0.54929066,0.13499308,1.4733857
2175,0.28001645,0.6695309,0.06398857,-0.35004961
2176,-1.2535586,-2.6717246,0.028986692,0.79708093
2177,0.66254514,-1.4153122,0.9670726,1.4707507
2178,1.0045174,0.80259806,0.12580502,0.81994426
2179,-1.1975371,-0.61308664,0.9181818,0.32367793
2180,0.074032314,1.0504363,0.86994004,0.36327422
2181,0.67048126,1.0750754,0.75133646,-1.2777046
2182,0.049644694,-0.67933613,0.30958807,1.2929059
2183,1.7511295,0.34610322,0.8810562,-0.16900972
2184,-1.9596477,2.669869,0.97636104,-0.69245815
2185,1.1031736,0.19538932,0.5549997,0.1744569
2186,0.31365207,-0.65379786,0.09505308,-1.6055795
2187,-0.013386865,-0.97556466,0.56487036,0.7425147
2188,-2.151948,-1.2501197,0.13319302,-0.34923834
2189,-2.2888823,0.84836715,0.95817924,-0.51759946
2190,1.4384426,0.1447903,0.2358216,0.11600237
2191,0.21490541,-0.5647936,0.75060046,-0.106231816
2192,-0.029312035,0.31920353,0.79973495,-0.3820879
2193,-0.7301649,1.0925473,0.4436177,0.08758985
2194,1.1226451,0.74844843,0.48826337,1.0592836
2195,0.12816994,1.9704498,0.13629091,0.2500785
2196,0.19649471,-1.0661849,0.69342995,0.7167771
2197,-1.5274574,-0.62024945,0.24807441,-0.0012435868
2198,-0.6026103,-1.4310279,0.3580072,0.77998704
2199,-0.760623,1.3002378,0.15134084,0.5100846
2200,0.7362128,-0.7648305,0.53294635,-0.40845513
2201,0.5987234,-0.120727494,0.81607366,1.4445026
2202,0.3743863,-0.080506444,0.09304416,0.6590717
2203,1.3551893,1.0723569,0.8451756,-0.1254178
2204,-0.8589825,-1.143461,0.6060307,0.8372976
2205,0.61407155,0.84649384,0.051785707,0.4325526
2206,0.23274317,1.1670074,0.80044293,-0.07180158
2207,-0.09298311,0.9239418,0.082298994,-0.5591972
2208,0.2698809,-0.17460237,0.7328396,-0.026794737
2209,0.91678685,1.2493051,0.94061184,-0.29920372
2210,-0.2234237,-0.02830611,0.6283568,-1.0266348
2211,0.2849666,2.089097,0.60649645,1.8578777
2212,-2.1669686,-2.5932975,0.24510431,-0.13938169
2213,-1.0704522,1.0333844,0.979061,-0.07427757
2214,-0.6518754,1.0080633,0.042335033,-0.14286149
2215,-0.37328097,-0.6860489,0.049092412,1.7970686
2216,1.0589485,-0.18542093,0.5392057,-0.70493335
2217,0.85668206,-0.28966334,0.024431586,0.89262253
2218,1.2263108,-0.25610566,0.23066568,-1.236419
2219,-0.7182249,-0.6272575,0.7597939,-0.6399404
2220,0.173757,1.7115254,0.17272973,-0.7860269
2221,0.8138042,0.20138775,0.29080832,1.836194
2222,-0.9389754,-1.4896281,0.878487,-0.30437574
2223,0.84545565,0.03981223,0.91238964,0.82164043
2224,0.8390078,0.21049212,0.6501303,2.0285702
2225,1.1620524,-0.63142645,0.94252455,-0.90623266
2226,0.19907995,0.75452495,0.5477475,-0.09098158
2227,-1.0704184,0.7166099,0.42209244,-0.49517038
2228,0.28640774,-1.1126784,0.22772574,-0.53667146
2229,2.918763,0.31967613,0.45634437,0.51337326
2230,-0.09214345,-3.3863943,0.8772007,0.24193881
2231,0.82563674,-0.5501118,0.7978623,0.15764475
2232,1.9985961,-0.28329945,0.8982111,1.7779547
2233,0.44188643,-1.1419977,0.3335824,-0.9185818
2234,-0.38450783,1.1320751,0.539662,-0.5994694
2235,0.7767705,-0.39243123,0.97976804,0.14072104
2236,0.32919836,0.0794517,0.2009921,-1.2544016
2237,-1.1079534,-1.1499856,0.9775456,0.73275346
2238,0.63152033,-2.1662438,0.6402011,-0.8164925
2239,-0.30171677,1.6725599,0.99827504,-1.0308012
2240,-0.009271937,-0.16272497,0.07898688,0.36323333
2241,0.5574247,-0.4493384,0.9898653,-0.12168983
2242,-0.014608533,-1.4462144,0.3926065,-1.4064822
2243,2.1690102,-0.33402976,0.95616364,1.3120238
2244,1.7775499,-0.6942989,0.4497205,-2.11356
2245,-0.18286128,0.3271127,0.4713788,0.03533045
2246,0.5202714,-1.3805758,0.8265015,-0.5977169
2247,-1.7788473,0.06383797,0.10471308,1.3857621
2248,-0.75469756,-1.3660601,0.35905874,0.51973814
2249,1.0669936,-1.3094652,0.039869666,-0.1746658
2250,-1.5183524,-1.7239646,0.38365722,-0.81710315
2251,1.4158237,-0.9281606,0.27172434,-0.76023227
2252,-1.6946888,1.8162419,0.8542125,-0.88864654
2253,-0.0012346223,-0.010190832,0.5847721,0.32202333
2254,-0.48552924,0.45838982,0.42114615,0.95735294
2255,0.34680668,0.36718902,0.24117196,-0.2787778
2256,1.060373,-1.8043231,0.7308221,-1.3503426
2257,-0.61180454,0.8742084,0.13052166,-0.11021015
2258,-1.3025379,-0.5979738,0.62786365,-0.0021442114
2259,1.5284163,-0.2865383,0.6974453,0.00013483952
2260,0.7137827,-0.55473936,0.84693515,-0.48393223
2261,-0.138539,2.1624496,0.23326826,0.09007651
2262,2.7714438,-0.11991543,0.9753721,-0.20884037
2263,-0.6334469,-0.14040914,0.041422725,-0.54270595
2264,0.5473649,-1.1571466,0.2271434,1.4335911
2265,0.96515936,-1.7518713,0.3018546,0.41720808
2266,-0.24485411,1.1212623,0.95649827,-0.92876107
2267,0.05070771,0.6982127,0.15866268,-1.612916
2268,0.31700137,-0.6713812,0.9873767,0.33793327
2269,1.586121,-1.3192569,0.34798193,0.28290862
2270,-1.4856757,1.7697798,0.15284121,-0.58729565
2271,0.52363914,-1.0686601,0.43138945,0.09845716
2272,-0.52593964,-1.4348944,0.77654564,0.61901647
2273,-0.9636791,0.25866333,0.74265826,-0.19859001
2274,-0.01153318,0.47696504,0.72604585,0.3356196
2275,0.6481609,1.0619025,0.20695448,-0.083741836
2276,-0.7920141,-0.31520286,0.23257124,0.77176124
2277,-2.5014045,0.15466231,0.47969854,2.27735
2278,1.6158875,1.2149493,0.09319961,-0.7018322
2279,1.709537,0.8498489,0.89009094,-0.6776634
2280,1.6816987,0.619196,0.22565329,0.098776944
2281,1.2723941,-1.793239,0.10381615,-1.7280065
2282,0.6303131,1.9804658,0.6112188,1.1027415
2283,-0.7584407,0.010457538,0.12961853,-0.3340686
2284,0.9426435,-0.70704806,0.9301709,0.56801695
2285,1.0003611,-0.63497823,0.6752261,-1.0703928
2286,-0.5311986,0.13045155,0.37415385,1.9424317
2287,0.3707776,-0.16226079,0.6777116,1.0323317
2288,-1.1226336,2.171703,0.9319786,-0.3480336
2289,-0.4665259,0.44400883,0.7466124,-0.22272491
2290,-0.2513355,-1.0005413,0.06863999,-0.72730803
2291,0.32166612,0.11286017,0.34100902,0.004595541
2292,-2.0194805,0.2799885,0.7192441,0.3192362
2293,-0.7656478,1.2793527,0.3798871,0.7166086
2294,1.0405098,0.13560456,0.81838834,0.08311468
2295,1.1577606,-0.15868457,0.83380985,0.6364965
2296,0.787936,0.99093956,0.23508489,-1.1192193
2297,-0.18706489,-1.3001783,0.03683281,-0.524356
2298,1.0827801,1.4516525,0.8210752,-0.0018836457
2299,0.9536228,0.82710165,0.711089,0.44617116
2300,1.0698596,-0.19025663,0.29421926,-0.06905915
2301,-1.0844525,-0.9534504,0.14474607,1.4876359
2302,-2.0711615,1.6782421,0.39605272,-0.534125
2303,-0.1426345,0.87428993,0.98102427,-0.74943316
2304,0.5944168,0.8329408,0.2895496,0.43799198
2305,0.5059906,0.8838841,0.6450354,-0.2114104
2306,-1.1009094,0.08874656,0.06437552,0.69494
2307,-1.8553282,0.40431744,0.794531,-1.5093788
2308,0.23551401,-0.5244308,0.8583753,1.5954404
2309,1.0242958,0.7551968,0.7833916,-0.23974817
2310,-0.32712767,0.77444166,0.7843636,-0.2784212
2311,-0.14663388,-1.2614648,0.27820504,0.28288966
2312,0.9006051,-0.43201795,0.010153174,0.07017688
2313,0.56476116,0.83326375,0.8996136,0.37807113
2314,-1.1366961,-0.9937182,0.5121169,0.9646795
2315,0.03183236,2.0904315,0.9889643,0.53158146
2316,0.3549086,0.43924573,0.7514633,-0.7431
2317,-0.561506,-0.27898875,0.2121948,1.4034177
2318,-2.3141804,0.63135874,0.79236424,1.1137342
2319,0.30750468,0.30449107,0.0039002895,-0.7484071
2320,0.10581668,0.32766128,0.15228999,-0.87840295
2321,-1.2641629,-0.33849505,0.18717968,-0.682257
2322,0.052706156,-0.045709185,0.6933576,2.5350893
2323,-1.3499842,0.97106093,0.9814371,-1.3147339
2324,0.28832194,-0.6455218,0.7991147,-1.4776556
2325,1.458023,2.3787618,0.57361937,-0.8538233
2326,0.8413648,0.1035849,0.6183945,0.6892752
2327,-0.9828476,-1.6477189,0.91565096,0.02002669
2328,-1.8781301,-0.01509356,0.9743104,-0.66686696
2329,-0.72879004,-0.29647517,0.14473295,0.7418948
2330,-0.7455933,0.7061784,0.99666655,0.012242763
2331,-0.34762284,0.1815988,0.29628468,0.65218633
2332,-0.6359889,0.4170741,0.0676111,1.3818194
2333,-0.67552996,1.4386159,0.21107376,-0.025119921
2334,0.65706545,1.3288718,0.4891051,-1.3399895
2335,-0.548015,-0.20389022,0.66152585,0.3511848
2336,0.11642446,0.6204619,0.14675128,-0.5462717
2337,-0.49497858,-0.7431874,0.5644882,1.0743312
2338,-0.84744745,-0.91585135,0.7219293,-0.049765714
2339,-0.64463216,-1.0579818,0.058002114,0.37152573
2340,0.018553264,1.3722943,0.58508,-1.0400302
2341,-1.1654475,-1.5920446,0.4922918,0.09912226
2342,1.1380395,1.2630424,0.76714087,-0.5045679
2343,0.20846765,0.15652543,0.52577066,0.6129758
2344,0.47697142,-1.5847564,0.65759826,0.736509
2345,0.5875273,0.314214,0.98623407,2.0284321
2346,0.87956583,-0.22544065,0.6330242,0.1738101
2347,0.8818241,-0.1773033,0.63281786,-0.96851754
2348,1.0154239,0.24982384,0.162382,-0.28019902
2349,-1.641942,0.17101316,0.013367534,1.6152946
2350,0.2622875,-0.3666765,0.6489258,0.42395443
2351,1.151309,0.47271392,0.5836661,-0.46016085
2352,-0.09917556,-0.23430175,0.10356724,0.59068966
2353,-2.3795245,-0.49913758,0.6888658,-0.2644748
2354,0.93276715,-1.2875636,0.7341931,0.5266949
2355,1.4678943,-0.17233336,0.51417017,0.620217
2356,1.8740965,1.0681913,0.71837807,-0.027087979
2357,0.065111466,-0.1655504,0.4310665,-1.5316687
2358,-1.2899356,0.39979067,0.42667723,0.885774
2359,2.5882804,1.2108136,0.15891099,-1.5922505
2360,1.9033737,0.064394005,0.9162682,0.6008693
2361,-0.46439636,1.6328055,0.06941819,0.082128525
2362,-0.3669281,-0.24855562,0.3437885,0.6676474
2363,0.515773,-0.31315887,0.571983,-1.7358414
2364,-2.3461187,0.936997,0.31009018,-1.1319618
2365,-1.2249008,-0.57215863,0.4295714,0.26849872
2366,0.5795398,1.3752439,0.68691325,-1.9567188
2367,0.09260154,0.34577903,0.6469579,-0.7025567
2368,-0.8003496,-2.187597,0.39750922,-1.0316595
2369,-0.73672014,-0.083843485,0.669194,-1.7999201
2370,-0.43452752,-0.33710527,0.93023646,0.8816783
2371,0.39325613,0.10533771,0.30858278,-1.2782375
2372,-0.5922698,0.27289835,0.36270213,-2.1201627
2373,0.6742603,0.6898346,0.51536775,0.05170736
2374,-0.11713824,-1.0360949,0.7757429,0.36213908
2375,1.0698475,0.0025370026,0.605127,-1.4715053
2376,-0.9793116,1.676422,0.4133519,-0.4316857
2377,1.1161839,-1.0541278,0.008367181,-0.6646293
2378,-0.19470148,0.6685312,0.93080413,-0.9735637
2379,1.9427272,-0.46687046,0.67756,-0.44028765
2380,2.715744,0.7279036,0.26617694,0.21244349
2381,0.2453608,0.4859409,0.21227825,-0.027032377
2382,0.78067815,-0.016202891,0.39424002,-1.4750317
2383,-0.626444,1.1904678,0.06758809,-1.2852648
2384,1.2301639,0.5246758,0.96187425,1.4632695
2385,0.99821013,0.09050526,0.655118,-0.77276725
2386,0.77648073,-0.6484497,0.82704425,0.2294428
2387,0.02910681,0.4075684,0.595579,0.8772589
2388,-0.6674086,-0.35565162,0.1558559,-1.1717036
2389,-0.09886447,-1.6945381,0.09190166,-0.8129359
2390,-0.41176134,1.0179986,0.98502946,0.5959964
2391,0.3285726,-0.74460566,0.029855609,0.51379436
2392,-0.5669258,0.6940991,0.1304555,-0.52736074
2393,-0.68018657,-0.71875244,0.2100488,-0.8595565
2394,1.4451553,-0.27878153,0.55053306,1.3544263
2395,0.22459769,0.08429314,0.40189838,-1.2034278
2396,-0.450881,-0.60161805,0.78613293,-0.8071723
2397,-0.26029953,-2.200583,0.27947736,1.6383653
2398,0.5952699,-0.046783965,0.25552535,-0.17119889
2399,-1.7292523,-0.53504086,0.36563635,1.3675183
2400,0.23173568,-0.014151302,0.14179051,0.4089819
2401,0.08627609,-1.5351689,0.77041423,0.43014905
2402,0.9266141,0.30733457,0.110249996,1.206443
2403,-0.16806377,-1.0956721,0.4288963,0.5881005
2404,-1.2309842,1.6719223,0.8811462,-1.6480824
2405,1.2916751,0.35866505,0.20567667,0.36745724
2406,0.7178342,-0.74410194,0.52968097,1.2639042
2407,-0.6882159,0.7526864,0.8681905,0.8690632
2408,-0.86332095,-0.8788206,0.3865379,-0.93076384
2409,1.4528061,-0.8134345,0.86004233,-0.65077966
2410,0.062694214,-0.6129901,0.31393862,-1.08866
2411,1.0084214,-0.047104344,0.022398114,1.5191396
2412,-0.25186753,-0.018569553,0.9451407,-1.1878884
2413,0.72184116,1.0481666,0.84483063,0.41124117
2414,-0.50594604,1.2371016,0.14655268,-0.823309
2415,-0.25624368,0.3198337,0.6319014,0.9585245
2416,-1.9206165,-1.4711778,0.7382059,-1.5261645
2417,2.1009493,-0.6894925,0.5045943,-0.044514805
2418,-0.035675645,-0.9840479,0.4074223,-1.0866064
2419,-0.13258779,-1.1056165,0.12762094,0.16039342
2420,0.8874398,-0.9781176,0.28743756,-0.18266287
2421,-0.52829504,0.4511462,0.122656584,1.3382584
2422,0.3844958,-0.38209495,0.3524449,3.2727158
2423,-0.10077171,1.4602463,0.6048789,1.3347182
2424,0.90542716,-0.83783937,0.8491142,0.6108931
2425,-0.48804447,0.93212515,0.020708323,0.57534057
2426,0.59294134,-0.876663,0.5476707,0.2960111
2427,-0.31915492,0.7256086,0.9996364,1.1324205
2428,2.1765647,0.90134853,0.073722124,1.9058003
2429,-0.35615683,-0.40943888,0.72472286,0.047557708
2430,0.8316927,-0.8214719,0.9226055,0.2974784
2431,-1.3291433,1.7368729,0.08518624,2.589252
2432,-0.54122055,-0.8779557,0.9397534,1.4654992
2433,0.46875542,-0.06993888,0.320799,1.6151878
2434,0.8164819,-0.99019206,0.7186166,-1.2090245
2435,0.36161107,0.04132218,0.31913352,0.016559273
2436,-0.13207504,-1.3276911,0.30512083,-0.32475138
2437,0.642174,1.2422996,0.29356968,0.5588382
2438,0.25662026,0.11287672,0.6784438,-0.039064165
2439,0.71950805,0.8061685,0.42290235,-1.3763137
2440,2.3158858,0.101183325,0.81143475,-0.060885485
2441,2.3410358,-0.012146388,0.8800124,0.3862798
2442,1.2683021,1.4012355,0.23472416,-0.06900613
2443,1.096922,-0.00076847326,0.13282287,0.3958944
2444,0.1691099,-0.6709077,0.955569,-0.28081504
2445,-0.9147202,-0.27659333,0.521505,0.7242033
2446,1.236271,-0.5501535,0.82556987,-0.7189653
2447,-1.7252747,1.6571138,0.74198353,0.019255003
2448,0.7957822,-2.1588948,0.93350613,-1.6418076
2449,0.6662373,2.143994,0.9485645,-0.34427148
2450,-0.15214571,0.8504352,0.0005297661,1.0612882
2451,0.8658902,-0.21240543,0.07370639,-0.8576108
2452,0.4489856,-1.0459026,0.6297097,-2.3145847
2453,-1.9894253,0.14314964,0.059621572,-2.7405257
2454,-0.72228885,-0.29385716,0.14030826,-0.64894056
2455,0.84002376,0.18753517,0.9527954,0.9100149
2456,-0.7848408,-0.59644127,0.2889446,-1.1466832
2457,-0.34762028,0.7559803,0.24201441,1.5065892
2458,-0.35305595,0.60986155,0.20570374,-0.57913
2459,0.77263415,-0.8196108,0.3456322,0.9624459
2460,0.7379493,0.68987256,0.20176518,-0.763456
2461,0.058258586,1.2647588,0.54444754,-0.5889773
2462,0.22294319,0.86863965,0.11538386,-0.19880636
2463,-0.78785837,-0.3690832,0.96262085,-1.162213
2464,0.19085045,1.2772387,0.34727073,-1.1395302
2465,1.5479318,-0.69704664,0.3248111,-1.331662
2466,0.0067981305,0.90551186,0.084650755,-1.3049244
2467,-0.10856282,1.0006781,0.6079731,-0.8074626
2468,-2.1635575,0.7568264,0.7314458,0.08886566
2469,-0.19300462,-0.07888502,0.5829723,-0.881191
2470,-0.39480343,-0.09969208,0.093518615,0.26957968
2471,1.505008,0.33478612,0.97061276,1.4885519
2472,-0.7291042,1.0562215,0.34795856,0.14100625
2473,-0.6192968,0.3079524,0.4660344,-0.3567427
2474,-0.5408982,-0.13772267,0.24752116,1.9971384
2475,0.96907014,-1.4524786,0.18135452,-0.91156465
2476,1.4171005,0.64098936,0.41318643,-2.6545653
2477,0.11638595,0.3407728,0.4555248,-0.5406339
2478,-1.2391502,0.5311086,0.016470194,0.19578892
2479,0.3134669,-0.0073555806,0.27354383,-3.3425179
2480,-1.6588377,-0.58840656,0.6752851,0.67735
2481,0.15576439,-2.7322924,0.14287555,-2.7944958
2482,-0.21708086,0.41204318,0.5301726,0.65107644
2483,0.32381395,1.7917426,0.108804345,1.21695
2484,1.4041588,-1.2725703,0.4639691,0.5139839
2485,-0.32148823,0.69999903,0.2357105,0.44042772
2486,-0.89828444,0.5055516,0.5843433,-0.16716467
2487,-0.2638674,-1.3627766,0.7166796,0.61176217
2488,-0.546417,-0.84979427,0.5938426,0.6344557
2489,1.5401664,-0.23522846,0.98084545,-0.016424343
2490,-0.6125206,0.75368875,0.9863962,1.1885267
2491,-0.7890401,-0.4672783,0.90119064,0.9622051
2492,1.0864029,-0.80863965,0.3112657,-0.71079344
2493,-0.12229945,-0.47967124,0.3806846,-0.5155933
2494,-1.3547437,-0.17085566,0.36926568,1.6852845
2495,0.1240128,0.60086745,0.27774537,0.3873408
2496,-0.7901379,-0.10201398,0.4807434,-1.2335285
2497,-0.37384325,-2.9224086,0.4047817,-3.492478
2498,-1.5614542,-1.3213072,0.20049965,-0.35371464
2499,0.18647209,-0.62563336,0.0022176504,-0.8583111
2500,-0.5935604,-1.3034891,0.28174126,0.27379602
2501,0.7464677,-1.707553,0.46545672,-1.2474024
2502,0.83008033,-2.1916273,0.77682686,0.6093845
2503,-1.0056932,-1.6612307,0.47929955,-0.46892735
2504,-1.0270069,-0.596129,0.1477431,-0.9892987
2505,-1.6861302,0.12901236,0.17029905,-2.0844533
2506,-0.69865036,0.028922068,0.21162069,0.017314184
2507,-0.19427484,-0.4806571,0.7533277,-0.4594245
2508,0.9124584,1.041982,0.97042036,-0.72977054
2509,0.4023694,1.1925765,0.2994573,0.7697002
2510,-0.9682649,0.36869502,0.83980656,0.062881045
2511,-2.0233946,0.10908209,0.8559089,-0.49874738
2512,0.35215494,-0.58800334,0.8292316,0.70600086
2513,-1.1719296,0.8732828,0.09314191,0.57473135
2514,-0.22459568,-0.6905506,0.06638074,0.26561946
2515,-0.6246931,-0.7281422,0.16762066,-2.0001009
2516,-0.21848042,-1.2414877,0.22634995,0.4815232
2517,0.6458456,-0.19716236,0.9745331,0.95396525
2518,-0.6738806,-1.0847952,0.19403541,-1.0451635
2519,-0.65306133,-1.2665777,0.36174357,-0.40440065
2520,0.791375,1.5205138,0.80205846,1.9099259
2521,-0.4855494,-0.30407405,0.7102772,-0.045270666
2522,-1.3699296,0.04375074,0.16191328,-1.6215568
2523,1.3354015,-0.45341262,0.18013823,1.3914803
2524,-1.6664429,-0.6204881,0.7303864,-0.49593025
2525,-0.7634456,-3.0357358,0.85731244,-0.93175733
2526,-0.48571986,-0.52216923,0.542688,-2.513523
2527,-1.9393629,-0.87964165,0.38878763,0.043598797
2528,-1.0008528,0.8816311,0.25112355,0.25691766
2529,0.19173269,0.6794929,0.13928509,0.20485638
2530,0.018765459,0.52216357,0.8264935,-0.08619197
2531,0.90025413,-0.72101414,0.7337744,-0.7838893
2532,0.3514559,0.26915646,0.1947447,0.8375349
2533,0.7986748,-0.74782604,0.116338134,0.38187042
2534,-0.32609388,-0.16550404,0.71635354,-0.38166425
2535,-0.07337179,0.0009963185,0.35022533,-1.1659905
2536,1.8088083,1.005878,0.93085146,0.6782381
2537,1.0487481,-0.59552264,0.41982746,-0.71150035
2538,0.051459916,0.24482408,0.54016733,0.33207098
2539,-0.14537539,0.14057378,0.87084305,0.16227457
2540,2.3387234,0.3563547,0.75499785,-0.14856361
2541,-0.0053687305,-0.35329095,0.79015005,-0.9518891
2542,0.0881544,1.3780881,0.09871018,1.0944517
2543,1.4587673,-0.10426131,0.16219401,0.6581103
2544,-0.45792142,-0.83703697,0.4480468,0.33119395
2545,0.4140429,-0.08064015,0.8802109,0.94657505
2546,-1.4084519,0.4407474,0.23144865,1.1578277
2547,0.817858,-0.85932904,0.97174287,0.8035939
2548,1.3743497,-0.72420776,0.9094758,-0.44192448
2549,-0.6265898,0.44647354,0.9663384,1.0361693
2550,2.1949732,-0.7527417,0.066631556,0.45796368
2551,-0.99626094,-0.33083144,0.4267701,1.8413659
2552,-0.3508859,0.37510723,0.95510006,-0.22585137
2553,-0.7510327,1.8708969,0.13176179,1.2531978
2554,-1.9551828,0.6099861,0.651054,1.3967577
2555,0.0057501723,1.6893214,0.71307874,0.14402156
2556,0.45843396,0.1822641,0.081267715,-1.2174368
2557,0.20833634,-0.7405201,0.2262187,-0.4652586
2558,-0.7353532,-1.252678,0.49623322,-0.06311502
2559,-0.6784511,-0.355785,0.7461729,-0.27253968
2560,-1.5467006,-1.0927603,0.710776,-0.40860295
2561,0.28580537,-0.061313584,0.8150486,-1.4333997
2562,-0.5008607,-0.0770693,0.8687651,0.97262305
2563,-0.52036434,-1.4352143,0.8769922,0.6829222
2564,-1.0670631,0.9325488,0.3576373,-1.9424857
2565,0.06323075,0.83354336,0.8538915,1.1300464
2566,-0.4292608,0.68775076,0.3578961,0.020057771
2567,0.7193726,-0.11733983,0.6633867,-2.0214684
2568,1.1877611,-0.3254328,0.38414443,-2.2892473
2569,-0.84092695,-1.5105102,0.5717678,-0.29038855
2570,-0.8175059,1.9834456,0.67136955,1.0348479
2571,0.26948768,0.45579678,0.7919967,0.8904732
2572,1.0338907,1.0671736,0.6552689,-0.00497728
2573,0.633194,-1.5690241,0.87108266,0.38367033
2574,0.11054881,0.33523616,0.007354617,-0.84099895
2575,-0.5027626,-1.6734252,0.11465788,1.3729665
2576,-0.1836319,-1.0429876,0.5898398,0.26095384
2577,0.25979465,0.6375317,0.80187213,-0.05992125
2578,-1.5611378,-0.35419378,0.19229722,-1.0315603
2579,0.6336165,-0.8985534,0.61624634,0.17243907
2580,-0.26875508,1.1184297,0.5398991,-0.16455896
2581,0.84193456,-0.38595027,0.9050906,0.23672614
2582,1.0969843,-0.59965295,0.20866728,-0.55178183
2583,-1.5741755,0.76294166,0.49383867,-1.572013
2584,-0.7183196,0.24000697,0.90996003,1.9379512
2585,0.55801815,-1.1862756,0.89887726,0.49343842
2586,-0.37952757,-0.757416,0.5974177,-0.30043328
2587,0.72739625,1.2659206,0.73184085,0.83052015
2588,-0.1518023,1.91715,0.4161092,0.2000078
2589,-1.3001524,2.0417602,0.2594719,-0.43506944
2590,-0.0014246679,-0.2401077,0.7940866,-1.5316311
2591,-0.73986506,0.41154164,0.6315621,-0.65610665
2592,-0.39919534,-0.06671494,0.30347836,-0.4749463
2593,-0.1661469,1.0316776,0.5730667,0.9160293
2594,0.38545442,-0.11564816,0.8610219,-0.384698
2595,2.642725,-1.0319455,0.021550894,-0.45343548
2596,-0.21232292,-0.4262768,0.6855384,-0.20202069
2597,0.96033937,-0.5589673,0.2461114,1.4972278
2598,0.43208212,-0.29157656,0.647092,-0.15142567
2599,-0.88753664,0.7312601,0.9245534,1.0973753
2600,0.19355702,2.0908568,0.02944231,-0.3075346
2601,-0.77891666,-0.58779883,0.61948144,-0.65643865
2602,-0.89147025,0.043375377,0.33591962,-0.6380061
2603,0.5949328,0.4865698,0.2326492,-0.6932585
2604,1.175409,-1.0229974,0.606181,0.06242565
2605,-0.65598583,0.64726156,0.12766564,0.67003876
2606,0.26927942,0.20533426,0.8644402,-0.97972775
2607,0.52323306,-0.8445421,0.2602265,-1.4203144
2608,-0.4067427,0.9108403,0.21818674,-2.5486054
2609,-0.6935713,0.14222501,0.8917955,0.40996093
2610,-1.4764025,0.05856659,0.7531316,-0.77445686
2611,0.5458511,-0.11896292,0.5966444,-0.13717337
2612,-0.31787515,0.24242254,0.81458366,-1.4148399
2613,-1.3732376,-0.54809695,0.47014105,-0.08921622
2614,-0.11537172,-1.2100784,0.23849273,0.631752
2615,0.38021022,0.31788346,0.88392913,-0.10301217
2616,0.29020047,0.21597855,0.53379035,-0.017772485
2617,-1.4428831,-1.0139601,0.6857661,-0.3709336
2618,0.2795873,-0.56570613,0.5354831,-0.01679283
2619,1.2518524,-0.9823134,0.7774137,-0.86122483
2620,-1.1700548,0.0688685,0.87479925,0.085393146
2621,0.39086148,-0.2241002,0.27533388,0.77512515
2622,-1.3660176,-0.23356871,0.25881648,-1.8565425
2623,-1.6027493,0.9105801,0.16431761,-0.25192735
2624,-0.8907196,0.4837957,0.6853857,-0.55263513
2625,-2.308281,-0.45288453,0.28665006,-0.9645661
2626,-1.5639771,1.4661703,0.5754632,-0.20073906
2627,0.7362073,-1.207282,0.9382603,1.0556171
2628,0.75271165,-1.6014467,0.91970575,0.021621503
2629,-1.4242351,0.08063161,0.35020375,-1.9110963
2630,-0.8805973,1.1963563,0.6824585,-1.2661852
2631,0.82202286,0.85577583,0.11846578,1.0048927
2632,-0.48372564,0.1367657,0.97221434,-0.4007669
2633,-0.8353454,0.11539563,0.8161895,1.3462154
2634,0.33089346,-0.38001028,0.5437846,0.5796126
2635,0.4683706,1.2249298,0.86071265,1.1135292
2636,1.3333759,0.34317738,0.1309613,-0.690919
2637,0.05035137,0.13141237,0.019146323,-0.02443812
2638,2.2122128,-0.46687973,0.38255417,0.5385931
2639,0.8877181,0.5719962,0.66794956,0.7348855
2640,-0.73388207,0.2428912,0.037505627,1.4788066
2641,-0.24070318,0.8817412,0.16278827,-0.11369698
2642,1.4310716,2.3021371,0.15031481,-0.074889146
2643,0.99900275,-1.0650746,0.682932,-0.65581983
2644,-0.007181966,0.5457964,0.1425978,-0.83146584
2645,0.14502011,0.23421928,0.6409744,0.28058425
2646,-1.0986135,-0.7641545,0.14722824,-0.85839355
2647,-0.18218464,-0.10307976,0.33568525,-0.023736
2648,-1.1236261,0.85294193,0.44046664,-0.5268927
2649,0.2790069,0.010343683,0.47210443,-0.9552592
2650,0.7094129,-1.2852676,0.11135757,1.3874009
2651,0.29269937,-0.071555324,0.77435374,-0.6195506
2652,2.2025473,1.2235546,0.95763016,-0.65170723
2653,0.7958502,0.51050395,0.11939418,-0.09594228
2654,-0.29037768,1.6815748,0.52944565,-0.07896116
2655,-0.27370438,1.781645,0.7231773,-0.6950299
2656,-0.3644167,-1.3917294,0.24702656,1.4724395
2657,-2.614657,0.2606515,0.44051266,0.93531394
2658,0.78438485,0.4569256,0.4464091,-0.8610582
2659,0.73657566,0.4936717,0.71751165,-1.5991778
2660,0.007791114,0.58506143,0.25739467,-0.39570197
2661,-0.9157677,0.6122646,0.14926112,-1.8355873
2662,1.2407174,-1.318119,0.3210988,0.866425
2663,1.1410371,-0.66061324,0.49973083,-1.4995484
2664,-0.21932425,0.025845824,0.81670594,-1.3676375
2665,-1.4989758,-0.020560332,0.13325143,1.2366991
2666,-0.29204026,-0.9496854,0.072056055,-1.1046127
2667,0.4129753,-0.19709475,0.88927937,-0.74317485
2668,-0.11002437,0.47200167,0.6118939,0.014563855
2669,0.70724314,-1.2363366,0.31987095,0.13649637
2670,0.6696379,-0.64054924,0.56578755,0.45479253
2671,-0.46138924,0.06656266,0.87737775,0.8137201
2672,-0.676486,1.8764652,0.755528,-2.1121762
2673,1.2580091,-1.9239149,0.5511111,0.083238825
2674,0.39811525,0.052747454,0.958603,-0.97264445
2675,0.50042796,-0.69395334,0.75607157,1.5465107
2676,0.94287825,-2.2267592,0.53347766,0.72755194
2677,0.0111317,0.65061593,0.41870022,-0.30528036
2678,-0.64277726,-1.2524338,0.7575357,-0.8513873
2679,-1.5117944,0.57475114,0.740715,-0.29667565
2680,0.09574943,0.0846572,0.74162245,0.11049922
2681,-2.6829076,-0.54600775,0.77438354,2.506366
2682,-0.63096434,-1.9255227,0.82215,-0.9248361
2683,0.42710662,1.3159188,0.944348,0.49908796
2684,0.20253934,0.93087035,0.5972295,0.50976884
2685,0.50463706,2.085292,0.7603948,-0.80745304
2686,-0.58077395,-0.056572445,0.8637594,-0.4429563
2687,-0.11754203,1.0719296,0.022696257,-0.8123879
2688,-0.2258204,0.07615239,0.2271508,0.79960746
2689,-0.05946295,-1.7418622,0.03999591,-0.28922245
2690,0.16711725,1.4378829,0.9367198,0.73198724
2691,0.017503064,0.12796777,0.40302193,1.8453925
2692,-1.0027862,1.7992009,0.801255,-1.596867
2693,-0.103153355,0.33896956,0.9568001,0.3502029
2694,0.7233052,-0.13583271,0.68562555,0.8189076
2695,0.6291731,0.5803342,0.5487931,1.1954002
2696,-0.17802945,-0.4191372,0.45978832,0.4702771
2697,0.7546866,-0.40559295,0.92211294,0.030938167
2698,1.0213169,0.26953602,0.23038638,1.500671
2699,1.2853143,0.4662259,0.6012031,-0.2650201
2700,1.0452344,0.26674914,0.813364,1.2094663
2701,2.82065,0.18843783,0.5332724,0.23988304
2702,1.3087089,0.037939344,0.3771242,-0.3854462
2703,-0.24851032,-0.48212537,0.3621552,2.4959311
2704,-0.21210288,1.4144566,0.043484807,0.10583351
2705,1.2554461,-0.039155073,0.90049803,1.0667233
2706,-0.054233037,1.333957,0.03136599,-0.22424544
2707,-0.57354975,-0.9517513,0.6665168,1.543691
2708,-1.4264582,0.957612,0.043981194,-0.7883916
2709,-0.65290415,0.2697055,0.888121,0.8466229
2710,0.14180061,0.67435443,0.5056524,-0.6639635
2711,0.6166726,1.9867313,0.7189249,1.0000044
2712,0.24539438,0.40221646,0.313704,0.72985107
2713,0.4643745,-0.596613,0.5104561,-1.6934165
2714,0.9488693,-1.03793,0.8074584,0.9804149
2715,0.084755264,-0.22528894,0.9685341,0.7643687
2716,-0.9857475,0.09270747,0.97738934,0.4337584
2717,0.071030915,-0.5451776,0.24889183,0.6536826
2718,0.29571202,0.6655074,0.3262534,0.24803774
2719,0.690067,-0.9855023,0.38557684,2.1223552
2720,-0.45249814,-0.5700183,0.38292515,0.11480034
2721,-0.72005033,-0.08267197,0.8254303,1.2525775
2722,0.9668633,-0.3236762,0.9056456,-0.22619042
2723,1.7154127,0.4023205,0.41241586,-0.24880555
2724,-0.9574892,1.902939,0.5363747,0.18898539
2725,-0.7282033,0.47330207,0.64876723,-0.9484182
2726,1.5047706,-0.14952354,0.16292453,0.47630692
2727,-0.1861831,0.42553884,0.59666324,1.2630314
2728,0.65267396,-0.5741927,0.41697502,-0.2796838
2729,1.3691652,-0.47025663,0.48719049,-0.128757
2730,-0.6412641,1.1067412,0.93211055,-0.23835811
2731,0.76374507,-1.1331723,0.07202995,1.1646032
2732,1.0868137,0.016319294,0.32277787,1.1185038
2733,-0.81566787,-1.8580952,0.8123646,0.1730484
2734,-1.6312327,-0.13787502,0.6678972,0.36412087
2735,2.1809368,-1.290791,0.71694994,-0.17306827
2736,1.2923511,-0.7759482,0.6497271,1.3175448
2737,0.8921509,-0.44640407,0.86831367,0.29960293
2738,-0.42748824,0.9210379,0.6974467,-1.5379233
2739,-0.099588774,0.32212248,0.3124683,-0.3029695
2740,-1.1292403,-1.7118781,0.28404915,0.70277643
2741,-0.21663941,0.6800112,0.46115017,-1.1091892
2742,-1.1048921,0.7050075,0.73727524,-0.051761065
2743,-0.71982414,-0.55002165,0.35255432,-0.44114348
2744,-0.4714284,1.6197195,0.6378037,-1.6916093
2745,-1.8983794,-0.65663445,0.37417972,-0.627156
2746,1.8828253,0.43341073,0.69818044,-1.5156986
2747,-1.4565881,-2.1007578,0.3732183,0.6274821
2748,0.41784906,-1.8072633,0.6069114,0.41969076
2749,-0.21123075,0.3581377,0.42349863,0.44431654
2750,-0.49984232,0.9288933,0.7141737,-0.64389676
2751,-3.5192344,-0.24318345,0.56086814,-0.25985137
2752,0.8310502,-0.4367262,0.7764603,0.7912343
2753,-0.87009436,-0.24450034,0.60819626,0.98922724
2754,0.45487267,0.009157636,0.58740973,1.4471244
2755,-0.5626405,0.57481986,0.31364334,-1.2479007
2756,-0.16989942,0.96268857,0.15125263,0.66067994
2757,0.7087536,1.4679294,0.2669276,1.8965832
2758,0.07400745,1.265619,0.42412782,-0.79774845
2759,-0.44419563,0.7001968,0.6974808,-0.7432154
2760,0.50067794,0.054288544,0.596344,-0.7308079
2761,-0.56286246,0.55293506,0.72785974,1.9304612
2762,-0.29230094,-0.28165066,0.9322252,0.6927819
2763,1.1760757,-0.9439333,0.79860497,-0.22463185
2764,-1.3546569,0.91150826,0.12376845,0.20393798
2765,1.0717602,-0.4888161,0.13364816,-0.18110956
2766,-0.91466796,1.984776,0.7794583,-0.7025835
2767,0.52894634,-0.8093223,0.04614103,0.3604205
2768,-0.27307314,-0.9068569,0.6089245,-2.7578561
2769,1.5437058,0.59364223,0.67885077,-1.2004914
2770,-0.45521453,0.26054296,0.071168184,0.37087077
2771,-0.675251,-0.73060185,0.40503395,-1.8807514
2772,-0.33055243,0.13686977,0.19256389,-1.3566351
2773,-1.0489954,-0.0011156945,0.91728294,-0.12878592
2774,-0.5720157,-1.0010827,0.7269368,-0.29162896
2775,0.21506472,0.43944612,0.57056916,-0.11554407
2776,-0.30114672,-1.0889899,0.74897003,-0.11901168
2777,-0.7445201,0.37386808,0.6744261,1.0480698
2778,-1.1102693,0.057949994,0.7855879,-0.02846843
2779,0.23661338,1.895168,0.5101365,0.39116016
2780,1.2289104,1.2003952,0.5875207,-1.3370246
2781,0.9180472,-0.85892975,0.7350452,1.6638842
2782,0.48794332,1.1084666,0.774313,-0.05347923
2783,-1.0137513,1.0875492,0.36186647,-2.279162
2784,0.20631337,-0.57019824,0.19277239,0.11926552
2785,-0.32140672,1.6317874,0.2832048,-0.68115544
2786,-0.15154931,-0.47015178,0.49857032,-0.51782185
2787,-0.25974846,-0.4145653,0.367674,0.45994076
2788,0.8774784,0.4173476,0.82768583,1.3985686
2789,-1.5643315,-1.7588283,0.4898845,0.9635362
2790,0.43626526,-0.93704724,0.5040642,0.070750825
2791,-0.6280475,-0.012515453,0.43858564,1.3790001
2792,2.0247169,-0.7094369,0.37857687,0.31295815
2793,-0.25916958,-0.7321148,0.8227818,-0.9291319
2794,1.53723,0.7145084,0.9419714,-2.1643248
2795,-0.15078522,-0.93565714,0.9980167,-0.696695
2796,-0.00018339668,1.0153422,0.45285702,-0.5020782
2797,-1.1337394,-0.040307313,0.6546496,-0.26504982
2798,0.39961782,0.15277769,0.53168535,0.9105725
2799,-1.2327807,0.13055883,0.046162724,0.3326157
2800,-0.8111719,-0.5899773,0.40199757,-0.51430464
2801,1.1392816,-0.1503443,0.5707438,-1.240047
2802,-1.3522874,1.3243846,0.66058016,-0.20896558
2803,0.3790066,0.38305992,0.073681116,0.4191214
2804,-0.29837164,-0.19498165,0.28503847,1.2343875
2805,-0.45335603,0.5509147,0.42322564,0.077396125
2806,-0.742861,2.9202037,0.12678957,-0.3635409
2807,-0.100484304,-0.27339882,0.41188204,1.3581429
2808,1.2516811,1.6059533,0.69834757,-1.0446261
2809,-0.8082323,-1.9728491,0.40472662,-0.54113615
2810,-0.17220356,1.815187,0.065736175,-0.34466532
2811,0.4971344,-0.46364558,0.09016657,0.41265577
2812,0.39267927,0.25356603,0.053730607,-0.848635
2813,-0.60172516,-0.48358053,0.21834469,0.28128645
2814,1.5042018,1.4774176,0.4800501,-1.5304
2815,2.02698,0.7061527,0.6700239,0.8450385
2816,-0.7994941,0.7306718,0.63575006,-0.0726689
2817,1.1927676,-0.26062503,0.2825986,0.8664102
2818,-1.0342056,0.08373209,0.23413205,-0.9770807
2819,-0.40195584,-0.8038619,0.3573227,-0.56512517
2820,0.5640818,1.3693932,0.8193091,0.46867004
2821,-0.58609307,0.9287683,0.0693059,0.35616654
2822,-0.06279136,1.22573,0.21353996,-0.85523707
2823,-0.81795543,-0.29495555,0.3625523,2.3602216
2824,-1.0884572,0.7383331,0.93897307,-0.3343129
2825,-0.0053469166,1.6649024,0.41280007,1.0653831
2826,2.036998,-1.0687877,0.6456007,0.48826578
2827,-0.21825182,0.65972906,0.45852745,-0.84726554
2828,0.08094937,0.8184848,0.30760312,-1.4428029
2829,0.22836827,0.87848186,0.5899322,-0.15718293
2830,-1.9694381,0.49330652,0.78755116,1.11522
2831,-0.47813976,0.8549392,0.18707478,0.691598
2832,1.0217978,0.18373904,0.80798185,0.58447224
2833,0.07418303,2.2551587,0.46057665,1.1271873
2834,-0.51168096,0.24360836,0.8747004,0.30748528
2835,-0.036265288,-0.53835595,0.29396534,0.59330046
2836,-0.0780095,-0.23267122,0.12069225,-0.022431633
2837,-0.30527538,-0.272736,0.13823128,-0.33948153
2838,-1.4069893,-0.9386332,0.6700865,0.32954097
2839,0.28489563,0.7280108,0.7685609,0.7985877
2840,-1.4490012,-0.36388093,0.23802614,-2.4330373
2841,1.561997,0.65278006,0.69374645,0.105977155
2842,0.7566518,0.9412284,0.1298331,-0.6625494
2843,1.8388565,1.3246626,0.1651802,0.8454605
2844,0.45982683,-0.24789335,0.7888191,0.8466875
2845,1.0122371,-0.14305742,0.45951855,-1.0869172
2846,-0.0036233438,-0.9937192,0.90308166,0.5080859
2847,-1.4554818,-0.09437031,0.66481745,0.5546231
2848,0.57184976,-1.626249,0.5136448,-1.0074667
2849,-1.2142056,2.3588343,0.9280752,0.11415458
2850,-0.99412817,1.3094296,0.54537165,0.4036499
2851,-0.13431048,-0.23721063,0.7836925,1.6438646
2852,0.93422097,0.806008,0.21990287,1.579948
2853,-0.4030439,0.12840313,0.161654,-1.6891152
2854,-0.0237097,-1.7357107,0.29182565,0.58415926
2855,-0.32530802,1.3304725,0.68286157,0.36748222
2856,0.8499801,-0.62198496,0.9623896,1.0362874
2857,-0.079572655,-2.1939526,0.768752,1.2444922
2858,0.59501094,-0.14833097,0.6248878,0.32129925
2859,0.9834199,-0.29777592,0.8670262,0.0058365306
2860,-1.2002223,-0.045804597,0.2815516,-0.115171984
2861,0.48843852,0.6990133,0.3045292,-1.734159
2862,-1.3427843,-0.18944581,0.40454197,-0.010509982
2863,1.0214645,-0.93308276,0.95324874,-1.6084849
2864,-0.2893533,-1.2190335,0.3743608,-0.20316446
2865,0.22683315,2.0032856,0.24178994,-0.7989464
2866,1.4791883,1.5781331,0.4434545,-1.029453
2867,0.20233345,-1.1533502,0.82451046,1.7888061
2868,1.2253437,-0.45623294,0.30341852,-0.41430578
2869,-0.48454034,1.4700882,0.7913065,0.41068968
2870,0.5465054,-0.56580675,0.917559,-0.60553414
2871,1.3969488,0.1227774,0.4329902,0.8969564
2872,-1.185386,-0.5061617,0.89860594,-1.1284751
2873,-1.4470618,0.9661539,0.011190176,-0.9351402
2874,-2.1756063,-1.1851475,0.58033335,1.0248656
2875,-1.0138651,-1.6394534,0.18872881,0.29724324
2876,-0.3380587,-0.1578219,0.78372145,0.6961427
2877,-0.16396746,-0.70887476,0.82067287,-0.911446
2878,-0.724329,-1.9002846,0.7951467,-0.46066147
2879,-0.2551501,-0.9220346,0.871766,-1.5954655
2880,-0.95146,-0.900855,0.9391973,-0.5605103
2881,2.135891,0.06567833,0.57309127,-1.2737867
2882,1.8250128,1.8458568,0.61907446,-0.3055759
2883,-0.09291349,-0.48579484,0.8897135,-1.9665433
2884,1.8037854,0.09416936,0.20321858,-0.34175515
2885,-1.622071,-1.273784,0.82577324,-0.31264454
2886,-1.0248214,-0.39936426,0.79932773,-0.23316737
2887,-0.1594983,0.8925153,0.62491167,0.08975428
2888,-0.07786922,-0.45299536,0.10702503,-0.103663154
2889,0.6943946,-0.08079603,0.45636225,0.52877486
2890,0.4132044,2.9445434,0.05896783,1.614589
2891,-0.44383454,0.42097616,0.42920613,-0.6818347
2892,0.68630505,1.5038407,0.1551218,0.45786116
2893,-0.5811528,0.6810026,0.3188839,0.4181445
2894,-0.82715094,-0.69140625,0.82262063,-2.1452856
2895,0.3770299,0.8084799,0.66971755,1.0009024
2896,-1.6889708,1.9000692,0.0063792467,-2.9505608
2897,-0.7127082,-0.54663354,0.58896804,-0.37970033
2898,0.47202405,-0.2358346,0.49523127,-0.4683888
2899,0.22660689,-3.0340023,0.52341855,-0.43918073
2900,-0.86532533,-0.018916836,0.48533595,0.8744966
2901,-0.7961848,0.006874928,0.25144958,0.85646033
2902,-0.39982903,1.5822434,0.26358914,0.0700945
2903,-0.59265155,0.019551482,0.118836164,0.24596997
2904,0.0792086,0.7809525,0.6660676,1.8032066
2905,-0.73491275,-0.22567298,0.00939548,1.2723705
2906,-0.68838817,0.19199261,0.29050815,0.3600736
2907,0.6748936,1.3819762,0.66320705,-0.4619557
2908,0.85098404,-0.300136,0.6538341,0.1563899
2909,0.19434139,-0.045646362,0.588765,0.40908387
2910,0.03602414,-1.3885082,0.14271832,1.0247201
2911,1.2557229,0.4139485,0.92998695,0.969299
2912,0.4200608,1.4008918,0.61175346,-0.3212236
2913,-0.5151742,-0.010659397,0.49612367,0.84639543
2914,1.1426618,0.32208627,0.89015186,-1.5271304
2915,0.85267067,0.74779147,0.08943176,0.7472122
2916,-0.9994264,0.3660612,0.5075023,1.7928312
2917,0.032835703,-0.76488495,0.09366822,0.60748667
2918,0.7499379,0.6529317,0.8006809,0.61265993
2919,0.71358156,-1.3780276,0.72187877,-0.19563892
2920,0.23355718,-1.5493488,0.97538245,-0.074751906
2921,1.1612921,-1.4374288,0.44705176,-1.0906425
2922,1.2173142,0.76437795,0.37513983,-0.2789698
2923,-0.9088295,-1.5639843,0.27668834,1.1765097
2924,-0.5370242,-1.6707804,0.15871024,-0.11136495
2925,-0.016247422,-0.04505022,0.23875213,-1.1804179
2926,-0.39510003,-1.0050153,0.3756256,-0.6656683
2927,0.90029454,-0.29850534,0.19179308,-0.15962541
2928,0.00021522031,0.59283906,0.19261372,-1.5283955
2929,-0.8639996,-0.7352592,0.6594777,-0.28960228
2930,0.8437904,1.6909356,0.4594065,1.538716
2931,-0.58983403,-1.1266035,0.8169662,-1.0678105
2932,-1.1629802,0.6416346,0.6889093,1.0703502
2933,-1.0363208,0.1281588,0.8397217,1.1053827
2934,0.29214144,0.5119437,0.06057775,-0.7114587
2935,-2.0610964,0.69112784,0.57583666,-1.177605
2936,-2.1868749,2.2643888,0.7644737,-0.24530892
2937,-2.039095,0.1336844,0.5369204,0.110937856
2938,0.11894982,-1.8489329,0.306782,1.788574
2939,1.0880466,-0.17780752,0.8169149,-0.22503515
2940,-1.0075247,0.03337057,0.8310621,0.8395229
2941,0.836065,-0.64147735,0.113526344,0.8733873
2942,1.1391531,0.20063889,0.032978177,0.14858611
2943,1.0738896,1.1476967,0.88164496,1.757678
2944,-0.98453003,1.6749523,0.6694726,0.9563989
2945,-0.2899846,-0.15595692,0.47786522,0.25984225
2946,0.23214148,-0.16653745,0.07533336,-1.0098059
2947,-0.31993103,0.5407447,0.4309851,-0.09499883
2948,-0.30314252,1.0169221,0.38669455,-0.06833941
2949,0.26041687,-1.3521757,0.90324664,0.27683878
2950,2.3514705,-0.2945948,0.6317011,-1.2189127
2951,0.029745053,0.2759397,0.17556334,-0.052119523
2952,0.23527531,1.0990001,0.15214348,0.16455124
2953,-0.7155141,-1.141356,0.47241938,0.24371825
2954,-0.59346557,1.6304846,0.6236168,-1.1500106
2955,-1.7274334,1.7522504,0.28701818,-1.6405416
2956,0.15661436,-0.6843813,0.74253106,0.85112137
2957,0.15101387,-0.7908857,0.06639731,-0.058725085
2958,-0.25995398,0.83717084,0.014255047,-1.1091498
2959,1.3255699,-2.803309,0.29557908,-0.38908896
2960,0.35733715,0.14834473,0.36304188,0.5589562
2961,0.13293643,-0.7079527,0.88083696,0.7857655
2962,1.0587376,1.2734394,0.05609262,-0.07569044
2963,0.43106043,1.3817667,0.2321496,0.4120969
2964,-0.7837556,1.6395835,0.78288615,-0.45434403
2965,1.1780058,-1.0134615,0.70185006,0.31195885
2966,-1.4170047,-0.54125273,0.82030344,1.4091076
2967,-0.24425249,-0.062111743,0.36469305,-0.3235238
2968,0.5634663,-0.1698979,0.8790432,0.73739856
2969,1.023993,1.0347239,0.19507718,0.3535087
2970,-0.4681207,2.2930598,0.8722718,0.32616904
2971,-1.9826866,1.3743728,0.62008727,0.12523182
2972,1.0605171,-0.31010985,0.42320955,-0.18467861
2973,-0.57919604,-2.1027653,0.7164581,-0.23945484
2974,-0.45717254,1.3747925,0.47195613,-0.44414946
2975,0.44744733,1.0073478,0.17561936,1.535284
2976,0.16941817,1.0760788,0.12618864,-1.1362754
2977,0.37690476,-1.930258,0.24060607,1.6540291
2978,0.35371098,1.056551,0.47459412,-1.2010211
2979,0.068050526,0.99606836,0.19362807,-0.26904103
2980,-1.7297978,0.45011026,0.22899199,-1.6302716
2981,1.60263,0.0700325,0.6286684,1.4994515
2982,1.3067913,-0.8724761,0.58473456,-0.74474806
2983,0.31629887,-0.52840394,0.8333919,-0.9255243
2984,-0.55101615,-0.21171904,0.9209789,-0.54600394
2985,-0.023392871,0.40299776,0.39905608,0.8362117
2986,1.0267935,0.88426036,0.49587178,-1.6762167
2987,-0.099378556,0.14431413,0.81461287,0.17716655
2988,-0.70159286,-0.9744861,0.6176349,1.6099842
2989,-0.7029327,-0.7337412,0.9178282,-0.5641821
2990,-1.0333145,-0.65387774,0.95389843,0.8245361
2991,-0.1465774,-0.5710841,0.67226934,0.5016097
2992,1.0335232,-1.2667769,0.25028896,-0.26566327
2993,-0.7805658,-0.47015315,0.20970023,-0.24699739
2994,-0.2529173,0.56623626,0.9615835,-0.6368432
2995,0.6596785,-0.74224323,0.7765975,0.831493
2996,-0.08852172,1.9772586,0.7429924,0.14132345
2997,-0.041073807,-0.38504618,0.4316696,-0.721142
2998,-0.10119008,0.31550828,0.91960514,-0.53724957
2999,-0.992039,-0.25691935,0.1608975,2.0892267
3000,0.22346365,0.4765747,0.8996718,-1.6983099
3001,-0.84601736,-0.70260376,0.6452862,-0.32545578
3002,-0.25709015,-0.76809496,0.6177263,0.75231946
3003,-1.9002156,-2.0442858,0.57919335,1.3241807
3004,-0.2810873,-0.9503582,0.6331029,0.37761158
3005,0.12786625,0.15180427,0.5990114,0.82540995
3006,-1.2831377,-0.018321196,0.9608898,0.59042567
3007,-2.2271304,0.36641753,0.45180428,-1.0404737
3008,-0.15544152,0.6421505,0.8886254,-0.57114106
3009,0.9882466,0.2735913,0.78567684,-1.5249859
3010,-0.33197075,1.0269965,0.81964207,-0.69267195
3011,-0.32877174,-0.8872145,0.36828458,0.6657427
3012,-0.9535247,-1.3990816,0.9556612,-1.6156049
3013,-2.191634,-2.3372777,0.26133025,-0.2051446
3014,1.322986,0.8201747,0.8017255,-0.20419165
3015,2.0608904,0.20273972,0.43272138,-1.2804551
3016,-0.66310585,1.6563935,0.8936337,-0.29726058
3017,-0.32094672,0.51938444,0.2942891,-0.8497094
3018,-0.46516335,-1.1831825,0.5323,1.1791903
3019,-0.41900116,0.9841006,0.35920048,-1.1911287
3020,0.78719604,-2.276386,0.7441045,-1.2306465
3021,-1.9352839,0.46788913,0.8198036,-0.3105824
3022,1.0598813,0.832653,0.27423882,1.822357
3023,-0.15577422,2.089338,0.285236,-0.036948234
3024,1.0437356,-1.747194,0.47449172,-0.8607001
3025,-0.9838525,0.8912318,0.46627176,-2.276378
3026,-1.0122976,-0.9924011,0.017290473,0.5162523
3027,-0.8084022,0.42406592,0.96877813,-1.5646994
3028,0.35646236,0.5913094,0.23259556,0.32450935
3029,0.9349146,1.985715,0.6020771,0.92289
3030,0.18992421,-1.1347973,0.57504404,-0.51077986
3031,1.0120251,-0.79518455,0.071956396,0.14190958
3032,-0.06771015,-0.08116209,0.55133677,0.2960754
3033,-0.38748628,0.9491027,0.2527337,0.4672998
3034,0.18643317,-1.984743,0.8409101,-0.11066322
3035,0.601156,1.9558794,0.25849402,0.502559
3036,-2.268386,-0.64150375,0.1434691,-0.7886799
3037,2.3115463,-0.038741205,0.43346643,1.650049
3038,0.36630985,0.79088056,0.5186343,-2.3280413
3039,-0.135159,-1.142172,0.71605957,-0.19322746
3040,-1.1059865,-0.13965867,0.6739223,-0.49656633
3041,0.23357594,0.7090048,0.9235618,1.0108551
3042,-0.41884658,0.97773415,0.50439584,-0.6875428
3043,0.9538065,-0.6186794,0.15064299,0.8858903
3044,-0.7539863,1.3348595,0.5427375,-1.2036133
3045,0.85020095,3.1096342,0.6791996,0.91409636
3046,-0.6037149,0.29853424,0.2450918,0.057430387
3047,1.3986998,-0.12565963,0.26820314,-1.4907454
3048,-0.45151588,0.10138306,0.02928853,1.057396
3049,-0.76290226,0.73410404,0.1727264,-1.331699
3050,-1.1941781,0.10484615,0.2338885,0.4586793
3051,1.7131256,0.99075896,0.20050812,0.88398564
3052,2.040053,0.98627794,0.24373019,-0.72264725
3053,1.4268471,-1.5647582,0.319592,0.20483105
3054,0.25298285,0.30080795,0.399307,-0.6767764
3055,-1.0565287,-0.20341766,0.21622157,1.0068804
3056,0.4234121,0.38748,0.097133875,-1.3770505
3057,-0.8457008,-0.4076926,0.37010694,-0.70049566
3058,-0.34841424,0.67985207,0.95965993,0.10833995
3059,1.9334434,-0.06386836,0.61346984,-0.5977123
3060,-0.95955604,-1.2554595,0.22690737,-2.0077832
3061,1.2925358,-1.4092515,0.3094368,-0.68515575
3062,0.1667506,-0.16629446,0.12719285,-0.53491193
3063,0.12285265,-1.7808967,0.4278885,-1.2692419
3064,0.84956557,-0.6658059,0.16850019,-0.19693784
3065,1.2585459,-0.16769557,0.100937486,1.229579
3066,-2.5802052,1.1521152,0.6609715,-2.424919
3067,-0.052753285,-0.2802009,0.07603836,-0.272611
3068,0.86636716,-0.9260994,0.19118631,0.111170866
3069,-0.61243737,-1.0400661,0.32651055,-0.0007116987
3070,-0.114818245,0.7532704,0.8196975,-0.72923553
3071,1.5997721,-0.7354421,0.7688509,0.3177694
3072,-0.009410294,-1.4431964,0.6607748,1.7869564
3073,-0.038805198,-0.7743209,0.5055933,-0.703997
3074,-0.2844894,1.0661291,0.65182745,-0.3054228
3075,0.74686176,0.8650619,0.14267111,0.3556559
3076,-0.06550958,0.131227,0.70303917,-0.6428195
3077,-1.3839072,0.8114853,0.1436311,-0.27074763
3078,1.2585096,0.30600223,0.48288643,0.9230395
3079,-0.9595504,0.64753425,0.74946654,1.0587088
3080,0.8451845,2.585963,0.3100536,0.98149294
3081,-0.54803234,0.104773134,0.98519444,-1.6459458
3082,-1.0450248,0.2172193,0.6303444,0.17168058
3083,1.2363409,1.4162383,0.6128439,-0.6871197
3084,-1.1306111,-0.03846639,0.9217086,-0.002392825
3085,0.89934486,0.11147665,0.4793458,0.4050248
3086,-0.1550305,0.57844514,0.956236,-1.7113131
3087,0.38503858,-0.75350827,0.8770124,0.3987616
3088,0.74243957,0.4752047,0.11510956,-0.6292884
3089,-2.0130723,0.26340258,0.55829394,1.1375623
3090,1.1496902,-0.48545426,0.7528143,-0.30070683
3091,0.16962339,-0.7048694,0.06830418,-0.37201387
3092,1.0183429,-1.2236978,0.9379866,-0.5002436
3093,0.13794816,0.7090425,0.9727895,0.5084181
3094,-0.407854,0.07392026,0.94782054,-0.749369
3095,0.75234485,0.10422872,0.50443757,2.4842732
3096,-2.0592356,0.2188203,0.7362275,0.18852544
3097,0.33695647,0.41110456,0.11795664,0.87907314
3098,0.997633,-0.2363041,0.77029717,-1.336507
3099,-0.90906477,2.0371504,0.75256634,-0.52779555
3100,0.2861487,-0.24154085,0.0018421412,1.0680015
3101,-0.5842158,-0.863997,0.2506554,0.8373295
3102,1.2457188,0.7535431,0.9567822,-0.10745105
3103,0.34291086,1.380098,0.71812797,-0.76359886
3104,-1.7807844,-0.6151773,0.7173792,-0.5533632
3105,-0.9233849,-0.95306206,0.74567056,-0.6543374
3106,-1.6283357,-0.38758132,0.3639469,1.3667643
3107,0.37305877,-0.8237108,0.41025925,-0.28464344
3108,-0.8759304,0.045086257,0.4445417,0.92938703
3109,0.5282732,0.16774116,0.5776944,0.52797157
3110,0.20107245,1.4741327,0.24374485,-2.0260658
3111,-0.40840185,1.6445895,0.42599452,-1.0630583
3112,0.22035176,-0.26332352,0.5959557,-0.4357968
3113,0.7956653,-1.449002,0.81511915,-0.8656592
3114,0.14377096,-1.5036848,0.025637746,-1.7632475
3115,-0.93847406,1.2337328,0.9380598,-1.6296456
3116,1.2725276,0.52692485,0.27434778,0.19409382
3117,-0.8770334,-0.09363977,0.17639816,0.5520816
3118,-0.40492702,0.62764704,0.10016012,0.21125259
3119,-0.7720533,-1.4499437,0.30937028,-0.02774741
3120,1.563299,-0.19208653,0.48890066,-0.0439486
3121,1.4684967,0.5424513,0.27028394,-0.12504585
3122,-0.85164195,-1.3327136,0.72399175,2.7407749
3123,-0.65394735,-0.5736283,0.41454768,-0.769678
3124,0.19891563,-0.72769153,0.19655704,-0.018032495
3125,1.6227782,2.5117302,0.29349303,-1.463336
3126,0.32371697,1.0625092,0.5052334,0.52422214
3127,0.4482923,-0.62840927,0.973323,-0.4823009
3128,2.045179,2.1461294,0.2769562,0.82506424
3129,0.24845128,-1.7551857,0.13276172,-0.8647498
3130,-0.36039925,-0.60381174,0.35823846,-1.0265325
3131,-0.25389388,-0.4360689,0.69565344,1.0769013
3132,-0.5788512,-1.2338727,0.40690458,0.021557245
3133,1.4494237,-1.8696148,0.21208167,1.3184865
3134,-0.062167123,0.82364523,0.5357275,0.50764394
3135,-0.14033644,0.7179981,0.9338727,-0.35212585
3136,-0.49165204,-0.18332744,0.39054263,-0.3440724
3137,-0.9521909,0.842511,0.020143986,0.19533601
3138,0.14770064,-1.4543717,0.47737503,-0.6498028
3139,-1.322911,-0.94723016,0.9867239,0.55099577
3140,0.48737022,-0.5967508,0.3311175,0.5880078
3141,-0.55926704,0.8205977,0.074778795,0.9739143
3142,0.19187848,-0.639463,0.45776343,-0.20710234
3143,0.9886971,2.2332468,0.3016814,-0.8250683
3144,0.82447726,-0.8158767,0.16384971,0.49530095
3145,1.5372632,-1.2625647,0.15464675,0.014395606
3146,0.5116535,-0.15113099,0.2666558,0.1044084
3147,-0.2745802,1.0395641,0.45650375,0.29177383
3148,0.42558497,1.8502461,0.06202221,0.414698
3149,0.07140569,0.60834754,0.99727654,0.7475985
3150,-1.1802344,0.30643156,0.24510515,-0.6158215
3151,0.7561048,-0.2742985,0.6507542,-0.2036135
3152,-0.54928523,0.6286232,0.4919566,-1.248823
3153,-0.7231269,0.5442696,0.5204823,-0.23995088
3154,0.40164214,0.14351735,0.23262513,0.56714153
3155,-0.8368758,0.6866618,0.27425098,-1.0811273
3156,2.01779,0.9031542,0.6345961,-0.94503534
3157,-0.9784571,0.4802471,0.6194843,-0.83714473
3158,-0.54064155,-0.32003668,0.27228296,-0.44728005
3159,0.64837915,0.90225863,0.7384435,1.3955215
3160,-0.9397363,-0.20789891,0.44742715,-0.15960422
3161,0.8464536,-0.7254493,0.34730232,-1.2677436
3162,1.224167,0.98209685,0.10573685,0.5875106
3163,-0.4089343,0.6574697,0.8927983,-0.19671911
3164,-0.036052994,0.23743518,0.8158419,-0.24431871
3165,2.0561342,-0.32328072,0.49455452,-1.1565958
3166,-0.89598,-0.13492168,0.3032719,0.989005
3167,-0.78123736,2.2034404,0.50296116,0.852537
3168,0.06981982,1.2523426,0.26883352,0.91449887
3169,-0.825437,-0.053162336,0.03724456,0.39322802
3170,-2.0361674,0.35939837,0.0113892555,-1.7441101
3171,0.9995294,-0.14581208,0.3054161,-0.13446607
3172,-0.2994393,0.9411203,0.44904888,-0.5757734
3173,-0.7875568,0.47607464,0.8284781,1.7014446
3174,-1.0929537,-0.48365775,0.69367516,0.7554627
3175,-0.108851686,-0.8440859,0.38146353,-0.8372656
3176,1.3981825,0.30333728,0.4572457,-2.1349049
3177,-0.1088096,0.08660092,0.0036967993,1.5237124
3178,-0.43278605,-0.051317338,0.27446866,-0.1491407
3179,-0.21870996,-1.721374,0.07521713,1.2779843
3180,-0.4198456,-1.2140825,0.4553442,1.3829336
3181,0.34130108,0.61798024,0.8536564,0.89219046
3182,1.5230212,-1.5687562,0.49488044,-0.8261039
3183,-0.2638804,0.2999977,0.5976504,-0.75174236
3184,-1.0603077,-0.9370385,0.3823141,-1.1105882
3185,-0.25817993,-0.73461604,0.5515486,-0.49223718
3186,0.25606352,0.678003,0.91568375,-0.9747177
3187,-0.9473233,-0.26388597,0.87478507,-1.5338876
3188,-0.164532,-2.622181,0.92003036,-0.90140575
3189,0.30804327,0.27169704,0.62904525,1.6445088
3190,1.160462,0.13510908,0.6104095,-2.1336925
3191,0.22983089,1.8690325,0.64223754,-0.8591548
3192,0.46323553,0.44089067,0.95624006,0.28373292
3193,-0.13114277,1.031868,0.31931567,-1.8903146
3194,-0.38992965,2.0387785,0.4336555,-1.2088838
3195,-0.053206027,-0.19914621,0.022872448,-3.6844728
3196,1.2653601,0.86008817,0.74499416,-0.08802375
3197,-1.3642029,-0.2267867,0.49322116,-1.9497299
3198,-0.34355062,0.39826602,0.39762914,0.37754038
3199,-0.25700986,0.7441923,0.18654048,-0.3803742
3200,0.092756085,0.14076029,0.31076276,-0.93348086
3201,-0.19546041,-0.4109916,0.19361424,-2.199239
3202,0.6067023,-1.2150378,0.5335442,0.26183844
3203,0.037053935,-0.8051914,0.42748296,-0.12650451
3204,-1.0009569,0.93932116,0.787336,-0.32496905
3205,-0.64548355,1.8396964,0.26921117,-1.2717944
3206,1.3038843,0.6522473,0.96818984,0.7529311
3207,-0.63933945,1.1964511,0.32532728,-0.06492566
3208,-0.5143831,1.5545973,0.73097754,-0.46083856
3209,1.125014,0.18210582,0.3778298,1.0113044
3210,0.90193814,1.0344912,0.89198804,-1.1532316
3211,0.8731414,1.0871137,0.2258619,1.3229437
3212,-1.0525343,0.18932669,0.45165873,1.016336
3213,-1.1214817,-0.31110674,0.92838466,-0.6823079
3214,0.5126517,-1.3076926,0.21861434,-0.13594761
3215,-1.648972,-0.18569513,0.6369182,-0.8585893
3216,1.0802366,2.0157437,0.23995209,-2.071902
3217,0.1695849,-1.0448571,0.27058697,0.08442179
3218,0.42551988,0.52687234,0.16091013,0.2331583
3219,-0.37474805,-0.118088745,0.9131907,-0.76483124
3220,-0.42645875,1.4385166,0.91733956,-0.5275764
3221,-0.9894601,-0.44400406,0.07630074,-1.574768
3222,-1.8228532,1.6655457,0.18834805,0.7327195
3223,0.6472885,-0.18736957,0.45605028,-1.0126534
3224,-1.5427184,-1.3095498,0.32400835,-0.0024316707
3225,0.4663318,-1.1520488,0.0700866,-1.1743551
3226,-1.1872121,0.78370464,0.4808662,1.0474474
3227,1.052152,0.64874053,0.9386481,0.5216537
3228,-0.39797923,0.47666442,0.018511057,-0.5140922
3229,-0.40243602,0.04841809,0.491238,-0.6324327
3230,0.06881249,-0.31226927,0.9023043,-0.5601491
3231,-1.7042716,-0.28596643,0.19386065,0.737072
3232,-0.27515495,-0.7395417,0.122522354,-0.32757026
3233,0.24101523,0.15639445,0.15266037,-2.638134
3234,-1.9810851,-0.4562684,0.73104537,2.2647498
3235,0.4633174,0.10518177,0.21718216,0.55542755
3236,1.3994918,-0.66990477,0.7773597,1.1039921
3237,0.6154515,-0.4992317,0.8410772,0.47420102
3238,0.95784914,-0.4620797,0.028083205,-0.86789095
3239,0.4713384,-0.076775886,0.31265414,-0.9912039
3240,-0.23516364,-1.582011,0.82515895,-0.101945184
3241,0.5887926,0.6437447,0.7204704,0.8747135
3242,1.386959,0.86260486,0.9302404,-0.95467836
3243,-0.29451582,-0.9627648,0.7710885,-0.17937115
3244,-0.44161645,-0.56302,0.30883348,-1.4124892
3245,1.182532,-0.23030232,0.7313695,0.6076649
3246,0.74901235,1.6042228,0.99004674,2.021391
3247,-1.385055,-1.398376,0.9175476,0.21116152
3248,-1.1753091,-0.63977283,0.5183722,0.3439714
3249,-0.35729492,-0.52158576,0.11036253,1.7403799
3250,-2.0267572,0.17555377,0.41912293,-1.0036658
3251,-0.28526363,-0.50967675,0.28271675,-0.5649373
3252,-0.0714304,1.2453333,0.69010735,-0.014409503
3253,-0.5523706,-0.008794415,0.25241506,-1.0384007
3254,0.25644732,-1.669344,0.31217253,-0.37398526
3255,-1.1810594,-0.53846884,0.6853962,1.0668827
3256,-0.48523033,-0.77084374,0.07561946,2.5777164
3257,0.1827241,0.8740014,0.3391633,1.1535712
3258,-0.7193294,-2.0825655,0.66716814,0.69988984
3259,-0.22556601,-0.40804398,0.26209772,-0.0026620566
3260,0.5586562,0.12011512,0.5352477,-0.37942064
3261,-0.29002923,0.17297743,0.8391808,0.84852856
3262,-0.5238202,0.375097,0.12760901,-0.47701043
3263,0.0787329,1.0439892,0.48343503,0.5959257
3264,0.14851269,1.8523155,0.5151324,0.24802016
3265,1.3881264,-0.964128,0.512902,0.04202949
3266,-0.45965597,0.30282044,0.67045426,1.5559411
3267,-0.20820701,-0.2508393,0.013217211,-0.058810093
3268,0.58534837,0.90930265,0.9683182,0.116914555
3269,1.4966185,-1.1430387,0.9492301,-1.1681354
3270,0.5838878,-0.5814277,0.029523373,0.5232148
3271,1.8243544,1.3574646,0.36769032,0.80801713
3272,-1.4053888,-0.51553184,0.84537375,-0.5464688
3273,0.7732436,-1.8348435,0.61335695,0.24790801
3274,-1.4339643,-0.5890345,0.55486417,0.44871822
3275,0.9713943,1.2231593,0.86720693,-0.1424422
3276,1.2427127,1.9715464,0.35457027,0.3057392
3277,-0.18988909,1.7303295,0.02115488,0.28800175
3278,-0.8799286,0.0043283994,0.11673176,1.1111423
3279,0.110497706,-1.9988283,0.6648333,0.7714249
3280,0.7624433,0.0142136095,0.42768228,-0.0049671205
3281,-0.90136766,-0.8655913,0.1627723,-1.6553853
3282,1.7006599,-0.091327846,0.16825521,0.16474418
3283,-0.72493744,0.63158053,0.23650002,-1.6112626
3284,2.4173155,-1.0109768,0.6338985,0.14077446
3285,-1.377221,1.2589524,0.92353034,0.79160756
3286,0.15813431,-0.5156626,0.8328383,0.6327347
3287,0.3356392,-0.32471517,0.07758653,1.3613287
3288,-0.1096089,-0.3550663,0.060805082,-2.4538698
3289,-0.8005744,0.9197244,0.186329,1.018385
3290,0.83591497,-1.1756556,0.13023376,-1.2376063
3291,0.018143822,-0.18724886,0.8880261,0.40040025
3292,1.5357192,-0.08290135,0.046082735,-1.9332178
3293,1.627219,1.0944054,0.7785239,-0.59352654
3294,0.07053215,-0.10606294,0.87808144,-0.11563221
3295,0.6893286,-0.76358604,0.85032403,-0.8953204
3296,0.14960831,-0.5164477,0.73724365,0.3121515
3297,-2.2367244,0.15712681,0.4606762,-1.2262477
3298,0.08784392,-0.17927094,0.07097089,-0.8015822
3299,1.9340888,0.4333681,0.58811927,-0.21274652
3300,0.18584579,0.5375003,0.3088584,0.1273728
3301,0.16108629,-0.9016166,0.04466343,-0.30745408
3302,1.8375294,-2.2251186,0.03284943,-1.004298
3303,-0.16674954,-0.55281514,0.64946175,1.3014641
3304,0.17567818,-1.451174,0.20768058,0.32725045
3305,0.08861007,0.8913856,0.010173678,0.85182726
3306,1.0747495,0.36051676,0.99504185,-0.20963235
3307,-0.37072334,-0.30247054,0.2767192,-0.9813834
3308,0.40924892,-1.2416764,0.33976305,-1.3568645
3309,0.14832841,0.9475852,0.7640797,-0.34854633
3310,-0.6561519,-1.2496734,0.7837348,-0.46953446
3311,-0.20199172,-1.1380175,0.5280061,-0.8916454
3312,-0.11638219,0.7232807,0.051000357,0.6666925
3313,-0.7042803,1.090117,0.77102363,0.6838091
3314,-0.33027822,0.46154833,0.51646507,-0.042393617
3315,0.61589396,0.6322321,0.89206517,-0.57913995
3316,-0.13853419,-1.7044275,0.6219064,1.2222381
3317,-0.649004,-0.276661,0.65458965,-0.014258886
3318,-1.6516931,1.5304883,0.015640616,-0.9425589
3319,2.506352,0.18879314,0.41463172,-1.2713827
3320,-1.0504563,0.30700877,0.50348055,-0.4834277
3321,-1.1929493,0.30141893,0.6370021,-0.0677955
3322,0.5772195,1.6312605,0.553543,0.59649646
3323,1.9531472,-0.25403276,0.4899546,0.76159483
3324,0.65360636,0.374336,0.6037549,-0.9901287
3325,0.061327804,0.66947,0.7247851,0.33357087
3326,-0.2506173,-1.361832,0.3455913,0.8661097
3327,-0.041929744,-1.778192,0.6022848,0.37834594
3328,0.99054414,0.5427692,0.2976359,-0.27284485
3329,0.109739825,-0.8781911,0.2974491,-1.4535143
3330,0.5995705,-2.1282463,0.9463496,0.010478157
3331,0.96717364,1.6708354,0.31183708,-2.4867496
3332,0.9086297,1.0925908,0.37637937,0.6423499
3333,-1.1101713,-0.25484264,0.6185839,0.72591454
3334,0.7006215,0.7290611,0.806111,-0.426572
3335,0.23084626,-0.89573187,0.3055179,0.8411915
3336,0.8259159,0.48766464,0.5819278,0.788082
3337,1.0441406,1.224002,0.9196547,-1.5707496
3338,1.3407074,-0.0503973,0.59821177,0.12563479
3339,-0.7305749,-0.13299175,0.9737363,1.0985962
3340,-0.6303581,0.9111448,0.1712966,1.2534063
3341,-0.34609103,-0.6192399,0.79199374,-0.9347025
3342,-0.82511145,1.4604998,0.22542739,-0.55727863
3343,1.7014446,-0.46604118,0.49793243,-2.5370667
3344,0.4168841,-1.4294084,0.7080538,0.6520969
3345,0.42319122,0.4040892,0.05929315,1.3186718
3346,-0.03658553,1.0034813,0.6306093,-0.699787
3347,0.057618354,-1.5087191,0.035834074,0.43829063
3348,1.3793063,2.9515724,0.23056185,-0.68756056
3349,0.034851454,2.1390452,0.20894396,-0.8190862
3350,-0.17410299,-1.4923761,0.361699,1.35036
3351,-0.1795679,0.25849584,0.7080276,-1.7894111
3352,-0.70499235,0.4898584,0.06289804,-2.970723
3353,-0.6270287,0.83814055,0.62660503,1.3918006
3354,0.49069306,1.2632264,0.076536775,-0.29987094
3355,0.73470664,0.90589863,0.67142105,-0.14302239
3356,0.37151897,1.364752,0.99486804,-0.10738433
3357,0.99638784,-1.8877434,0.69729793,-0.24861202
3358,-1.2965617,-0.15791027,0.07047641,1.555797
3359,-2.2922506,-0.30736515,0.4204054,-0.8063688
3360,1.6904588,1.9058685,0.78990483,1.1094642
3361,0.14638546,-0.61850566,0.54922307,0.19755225
3362,-1.1159786,-0.9034042,0.18053114,1.0740736
3363,1.3342632,1.742299,0.7765931,0.21516134
3364,1.4057214,1.5800792,0.8289758,-0.7310249
3365,-0.05597686,1.8598285,0.80159557,0.27335647
3366,1.5753853,0.9666834,0.67199266,-0.005531885
3367,-0.5389719,0.7451615,0.40044832,-0.9095424
3368,0.58707565,-0.06527871,0.4763224,-1.347935
3369,0.69862115,-1.0518458,0.62199926,-0.12823546
3370,-0.64983195,1.7954743,0.2402718,1.6355575
3371,-0.1519329,1.0513078,0.85539937,-0.84886634
3372,-0.26915506,-0.10592231,0.6443474,0.2717795
3373,0.58659893,0.26341864,0.09556711,1.6232698
3374,-2.0317223,-1.4317812,0.4480343,0.4610797
3375,1.1988894,-1.6073997,0.8662071,0.0052514444
3376,0.17367116,-0.1063373,0.5879811,1.8272086
3377,-0.6658246,0.8658554,0.97141004,0.79639673
3378,-0.46196535,-0.8155029,0.050154924,1.3381062
3379,0.34806362,1.8491203,0.21957386,0.010620399
3380,-1.2981387,-1.1363751,0.18485725,0.9995231
3381,-0.71023077,-0.22530365,0.8990487,1.1226248
3382,-0.85120445,-0.458392,0.8617866,0.016186604
3383,1.7129298,0.51964134,0.2325356,0.31669754
3384,-0.73561835,-0.7535651,0.4081354,3.0064366
3385,0.47506586,-0.66903174,0.41938722,-0.017050443
3386,1.0900248,-0.059876047,0.72500217,-0.19024812
3387,3.5609622,1.886457,0.02848196,1.0567446
3388,0.7105755,-0.25123557,0.43504763,-0.045835413
3389,-1.2411708,0.94458544,0.6450622,0.24088511
3390,1.5082581,-0.9721817,0.7237022,0.93636024
3391,0.64048415,1.0706307,0.5593747,-0.09632774
3392,-0.044867452,-0.2502291,0.83700764,2.2648664
3393,-1.3247284,-0.23637693,0.41796732,-1.3280758
3394,-0.68531287,1.1399847,0.15752041,0.014786198
3395,1.8708128,-0.24453759,0.60060835,-1.0189872
3396,-1.2517691,0.7940498,0.755128,-0.4794802
3397,-0.21203105,1.2353348,0.65647066,-0.5398636
3398,0.5791224,-1.5886179,0.37465346,-0.36290538
3399,-0.08236164,-0.07963081,0.87915134,-0.7328638
3400,1.0832872,0.0023230517,0.44418812,-0.39050594
3401,-0.31640866,-0.9140239,0.3219862,0.22530074
3402,0.583441,0.37843928,0.83916664,1.077402
3403,-0.37422723,-0.6147163,0.8459494,0.6885629
3404,1.2110922,-0.32339472,0.9024719,-2.3851118
3405,0.58185893,0.9349855,0.92039657,0.40019172
3406,-0.88536197,2.3632398,0.65782607,0.0035601445
3407,-1.2004925,0.93182206,0.11203241,-0.61119497
3408,0.97238714,0.637085,0.8388686,1.2465229
3409,0.078967005,0.7837664,0.2738726,-0.4510944
3410,0.12334614,-0.509223,0.1338861,1.7189527
3411,0.16019547,0.23168963,0.99208,0.44562462
3412,0.02702954,-0.76770324,0.91870415,-1.4316595
3413,1.2103572,-0.1222269,0.5214461,0.21416788
3414,0.28614467,-0.29663193,0.9492711,0.43811333
3415,1.5600123,-0.20558956,0.70523775,0.3700639
3416,-0.70399505,0.38569325,0.26176715,1.0134908
3417,-2.2069597,-0.5415911,0.015775204,-2.1000311
3418,1.1586354,-0.846459,0.19572866,0.44864354
3419,0.20348951,0.8239556,0.12873447,-0.92860514
3420,0.18759355,0.70181435,0.7697998,1.3752731
3421,1.2836794,0.53212774,0.7191647,-0.13011268
3422,-1.3714577,0.7189387,0.2270137,1.7915326
3423,1.0346044,-0.9534428,0.30197525,0.59846497
3424,-0.69561636,0.76291525,0.5746708,0.5124367
3425,-1.081175,-0.91223264,0.04243791,2.273341
3426,0.02569816,-0.8338316,0.059078217,0.98499334
3427,0.7229416,-1.590347,0.57669926,0.15570572
3428,0.32480732,-1.1531631,0.0052210093,0.3105998
3429,-0.58208317,-0.31032652,0.97188306,0.5082725
3430,-1.0164398,-0.07659517,0.32661462,0.0152434325
3431,0.4075278,0.31898907,0.8482826,0.9531931
3432,1.3995228,0.7540222,0.34234416,0.18985485
3433,1.8165871,-0.95418316,0.7499114,0.8868025
3434,-0.860142,1.2077847,0.31576896,-0.5465121
3435,0.022040838,-0.4769448,0.27415872,-1.169157
3436,-0.75979394,-0.6541472,0.09856331,-1.5518893
3437,0.4060957,0.7409815,0.9359493,1.8859632
3438,-1.7513337,-0.5898084,0.74904716,-0.12273479
3439,0.10269599,0.6940702,0.06810379,-0.5769571
3440,0.7284458,0.54986995,0.93135226,-0.5804054
3441,-0.8604483,0.85604185,0.124589324,-0.09219536
3442,-0.19550064,-0.8710337,0.6981214,-0.6035894
3443,0.89695513,-0.57978916,0.51832855,0.88192236
3444,1.8764652,0.17052138,0.6589129,1.823949
3445,-0.37566945,-1.00595,0.63109434,-0.57805115
3446,0.074192025,-0.072075106,0.94660676,0.6936349
3447,1.6198118,-2.0909138,0.6861099,-0.08038113
3448,-2.797041,1.1902615,0.06378043,0.89641374
3449,-1.6172911,0.3670794,0.6281223,0.41357183
3450,-0.07773975,0.43177637,0.4109577,2.3861995
3451,0.3479982,-0.67330885,0.7359898,-0.01999187
3452,-0.64021283,2.025648,0.4562919,0.4922896
3453,-1.7650845,0.7649256,0.50712895,1.2898194
3454,1.2288418,-1.7059388,0.59353566,0.3010287
3455,-0.85499674,-1.4595189,0.9278369,0.22031347
3456,-1.4998933,-0.16784103,0.5249742,0.51766586
3457,-0.8474278,0.030543547,0.8138472,1.6498345
3458,1.2453132,-0.658475,0.5124701,-0.4749868
3459,-1.8631921,-1.390476,0.16694784,-0.7222403
3460,-0.67634547,-0.9341893,0.3259629,-0.91616035
3461,0.74891907,0.17399515,0.5545665,-0.53085387
3462,-1.0316112,-1.6639395,0.7789992,0.3467118
3463,-1.2754295,-1.1827278,0.27731824,0.17303354
3464,1.8352418,-1.8049946,0.049851775,-0.8552698
3465,1.4868964,0.38591504,0.28512394,0.18992786
3466,0.19828936,0.99890584,0.6805557,-0.56381464
3467,0.9613819,0.26857397,0.60964274,0.23403102
3468,0.34459284,-0.13906638,0.79737675,-0.57472306
3469,0.27049115,-0.19564044,0.36206377,-0.25650182
3470,-1.4807119,-1.1937197,0.030641675,-0.0124846725
3471,1.2269741,-0.13998458,0.3189019,-0.42389116
3472,-1.7336216,-0.08221202,0.7156174,0.28203356
3473,0.25866237,-0.8213417,0.47141194,-1.164226
3474,-0.3514605,-0.76079774,0.12018466,0.39912206
3475,2.0222654,-0.10956562,0.3714199,-0.30176497
3476,0.4878397,1.049703,0.07311833,-0.1228745
3477,-0.016333489,0.49792644,0.10071468,-2.1774578
3478,-0.28837943,-0.07343111,0.22496116,0.8168744
3479,2.6399562,1.4260974,0.15181768,0.98417187
3480,-0.08535371,-0.18020019,0.81034863,-0.2151765
3481,-1.0314326,-0.5667476,0.9506184,-0.4196482
3482,-1.1077387,0.44206274,0.50020826,1.6704868
3483,0.23874931,-2.3686905,0.8877779,1.7586281
3484,1.1340169,-0.32006028,0.60926616,1.4031352
3485,-0.43182114,0.8396011,0.119045615,-0.026151763
3486,1.2417026,0.57691455,0.2364682,-2.1633558
3487,-1.0056908,2.8217223,0.8640828,1.0836886
3488,0.97160167,-1.2197932,0.829707,-0.394494
3489,-0.28670147,-0.4262663,0.39969397,0.66503197
3490,1.8932974,-0.92273426,0.2559451,0.024916517
3491,0.74762464,1.409355,0.0018752813,-0.47775453
3492,-0.6297058,0.25426313,0.5836297,0.13247609
3493,0.16277781,-1.024966,0.014680624,0.050563198
3494,1.0006185,0.13794696,0.71966505,0.4945407
3495,-1.0867552,0.24103215,0.027362347,2.2574294
3496,0.88148814,-0.65530896,0.97059107,-0.61676997
3497,0.31441772,-1.7395428,0.4594264,0.5533738
3498,0.46910197,-0.3667807,0.80460405,1.0423312
3499,0.22961338,-0.46701303,0.39464474,1.9213268
3500,-0.35385713,-0.030642351,0.9789958,-0.09210864
3501,-0.081642374,0.17754145,0.89388096,-0.14948365
3502,0.22979163,-0.67828,0.7768594,-0.29014078
3503,0.60282326,-0.9791465,0.8846828,-1.9153762
3504,1.0825953,0.4433929,0.051334143,-0.42838022
3505,-0.5114701,0.2353094,0.7860811,0.11978647
3506,0.30775878,-0.03927619,0.611483,-0.6320316
3507,-0.10402308,-0.52449596,0.97512317,1.2801151
3508,0.49924874,1.1394337,0.8038626,0.9286054
3509,0.300979,-1.510208,0.24723518,-2.5570772
3510,0.7652215,-1.8246598,0.5445497,0.45944858
3511,-0.14583744,0.12956016,0.41857028,0.73741585
3512,-0.055306483,-0.30025542,0.8289038,-1.587259
3513,-0.24562642,0.68233675,0.6092944,-0.06648314
3514,0.15632063,1.2681944,0.6264373,-0.5889464
3515,-0.25588056,-0.41661665,0.5939343,-0.55764973
3516,1.5336771,-1.1458313,0.028877258,0.14954
3517,-0.47391963,-0.678766,0.15907514,-0.6928212
3518,-0.88974077,1.2008228,0.5424764,0.26669064
3519,-1.0788422,-0.057335656,0.2204355,-0.9661665
3520,1.9064237,0.99099326,0.036203384,1.1008527
3521,-0.5176664,1.3291965,0.5315794,-2.741523
3522,0.3719532,-0.6296551,0.8149414,0.7409276
3523,0.49581787,-0.8073185,0.75625443,0.59212464
3524,-1.0876046,-1.6529405,0.32192695,0.046833172
3525,-0.07827895,0.8020287,0.261464,-1.3296688
3526,-0.57441753,0.07663668,0.8029492,1.2328544
3527,-0.15012339,-0.42610824,0.0013734102,0.7312046
3528,-1.5138165,0.7231931,0.5048417,0.29440585
3529,-2.0236843,-0.6740104,0.4958682,-0.2510453
3530,-0.15943657,0.3538204,0.20369625,0.23593523
3531,-1.455842,0.4661183,0.68151665,2.2025776
3532,-0.11205202,0.6629467,0.28166866,0.5201585
3533,-1.3003592,-0.53198886,0.20343137,0.40503323
3534,-1.310667,-0.42477885,0.31347442,1.6413885
3535,-0.59558153,-0.40768027,0.6213671,1.2204055
3536,-0.09357495,-0.80048174,0.5000855,1.209061
3537,1.612021,-0.9996953,0.2731459,0.044170678
3538,0.40148112,-1.5340205,0.301502,-0.9026278
3539,0.1896863,0.07342287,0.56167424,1.1111883
3540,0.72959256,-0.976654,0.8038825,1.7015704
3541,-0.2587546,-1.433614,0.09449315,0.48186773
3542,-0.7975123,0.37710044,0.99267316,-0.33907765
3543,0.46748045,-0.16060574,0.46471775,0.5797886
3544,2.0225818,1.5971467,0.67068124,1.1711133
3545,0.44498843,1.2143532,0.201913,-0.78623813
3546,0.4135943,-0.7161339,0.647344,0.8842803
3547,-1.0149202,0.949885,0.5183455,0.8861572
3548,1.0461012,-0.99591744,0.92902553,-0.37106454
3549,0.092578135,0.20311491,0.886518,-1.8195614
3550,0.40872002,-0.21969676,0.16328299,1.9229907
3551,-0.2926515,-0.64784664,0.041510344,-0.13278946
3552,-1.8503115,0.33178335,0.70489776,-0.06883451
3553,0.3994845,1.0488319,0.36479568,-0.28638762
3554,-0.08059758,0.027625296,0.87039447,0.30008397
3555,-0.4578517,0.03590693,0.21942353,0.02144546
3556,0.6662556,0.78795725,0.47461212,0.915547
3557,0.90495366,1.188368,0.083471894,1.5438877
3558,-2.4420729,-1.6270186,0.3868209,0.91324085
3559,0.79910004,0.41003084,0.31544948,-1.1864175
3560,-0.9409614,1.3573865,0.22994411,-0.92942053
3561,0.6840341,-1.0741638,0.14667523,-2.1088672
3562,-0.7153829,0.7218217,0.7938442,0.41467032
3563,-2.3084824,-0.92537796,0.27823508,0.27724615
3564,0.7547541,1.2499471,0.9830911,-0.20975026
3565,1.1239512,0.4438957,0.35625863,0.4672615
3566,1.007818,1.6001042,0.00047183037,-0.18481237
3567,0.56317526,-0.34548226,0.8939588,0.74778867
3568,-1.0447065,-1.8953274,0.6219106,0.03974524
3569,0.7964275,0.8560491,0.73863816,0.5708538
3570,2.0425491,-0.14572147,0.3163613,1.6626985
3571,0.3807942,0.7386428,0.2643193,0.41535854
3572,1.3380395,0.29007268,0.8169303,0.5433381
3573,-0.6361781,-0.2318761,0.80152345,0.798152
3574,-0.6859011,-1.2668203,0.49615717,0.84100765
3575,-0.3684489,-1.002823,0.16507208,0.32476354
3576,0.040210865,-0.5361518,0.64866483,0.6995765
3577,-1.3345927,1.0333198,0.049611807,1.4255062
3578,-0.6932878,-1.7197407,0.643011,0.7933002
3579,-1.3366346,-1.4704015,0.29754484,-0.901722
3580,-0.083394,0.7764315,0.989856,-0.48317516
3581,-0.5289582,-0.7795603,0.47335255,0.8392781
3582,1.1637275,-1.9736676,0.31935334,1.649323
3583,-0.058844224,2.0228086,0.41650784,-0.2272641
3584,0.05472127,0.621823,0.761413,-0.4019708
3585,0.21890447,0.4337354,0.5239953,-2.1953273
3586,0.53722554,0.57882386,0.8775966,-0.634545
3587,0.9529983,0.79263765,0.5342916,1.3602947
3588,-0.45939395,0.20070322,0.32484615,0.55256706
3589,-0.04439067,-0.2819858,0.76771355,0.32814685
3590,-0.7264792,1.9544913,0.59935546,-0.7507317
3591,-0.41707423,-0.6436034,0.5835612,-1.8975596
3592,-2.1174161,1.1218861,0.2893523,-1.5654509
3593,1.6619252,1.073411,0.5030726,0.52241254
3594,0.36470908,-0.92219603,0.5462434,1.2656924
3595,0.5565262,0.35904905,0.8896798,-1.6521585
3596,-0.62118053,0.6274654,0.4532081,-1.6165532
3597,0.18274565,0.0065626604,0.540113,-1.1245052
3598,0.5499047,-0.5821214,0.57713556,2.275301
3599,0.34315488,-0.29107308,0.48663783,-0.43386266
3600,0.019171918,1.4599487,0.117536426,-0.50381947
3601,-0.2363296,0.5566211,0.49836242,0.6555574
3602,0.3386832,0.89759696,0.044900656,0.06576907
3603,-0.65670484,0.41011205,0.36655307,1.0171596
3604,-0.6726335,-0.42045367,0.56794655,-1.298084
3605,-0.28378037,0.22618075,0.18870962,-1.0685172
3606,0.67361045,-1.0415932,0.26460683,0.12758337
3607,0.114415646,0.37710878,0.22132182,0.2965603
3608,-1.1300558,0.84040517,0.6909262,-0.42158467
3609,0.13296686,1.2445712,0.8868071,1.6674303
3610,1.0446655,1.4977944,0.58313584,-1.6715401
3611,-1.0107282,-0.19258755,0.17645872,2.1864293
3612,0.36572418,-0.54318035,0.7209418,-1.4806582
3613,-1.7353698,-1.100128,0.1957326,-1.0868258
3614,0.7754136,-0.11686836,0.13907897,-0.20307694
3615,-1.1531113,1.3205024,0.65103006,-1.3898431
3616,-0.12833308,-0.5293325,0.37733483,-0.003666971
3617,-0.70971525,-0.33347118,0.25806808,-0.21439458
3618,-0.789517,-1.3259747,0.94738054,0.44331476
3619,0.20091331,-1.1734576,0.051383853,-0.43176475
3620,1.1342692,0.52041745,0.44642675,1.9406862
3621,1.9529096,-0.58018017,0.55292857,-1.0764315
3622,-0.20146963,-2.4638183,0.40292346,-1.8675925
3623,-0.23089735,1.1472667,0.9841509,-1.5635823
3624,0.9293328,0.16209716,0.36366034,1.0022845
3625,-1.3116369,-0.84311336,0.5825404,0.5388933
3626,0.6576618,-0.42602026,0.20619726,-0.9678496
3627,1.7430887,-0.8761335,0.06971073,-0.8288139
3628,0.8861067,0.14222772,0.946416,0.09759874
3629,0.6467182,1.8024068,0.8400208,0.5023604
3630,0.63820845,0.43835145,0.1704619,1.1703235
3631,-0.8389362,0.005901673,0.78664386,-1.8603214
3632,-1.127411,0.7778986,0.72145855,-0.48339108
3633,-0.70617974,1.2863163,0.78132045,0.2236481
3634,-1.1712542,-0.575918,0.65808547,0.21086209
3635,0.21435499,0.33616275,0.28208685,1.0396488
3636,0.07966633,0.62901497,0.49303687,0.13738407
3637,-0.27763447,-0.13240692,0.9746369,0.069648184
3638,1.2153989,0.70424265,0.6617253,-0.80819505
3639,-1.9382159,-0.35297862,0.6087011,0.8488152
3640,0.040124442,0.5253501,0.5051546,0.99820924
3641,1.5591463,0.8872312,0.30288923,-0.3972406
3642,0.098952904,0.13710354,0.07967579,0.2632677
3643,-0.07426619,-0.41018376,0.6004716,-1.6222838
3644,0.15147662,0.3703622,0.64938474,0.3164079
3645,-0.7519204,-0.1998848,0.486292,0.15255398
3646,1.9295491,0.11553521,0.0010033846,-0.7821986
3647,0.37062848,-0.034163024,0.4245702,1.0014206
3648,0.32127565,-1.0690002,0.2640066,-0.18137717
3649,0.53881174,-0.1981155,0.33767653,-0.3381894
3650,-0.1513193,-3.6826236,0.8977165,1.9951925
3651,1.8181671,-0.59340614,0.8486836,1.3046783
3652,-0.6164614,-1.8267035,0.9192425,0.34905937
3653,0.7619494,-2.7104166,0.6242932,1.1107756
3654,-0.035486978,2.1020095,0.34015846,-0.5034677
3655,1.1564618,-0.74659306,0.35288417,1.314194
3656,1.1510158,-0.13011779,0.08007181,-2.755452
3657,-0.687757,0.937347,0.7087436,-0.1799205
3658,-0.8167912,-0.43499193,0.07431054,-0.14042184
3659,-0.5631919,0.9030193,0.71700037,-0.55338126
3660,-0.15593393,-1.0020319,0.24658263,0.035833072
3661,-0.9573504,1.6237979,0.47146118,0.018534735
3662,0.5459323,0.44702753,0.6801233,-0.726941
3663,0.0067258165,-0.22934787,0.08467662,0.10601621
3664,-1.0682694,-0.62716943,0.0171628,-0.39120063
3665,-0.023441589,2.261396,0.69056976,0.20022944
3666,0.14124769,1.4618137,0.1749593,-0.60879004
3667,0.008156275,-1.2564281,0.33635855,2.0078804
3668,0.43399546,0.422425,0.58775556,2.8378353
3669,0.18961056,0.09466071,0.6930791,0.6787101
3670,-0.25255418,-0.27989352,0.948197,0.35646236
3671,0.45544276,-0.72101533,0.059978247,0.7420975
3672,0.8759544,0.88480043,0.72234344,-0.053341877
3673,-0.37376702,-0.41503754,0.024292469,-0.46535182
3674,0.07636097,-1.2053581,0.42969358,0.17791209
3675,0.23626,-0.45681864,0.3376106,-0.28074136
3676,-0.4733711,-0.63740516,0.57570744,-1.3064367
3677,0.21652302,1.5653913,0.35798943,-0.4497252
3678,-0.7004501,-0.0035943587,0.18634844,0.17955533
3679,0.19130084,-1.4884628,0.10318339,2.065984
3680,0.66460824,0.6355327,0.40866852,0.40511334
3681,0.76743704,-0.68820035,0.43920195,0.013343981
3682,1.2181516,0.8792614,0.63260984,0.23908569
3683,-0.49207827,-0.28531158,0.47855508,-1.4228958
3684,-0.11945646,2.2556188,0.43737745,-0.95454735
3685,0.83404845,0.9630966,0.2051096,-1.5059087
3686,0.58904463,0.91570115,0.19076478,-0.19337328
3687,0.45898038,-0.88743216,0.12334955,-0.9178807
3688,-0.99377126,-0.58264256,0.1673218,-0.63524985
3689,0.3848603,0.64182955,0.5917282,1.3647922
3690,-1.4040695,0.2184968,0.33285522,-0.32066926
3691,0.6000459,1.2454437,0.92210305,2.4438004
3692,-0.114540316,0.18064651,0.92328906,-0.93081075
3693,-1.1148925,-0.3874998,0.51786005,-0.16998854
3694,-0.41116,-0.75601196,0.54971445,1.7717977
3695,1.2242244,-1.2191986,0.63573635,0.7281101
3696,2.395848,0.6609665,0.7550709,-1.0258248
3697,-1.9700078,1.2966099,0.26145625,-1.4438224
3698,2.0899613,-0.18302658,0.15383661,0.9168701
3699,-1.5069617,1.5133574,0.3950174,-2.237228
3700,0.060130645,0.2550768,0.57663083,0.26968443
3701,0.06722421,-0.025842685,0.63605773,-1.7841381
3702,0.0043427427,-1.1152303,0.44801486,-1.1873186
3703,-0.8543725,-0.08559573,0.71418893,2.8751757
3704,-1.3721246,-0.5950139,0.13437021,0.1581219
3705,-2.0070636,-0.63128895,0.9784236,-0.042741153
3706,-0.48778427,0.5004409,0.21131241,-1.4151757
3707,0.7880469,0.25649026,0.6783947,1.052049
3708,-0.1555492,0.0008406367,0.14337254,1.5748677
3709,-0.4617901,-1.2793691,0.63061297,-0.343944
3710,1.9719889,0.9859295,0.98679924,-0.8071814
3711,0.7195553,0.42689848,0.71165276,1.1937505
3712,0.3049149,1.2760204,0.16975081,2.305913
3713,-1.7050523,-1.3087811,0.27016318,0.03867437
3714,0.3450121,1.1716373,0.7760215,-1.473608
3715,0.2431085,-0.60285497,0.53241765,-0.5451308
3716,-2.0075207,-0.043903735,0.7474282,-2.1573918
3717,-0.7626336,1.1351066,0.30414867,-1.114019
3718,-0.6000758,0.37787026,0.20770109,-0.32318282
3719,1.6732585,-0.30615178,0.2957201,0.90465766
3720,-0.44281325,-0.9969974,0.27077627,1.9940958
3721,1.879669,-0.78883404,0.07296145,0.79649645
3722,1.3063717,0.8809123,0.34809995,-0.37429002
3723,0.67513937,-1.1486415,0.7042357,0.7870796
3724,-0.20918825,0.24172376,0.60928047,1.5662678
3725,0.28175247,1.5057821,0.2535715,0.06548728
3726,1.1855466,-1.866904,0.38051903,-1.0694342
3727,0.34596142,0.24135886,0.67227066,1.8748983
3728,-1.1289333,-1.0503955,0.053392768,0.92583954
3729,0.036001712,1.8869812,0.21825206,-0.077321045
3730,-1.2342936,-1.0018494,0.07755232,-0.012093197
3731,-0.24341212,0.065633416,0.77813494,0.2967748
3732,1.5480684,-1.2751026,0.7925358,-1.4292374
3733,-0.5653443,-0.09254106,0.4522425,-0.21460679
3734,1.7841579,-0.59116226,0.62579775,-0.7693758
3735,0.07545895,0.44235164,0.8956622,0.6867147
3736,0.9148621,-0.4732862,0.81408167,0.41496408
3737,0.39104402,0.5311393,0.55177844,-0.15678209
3738,-0.5015197,1.907307,0.7468742,0.31794164
3739,-0.8651303,1.247454,0.49134243,1.1064396
3740,-1.4510455,0.83690226,0.223261,0.0060379338
3741,-1.1130387,-1.2740625,0.9628694,-0.2731054
3742,0.13686284,1.7150847,0.66771126,2.075946
3743,-1.3230981,0.46026066,0.6070881,-1.0130402
3744,1.2973949,-0.9977561,0.740525,-0.018919226
3745,0.5908892,0.7741243,0.028768897,0.4524192
3746,-0.85581183,-0.32496968,0.41279423,1.1271383
3747,-1.0354781,-0.7026546,0.51075256,-1.4111745
3748,-0.23004277,1.1362655,0.5455024,-2.8297603
3749,0.17710403,0.7821412,0.3674233,0.632357
3750,-0.8964372,0.6063834,0.26654983,0.79938334
3751,0.40677208,0.5118715,0.53820765,-0.7708063
3752,0.7009817,0.4449116,0.89772487,-0.70716435
3753,0.8234635,0.65344137,0.86925614,-0.43526328
3754,1.0540395,-1.4938099,0.58409476,1.6451422
3755,-0.5969811,-0.068700925,0.12198281,1.9297704
3756,-0.92959815,-0.84518254,0.16400576,-0.04995749
3757,0.28468,-0.29758006,0.5001899,-1.4588959
3758,-1.6281537,2.1962247,0.7817801,-0.167208
3759,-0.008974307,-0.074673995,0.85772073,-1.6145072
3760,1.967417,-1.0965117,0.5870565,0.35232186
3761,1.704635,0.79532874,0.54322124,0.6168591
3762,1.4865019,0.7208573,0.4060117,0.40631023
3763,1.2976153,-0.12245389,0.9709977,-0.034759514
3764,-0.0023357514,-1.3365061,0.63196206,-0.7303065
3765,3.061223,0.6860041,0.7833878,-0.80845857
3766,1.8132472,-0.37651807,0.5623617,-0.0941728
3767,-0.61194474,-1.1271852,0.8166075,-1.1409366
3768,-0.26283604,0.2807661,0.28176737,1.261197
3769,0.517533,-1.0530602,0.5354067,-0.43620986
3770,-0.076176815,-1.7085143,0.4433366,-0.48061657
3771,0.40711388,0.5729583,0.93227434,0.13215235
3772,0.69739854,0.8136111,0.4472561,-0.6811102
3773,-1.144819,1.9742349,0.38260317,0.43172258
3774,0.5810843,0.32092297,0.8779539,0.105066985
3775,-0.5574651,0.46335432,0.12633562,0.11062308
3776,0.24814713,2.5220606,0.603117,-1.1686611
3777,2.2058644,-2.0548408,0.6215937,1.2567141
3778,0.7302614,-0.41064695,0.9279995,0.21480265
3779,1.6723578,-0.21249132,0.5953697,0.38526547
3780,1.653439,0.77954596,0.49169672,0.70337176
3781,-1.5988764,0.11933112,0.5982572,0.941319
3782,-1.7716002,0.79643035,0.7820554,0.01826277
3783,-0.03828099,0.33899236,0.8846401,1.8446302
3784,0.6421193,-0.18902661,0.7240436,-0.44825283
3785,0.21859106,-0.31002522,0.3179145,-1.2118133
3786,-0.08081133,-1.0361353,0.25178838,1.1626034
3787,-0.11464739,-0.6368414,0.85427773,-0.037373737
3788,1.30143,-0.9156059,0.3001808,0.7679422
3789,1.2768875,0.3321095,0.2846737,1.1744108
3790,-1.2329174,2.0694633,0.15558577,-0.8423194
3791,-0.05532654,-0.029577794,0.73383486,0.57454455
3792,-1.362085,0.6595667,0.84972787,-0.41232312
3793,0.71077824,-0.016525056,0.59901655,-0.1249266
3794,-2.554868,1.691009,0.40704215,-1.8776178
3795,1.6008981,-1.6129097,0.6032727,-0.013887722
3796,0.28823566,-1.7558458,0.5533078,0.8803144
3797,1.9075761,-0.27902323,0.092996836,-0.040276207
3798,-0.41728452,1.1643553,0.39895225,1.1304857
3799,-0.1784244,-0.11794912,0.9569588,-0.76405203
3800,-1.7038747,-0.024104543,0.8315115,-0.064531
3801,0.21175861,0.43734908,0.8765507,0.37617984
3802,-0.20378649,-0.16761799,0.83972,-0.06947131
3803,-0.047718205,-0.169609,0.13810146,-0.17056064
3804,1.963783,1.0856107,0.7701266,-0.030170608
3805,-0.026513154,-1.5005713,0.795946,0.015619385
3806,-2.044402,0.14458439,0.8423213,1.0880369
3807,0.9791068,-0.078718364,0.3446362,0.451883
3808,1.2126268,-0.09980258,0.9074105,-0.07312731
3809,0.23947683,0.6462439,0.1991986,0.83040255
3810,1.0255818,1.1058639,0.562783,0.6625552
3811,-1.3642135,-0.6912662,0.7105591,-0.7706282
3812,0.46770278,0.3085164,0.9334979,0.7425824
3813,0.18842903,-0.8017866,0.36911058,2.41577
3814,2.2601109,0.1408964,0.12278128,-0.52417296
3815,0.07383366,-0.86436206,0.9741038,1.2478036
3816,-0.10706577,-0.026363993,0.34949315,2.0008533
3817,0.27662608,1.1644177,0.14587104,-1.5809237
3818,0.8438054,1.9960395,0.5642867,0.028064722
3819,0.31659982,0.84021163,0.93163645,-0.05154863
3820,0.6060448,2.0650208,0.11861503,1.0769179
3821,0.6931847,-0.2944116,0.8453281,1.0230218
3822,-0.7365312,-0.22481911,0.026872635,1.7238541
3823,-0.30847836,-0.07190943,0.06369531,0.12761651
3824,1.0325506,-0.9459497,0.6306863,0.32899368
3825,0.41255397,-1.6105855,0.5073091,-0.3214026
3826,0.5381102,0.63151115,0.4869591,-1.6184103
3827,0.30623114,0.8630987,0.38902116,0.11711672
3828,-0.7434257,0.16043639,0.99136055,-1.2391677
3829,0.13633771,-1.4906355,0.9708518,1.1109152
3830,1.065585,-0.40844733,0.2816397,-1.6233418
3831,-0.28591385,2.0622065,0.23449302,0.39442247
3832,-1.9094177,1.2310795,0.17613447,1.3162504
3833,-0.54794484,-0.6548924,0.42696798,0.7972879
3834,0.37285635,-2.214794,0.9103203,0.40795514
3835,0.9416202,0.69737524,0.42611885,-0.5099814
3836,0.0074570305,0.28951582,0.6235882,0.55712736
3837,0.009344404,-0.50318587,0.42556536,0.8135762
3838,-0.6416495,-0.6217369,0.36835408,-0.2842716
3839,-3.254213,1.821642,0.5877943,0.34525406
3840,-0.12013636,0.23679806,0.029550672,0.4216587
3841,0.52799326,-1.2021257,0.5990441,-0.1444269
3842,-2.0825655,1.1072412,0.32280886,-0.396766
3843,0.8712164,0.14176318,0.19213116,-1.6712102
3844,0.37319273,-0.30540967,0.54499066,-0.49003816
3845,-0.3649152,-1.7499533,0.45771313,1.0649183
3846,0.59618664,1.597625,0.1853913,0.07615419
3847,0.21399115,-1.2244809,0.6753528,-0.56549793
3848,-0.7092851,-0.15622702,0.32550275,0.46184915
3849,0.02078643,-1.7693729,0.121460795,0.052143916
3850,0.6993899,0.038868744,0.8268875,0.6414514
3851,-1.125983,-0.9392341,0.41659725,0.96106833
3852,-1.7478296,1.1037838,0.67853,-0.33935365
3853,-1.0314357,0.8500912,0.60612464,1.2401357
3854,-1.2084204,0.4535403,0.7726116,0.47706553
3855,-0.83407825,0.17539719,0.84408474,0.5888342
3856,0.70383674,0.23847601,0.2178241,0.13428439
3857,0.6764208,0.3589378,0.29691017,-0.73366535
3858,-0.8078567,0.67117846,0.15402615,-1.1208895
3859,-0.21654245,0.4240937,0.19211674,-1.4468712
3860,0.51882005,0.5806142,0.6361778,0.5059744
3861,0.99476624,2.352416,0.04878056,1.1617613
3862,-0.61530113,1.3012711,0.14354253,-1.0228517
3863,-0.32325616,-0.2691154,0.032313943,1.9995855
3864,0.16527216,-0.31662765,0.81762564,-0.284196
3865,0.2519374,-1.4648783,0.29099667,1.7959583
3866,2.6399953,0.9899806,0.09691,-0.21308367
3867,1.159778,-2.1691277,0.6097201,-0.02544035
3868,0.3084544,-0.886527,0.494017,1.3544794
3869,-0.49544403,-0.118254244,0.5921228,0.57465416
3870,0.3226799,1.4038242,0.3964578,1.8859774
3871,0.21504208,1.1000845,0.29093373,2.1172853
3872,0.6061705,0.35079804,0.93525445,-0.8824508
3873,0.93586797,0.09523701,0.034040213,0.39171728
3874,1.4820399,-0.44786564,0.93805695,-1.141801
3875,-0.35962614,2.10149,0.5816847,-0.1927437
3876,1.4906044,0.024052387,0.7330122,-0.55836993
3877,0.5856513,-1.2557888,0.3911227,1.036247
3878,0.33771846,0.2815771,0.53250825,1.0644817
3879,-0.7018501,0.8905008,0.7126837,-0.09141456
3880,0.44082025,-0.05448171,0.59442174,-0.9411382
3881,-1.2080942,2.0695677,0.41624272,-0.53343344
3882,1.1039642,-0.7437776,0.4658841,-0.9185152
3883,0.60903084,1.7515188,0.43887758,1.597593
3884,-1.1847086,1.1471266,0.093174696,0.038542498
3885,-0.81781805,1.0343707,0.50223875,-0.2742774
3886,0.11269087,-1.001461,0.382697,2.3871791
3887,1.4398541,0.5312721,0.7411876,2.2114644
3888,-1.691483,-1.112492,0.8494669,0.4058663
3889,-0.5565319,0.076374754,0.15038371,2.1140528
3890,-0.17462118,-1.2637252,0.052434802,-1.1693096
3891,-1.0423594,0.15323663,0.2343942,1.4362137
3892,-0.13604744,0.22825907,0.14864087,0.7477724
3893,-0.19296809,-0.25331962,0.3545544,1.2467517
3894,2.8052068,0.59687346,0.6042495,0.7238068
3895,1.3765205,-0.14162238,0.14810812,-1.3745023
3896,0.17725883,0.41283605,0.45151758,1.1212723
3897,-1.5632253,0.116697624,0.35937,0.43577498
3898,1.9452144,0.05486342,0.879676,-0.27261442
3899,1.1436819,-0.1345324,0.18816555,-0.76841325
3900,-0.057987254,-0.39859352,0.6497724,-0.8831902
3901,-0.5749332,0.1965462,0.73109293,-0.449588
3902,-0.5273271,-0.34923577,0.5670613,-0.37519845
3903,0.3695814,-0.10876151,0.68800354,-0.763039
3904,-0.04763833,0.41214335,0.3219576,-0.7719937
3905,0.05387438,0.52783453,0.21047688,-0.65542936
3906,-0.6206185,-0.7685907,0.91893244,0.1902084
3907,-0.8794533,-0.08957772,0.4017688,0.057623144
3908,-0.088737406,0.6002058,0.1189909,-0.3808134
3909,-1.6840118,1.411637,0.5553169,0.6495635
3910,0.49661344,0.06343944,0.2071445,1.1812656
3911,-2.0506907,-1.2664638,0.47368193,0.39065054
3912,0.8561215,-1.8461729,0.76884246,0.3873009
3913,0.41684985,0.9215591,0.9794363,0.4675218
3914,0.7819063,-0.116200484,0.32360578,-0.04048256
3915,-1.2577478,-0.3839249,0.67744756,2.6656518
3916,-1.3150004,0.3132064,0.7372664,-0.6653856
3917,-1.6851219,0.46900523,0.23265839,0.8934895
3918,1.4743761,2.6259427,0.52594244,1.0949277
3919,-0.407815,0.41070303,0.9703821,1.0195832
3920,-0.3837358,-0.82730114,0.42228913,-0.47052428
3921,-0.32372656,-0.34673575,0.87885153,1.7353653
3922,-0.47649023,1.3782187,0.6920121,0.3449344
3923,-1.2261249,-0.05000446,0.40494835,0.72487974
3924,-0.8422142,0.44981664,0.6193751,-0.07106552
3925,0.50494385,-0.5595598,0.8887589,-0.6767009
3926,-1.4336284,0.3478728,0.87403643,-0.14375632
3927,-0.08459917,-0.90507984,0.6109601,2.134294
3928,0.45863876,-0.22408824,0.66997397,0.6486671
3929,-0.17398466,-0.31495103,0.21954036,-0.3283192
3930,1.0532025,-0.76224047,0.5643779,0.4936771
3931,0.5519263,1.0029919,0.449404,0.84553385
3932,0.6191081,0.58249396,0.7665976,1.2196885
3933,-0.2955642,-1.2498586,0.25706887,2.055227
3934,-2.9767652,0.33603597,0.55678546,0.639681
3935,0.99843264,0.85922426,0.9009378,-0.010832122
3936,1.0447098,0.25226653,0.3949331,-0.31104374
3937,0.12858179,-1.3489146,0.956782,0.11579752
3938,-2.136507,-0.34301147,0.55440104,1.1900777
3939,2.1462371,-2.0301197,0.32278025,-1.1209282
3940,1.4177663,0.7361038,0.67981255,-0.7437823
3941,-1.1366848,-0.6974387,0.24381864,-0.3713671
3942,-0.013547341,-0.72216314,0.56742907,-1.5462166
3943,-0.32007602,-1.1456821,0.13508117,-1.5269425
3944,-0.039512735,-0.46372807,0.60084474,-0.31795594
3945,0.8644079,-1.5033665,0.2328093,1.0571755
3946,0.43545756,-0.38453743,0.5749749,-0.15987995
3947,-2.4265792,0.42066407,0.045024395,0.31981012
3948,0.47222313,-0.70913756,0.8106847,0.33141807
3949,1.2717196,0.15231666,0.3055116,0.6605376
3950,-0.22741835,0.112574786,0.4988706,1.8293958
3951,2.4760082,-2.607226,0.33360207,0.96725285
3952,-1.5037317,-1.968031,0.7647171,0.53910583
3953,1.0099543,-0.2996178,0.8115972,-0.06773201
3954,-0.19956808,-1.1640097,0.27293992,-0.5378776
3955,1.638514,1.1317818,0.9256598,0.24250439
3956,-1.6268615,-1.9501839,0.027663112,-0.22865643
3957,-1.9312718,-1.1826677,0.044687867,0.6855637
3958,0.30442908,1.0697336,0.715598,2.146171
3959,-0.4776206,1.0386463,0.27769804,-0.9902399
3960,0.3174699,1.9787124,0.47722197,0.7402452
3961,0.050445024,1.1990525,0.34246743,0.7992373
3962,1.3906405,-0.050272238,0.93963575,1.6805007
3963,-0.6864017,-0.743406,0.34579146,0.20363532
3964,0.13260572,-0.25028244,0.40102375,0.007706846
3965,-0.5396306,1.1390165,0.79396486,2.1350584
3966,-1.5287127,-0.1690552,0.8411,0.50774014
3967,1.4457194,-0.23069541,0.5140896,-1.0077367
3968,0.09827099,0.038081087,0.26902688,1.6503298
3969,0.5846105,-0.110196024,0.12223482,0.88659966
3970,-1.216398,-0.5135964,0.8155812,-0.66738135
3971,-0.78966105,-1.2447115,0.93473184,-0.088966906
3972,0.30908182,1.6520772,0.8585186,0.7580071
3973,-1.6590068,-0.83470553,0.34709156,-1.4609239
3974,-1.1171423,0.3335187,0.22034645,1.1798763
3975,1.2850592,-0.52302724,0.18974459,1.067982
3976,1.0799928,-1.1927333,0.2711197,0.32893658
3977,0.91963047,0.73935574,0.62573063,0.406467
3978,-1.315004,1.2942442,0.70811665,-0.68525547
3979,-0.08613588,-0.7982928,0.4273547,0.2594757
3980,-1.2238393,-0.04329267,0.74840164,0.10742595
3981,0.660454,0.45557836,0.26276863,-0.14666681
3982,0.57145333,-0.8705809,0.9055338,0.34124723
3983,-0.50795144,-0.769661,0.15290749,0.19840729
3984,0.07256839,-0.82491,0.7333276,-1.0946478
3985,-1.4664431,-0.633165,0.7600657,-0.8375674
3986,-0.23974694,1.4505786,0.89445007,1.1641141
3987,0.23806405,-0.46060205,0.97484434,0.6937513
3988,0.8021825,-1.4101111,0.53684187,1.8664953
3989,-0.9425071,-1.8646232,0.6465627,-1.4561136
3990,-1.5093228,0.18140222,0.15836465,0.9324694
3991,-0.94679236,-1.6024008,0.7667165,0.7426025
3992,-1.9243051,0.06019531,0.1734935,-0.36944178
3993,0.42170113,-2.137844,0.19893694,1.2733796
3994,-0.8633717,1.7780287,0.12583935,-0.3375598
3995,0.19164656,-0.40857825,0.18081462,1.2227794
3996,-0.012536669,1.3380015,0.24015749,-0.7733348
3997,2.077464,1.370389,0.53911746,-0.03488569
3998,-0.042488724,-0.022959176,0.5172602,-1.416127
3999,-1.1249862,-1.5956063,0.32325172,0.48375335
