,u_x1,u_x2,u_x3,u_y
2000,0.89158565,0.68108785,-0.11107017,0.93805027
2001,2.467067,-0.5966484,-0.076577924,0.8869579
2002,-0.16718042,0.5782756,0.20343266,0.7710341
2003,-0.6122197,0.23750554,-0.040669825,0.011807084
2004,-1.0663024,-0.45862603,0.105434895,0.32686174
2005,-0.77683365,-0.7706664,-0.037496086,0.9978062
2006,1.0281242,0.15495053,-0.300155,0.73983073
2007,-1.1320146,2.224304,-0.09096283,0.69305944
2008,-0.43930244,-0.24912795,-0.05983823,0.42151654
2009,-1.69965,0.23143949,-0.14889215,0.27370083
2010,1.6309179,0.36846122,-0.090997905,0.82574916
2011,1.6069894,-0.16798559,0.07009443,0.14345825
2012,-1.0360351,2.2941918,-0.09713759,0.24455905
2013,1.6296281,-0.4747456,-0.08099991,0.05440283
2014,1.5263709,0.79539883,0.05051547,0.8811096
2015,-3.518942,-0.18584107,-0.11086061,0.7619674
2016,1.2469362,-0.5474939,-0.007719848,0.9234258
2017,0.70512205,-0.62776035,-0.02610752,0.323632
2018,1.3078799,0.7793897,-0.06386512,0.67164266
2019,-1.1338483,0.7103417,0.09928118,0.72745955
2020,-0.2793945,-1.9745003,-0.09653952,0.99942565
2021,-0.93092465,-1.3351433,-0.040428784,0.88239455
2022,-1.1323675,0.61478615,0.19060908,0.70929337
2023,1.0786265,1.6982462,0.10514744,0.9718795
2024,-0.23692083,0.7885402,-0.059023798,0.7835021
2025,1.945139,0.34188902,0.027615918,0.9857391
2026,-0.13833748,0.30087206,-0.13621704,0.47317708
2027,1.0175804,1.0996119,0.123040475,0.6411003
2028,-0.691358,-1.1731961,-0.09177937,0.7122884
2029,1.9899478,0.8281933,0.07283238,0.6965295
2030,0.5020031,-0.12886094,-0.054058034,0.31562078
2031,-0.54126763,0.7948147,-0.19733325,0.65881014
2032,0.7341631,-0.39877534,0.053134363,0.23406172
2033,0.1523091,-1.0596516,0.10796075,0.6704873
2034,-1.734358,0.14598921,-0.03598837,0.76006377
2035,0.017243357,0.522886,0.07037415,0.23008513
2036,0.8002473,1.0189283,-0.004052802,0.80271065
2037,-0.77082485,1.5150032,0.015285204,0.3999853
2038,0.6196137,0.35741106,0.037493512,0.5337659
2039,-0.7561054,-0.5804075,-0.02064509,0.42993426
2040,-0.2234243,0.44328773,-0.058210086,0.5840224
2041,0.31277144,1.0605317,0.19865206,0.6586286
2042,1.482125,0.25620276,-0.07258156,0.35722077
2043,0.16135873,1.0249845,-0.08302218,0.13418806
2044,-1.8414433,0.36019793,0.00821945,0.4855771
2045,-0.2634117,1.8879929,0.013486725,0.93512964
2046,0.72407013,-2.085688,-0.071479335,0.66306865
2047,0.46854866,2.866321,-0.026134571,0.2605816
2048,-0.22158985,-0.1516146,-0.049371913,0.40313947
2049,0.41119435,0.013649397,-0.12194977,0.44030666
2050,1.0840521,0.29163724,-0.039365243,0.7288729
2051,0.7802677,-0.85833406,0.0846945,0.27298176
2052,-0.13793625,-0.115754955,-0.17092232,0.33031166
2053,1.432454,0.6220348,-0.012454414,0.6516795
2054,-0.95798653,0.8954911,0.0032117274,0.10608888
2055,1.1200854,0.30580872,0.12356546,0.6091285
2056,0.25846928,-1.9507585,0.09900551,0.4609381
2057,2.2461133,-0.4488585,0.15107408,0.21840966
2058,0.10129776,-0.04467961,-0.048437845,0.6674899
2059,0.3495901,-0.24836145,0.038071584,0.34963048
2060,0.9896475,-0.89411426,0.079051785,0.099743605
2061,-0.77628434,-0.68678,-0.17375587,0.43592012
2062,-0.77340335,0.76239735,0.14249246,0.49537635
2063,-0.23163332,1.7350796,0.25727442,0.23373032
2064,-1.3579471,-0.23457758,0.010220426,0.36719942
2065,1.0642353,0.4444016,0.07063552,0.6868739
2066,-0.7718811,0.8360044,-0.11943883,0.40867996
2067,-1.0635263,2.2615273,0.20379508,0.029854536
2068,0.23827001,0.35902995,-0.08892171,0.8363439
2069,-1.3443694,-0.6177656,0.092271894,0.84560084
2070,2.0015328,-0.023026127,-0.07221271,0.2052145
2071,-0.23179078,0.51884633,0.03266342,0.54896045
2072,0.25879925,-1.5499277,0.07233173,0.11579776
2073,-1.1525683,0.89977384,-0.03475606,0.85923064
2074,0.37310684,-0.20327339,0.012835613,0.14050639
2075,0.36325634,1.5558511,-0.0652154,0.34550703
2076,0.10971486,0.7795723,-0.1881723,0.199839
2077,0.13608831,-1.8219194,0.06218636,0.6116278
2078,-0.5086835,2.1930003,0.074035056,0.5568119
2079,0.94335705,1.0427722,-0.009505286,0.25603092
2080,-0.2766961,0.70054996,-0.08606972,0.2708882
2081,-0.9198177,-0.28478312,-0.13699411,0.46911776
2082,0.12486381,-0.75394934,0.017097011,0.39847457
2083,0.039187223,-1.0805018,-0.015568531,0.16452575
2084,-0.45354843,-1.1205345,0.15143509,0.13278973
2085,-0.9493608,0.026863039,-0.006520594,0.42272127
2086,-1.8027427,-1.1903911,0.02472123,0.31838942
2087,-0.8218908,-1.0086975,-0.06553805,0.87468016
2088,-0.27113387,0.9905559,0.119347945,0.72335887
2089,-1.2040476,0.8800247,-0.0056384197,0.056512
2090,0.51529825,0.7342136,0.20384085,0.32836723
2091,-1.344979,-0.11121041,0.13803236,0.33661866
2092,0.9605919,-0.8426002,-0.031375553,0.111864686
2093,-0.91445047,-1.4804937,0.029095665,0.05888927
2094,-0.6838006,-0.36551124,0.123964004,0.28512228
2095,1.247808,-0.08475271,-0.033957046,0.40840924
2096,0.89939946,0.2572892,0.06816023,0.9643327
2097,-0.4776544,0.7364624,0.17778705,0.6597831
2098,-0.7711816,-0.7042734,-0.0073775086,0.3496685
2099,1.1892616,-0.016856188,-0.023859851,0.087935805
2100,1.0805868,0.0012954308,-0.011146507,0.12354672
2101,-1.0329975,0.04167598,0.02724198,0.83207154
2102,-1.7219381,-0.77248126,-0.020109668,0.2130233
2103,0.14854564,-0.76604205,-0.08610252,0.08551967
2104,2.4331264,-2.1650312,-0.086130016,0.5015776
2105,1.1152445,-0.33587328,0.14109664,0.14386106
2106,-0.35706502,0.89587355,-0.103153944,0.4543339
2107,0.4386413,-1.384031,-0.0697095,0.7002839
2108,1.4609147,-0.42850798,0.020850979,0.96753836
2109,-1.3291634,0.55073184,-0.019305881,0.6300807
2110,0.667777,0.316969,-0.2610368,0.30378604
2111,0.45582566,1.4377702,0.024909388,0.28910828
2112,-0.20619357,-1.0673915,0.16671723,0.6762527
2113,-0.78496885,0.6339928,-0.14370613,0.49657774
2114,-0.30665502,1.0564183,0.024477083,0.501523
2115,1.2551359,-0.97100276,-0.027379403,0.77565706
2116,-0.085654214,0.35951123,0.026065057,0.5280868
2117,1.532831,0.111320004,-0.18240222,0.22204149
2118,0.89977795,1.1434342,-0.05074164,0.8021735
2119,0.15747261,-1.3649892,-0.005170332,0.8612366
2120,-0.22245507,-0.7794461,0.015832009,0.22812402
2121,0.997541,2.4272976,0.0056603127,0.090200186
2122,-0.81417686,0.7219997,-0.07577779,0.04564309
2123,0.49366263,-0.75313646,-0.046131413,0.23811269
2124,-0.7349041,0.6359072,-0.14185576,0.1518538
2125,-2.345281,2.4286928,0.116006665,0.8037888
2126,-0.7294648,-0.29549304,-0.047792103,0.78071904
2127,-0.3011486,1.7886893,-0.13463275,0.31575942
2128,0.25350586,-0.7717776,0.2498647,0.8677355
2129,0.10302072,-0.35355625,0.0018477653,0.17109442
2130,0.27308074,1.3937387,-0.04390958,0.8813653
2131,-0.011582787,-0.31940773,0.061452407,0.80842566
2132,0.77395135,-1.1139506,-0.035110198,0.3533305
2133,0.6231414,-0.25473368,-0.01800031,0.76317394
2134,-1.1972642,-0.5416233,-0.053353477,0.43717527
2135,0.0413476,1.1343602,0.07405117,0.8890344
2136,0.5070356,-0.7373086,0.025968496,0.58450425
2137,-0.31288365,-0.7081489,-0.010718988,0.48731518
2138,0.5410623,0.42361966,-0.12660642,0.38757718
2139,0.16294192,2.4991012,-0.33369073,0.3947816
2140,-0.46029237,-0.18676445,-0.03614543,0.5813266
2141,0.5973092,1.1569176,-0.14412148,0.850924
2142,-1.6641306,0.34268203,0.10487481,0.93073225
2143,-0.6180575,0.6305515,0.20334116,0.57788575
2144,1.0877576,1.5048932,-0.072309546,0.67349434
2145,-2.1043768,-0.4089356,0.05160686,0.11814976
2146,1.1740583,-1.9882244,0.0044432096,0.32910097
2147,0.37224618,-1.8611296,-0.26741403,0.5229243
2148,0.7483409,-0.877906,-0.004760153,0.34356058
2149,-0.1004849,-0.03242626,-0.051076014,0.15003264
2150,1.9120445,0.6820886,-0.015170619,0.5911498
2151,1.1489122,-1.2951412,0.11753105,0.9015844
2152,1.2119663,1.9435465,-0.0964744,0.034118295
2153,-0.592508,-1.1760409,0.06368496,0.07325876
2154,0.7778691,0.37032664,-0.115701415,0.038333654
2155,1.3376981,-1.5588487,-0.0068552657,0.16398191
2156,0.3862215,-0.14001746,-0.060435325,0.88373446
2157,0.23270299,0.5762187,-0.011490187,0.18326771
2158,0.97661775,0.7836725,-0.081249975,0.842883
2159,-1.362782,-1.7169197,-0.0907693,0.0022639036
2160,0.44011235,-1.5003206,0.14938696,0.5781877
2161,-1.0724368,0.10498315,0.108323656,0.27929854
2162,-1.0753474,-0.27818483,-0.12614901,0.17811072
2163,0.38923478,0.39184666,-0.14755544,0.42231548
2164,0.16783814,1.4798213,0.103426255,0.5178734
2165,2.2979538,-1.4219722,0.18618572,0.9559963
2166,-0.7508485,-1.2345561,0.036170453,0.7462727
2167,1.4348205,1.7127341,-0.047838565,0.7273401
2168,2.285126,-0.063521035,0.07858493,0.77160275
2169,0.177709,-1.0529411,0.058165617,0.4508356
2170,0.65946275,-0.36411268,-0.037997495,0.7129241
2171,1.5448164,0.16338433,0.024351755,0.054652333
2172,0.7052964,0.38790166,0.12996577,0.5485842
2173,-0.70097536,-0.5092406,0.14313896,0.029250622
2174,-1.0414025,0.86393774,-0.056515884,0.33577812
2175,-0.60146976,-0.26185283,0.06593098,0.82254195
2176,-0.29186624,-0.50976294,0.004610927,0.3149042
2177,-0.5992957,1.8140211,0.117893934,0.38140178
2178,0.64914364,2.0215018,0.05748107,0.04142165
2179,1.0874655,-1.126988,-0.12516701,0.7389035
2180,-0.4214247,0.013817345,-0.04633109,0.75506175
2181,-0.36178955,-0.27227548,-0.07924252,0.5508876
2182,0.49232566,-0.23123954,-0.17455986,0.9127153
2183,-0.13171905,2.1668577,-0.20744291,0.3922863
2184,0.7535267,0.10406678,-0.053206112,0.97481894
2185,2.2290022,-0.2178929,0.1658116,0.6922426
2186,-0.3669332,-0.43362787,-0.016331514,0.5747291
2187,-0.76035285,0.33841008,-0.059027713,0.75316834
2188,1.035972,-0.5182299,0.0692543,0.8470682
2189,0.16459517,0.7662755,-0.008223661,0.32344234
2190,0.5512953,0.42120472,0.19196203,0.45262575
2191,0.036304608,-0.68874043,0.016448036,0.76608217
2192,0.59932876,1.3666867,-0.029045213,0.22009397
2193,-1.4607571,-0.274844,0.08642736,0.67773604
2194,-0.12905046,0.3677565,-0.1252093,0.48863173
2195,-0.03470719,-1.0337859,0.18828589,0.09608197
2196,-0.6204451,-0.6567256,0.033072527,0.77216077
2197,-1.7832129,-1.3207579,0.14576909,0.35151637
2198,-0.5768544,0.19438067,-0.12611346,0.37619436
2199,-1.1211085,0.76344067,0.1191507,0.12690663
2200,-0.03888773,-0.35217258,0.11749679,0.64679277
2201,0.55981797,-0.031315003,0.20254646,0.9518484
2202,0.42991602,0.03074295,-0.091406524,0.45112264
2203,-0.5791873,0.6437782,0.0072634006,0.44020593
2204,-1.7869557,-0.41768226,-0.042448193,0.2623607
2205,1.0194802,-0.65717685,0.14584541,0.5989795
2206,0.04624028,1.6574383,0.037367426,0.049368978
2207,-0.06898697,0.25546208,-0.0457146,0.63552344
2208,-0.18254529,0.011760444,0.10942065,0.27849817
2209,-1.4819329,1.2461922,-0.00042030463,0.5973313
2210,-0.28371754,1.3411568,-0.060067117,0.56590116
2211,-0.79902536,-1.3982735,0.015764084,0.5802815
2212,0.5542858,1.9542612,-0.10634615,0.04406166
2213,-0.040690407,1.6614176,-0.2247846,0.7927784
2214,-0.19504379,0.12544414,-0.12859246,0.5307301
2215,-0.056750827,-0.41222978,0.016009469,0.5101814
2216,0.78911895,0.6006692,0.104217075,0.067311645
2217,-0.6384442,-1.3556502,0.2742171,0.66889584
2218,1.1414602,1.7089396,-0.12612979,0.6037961
2219,-0.2982017,-1.2996643,-0.09265455,0.49868333
2220,-0.018759632,-1.1864421,0.02273081,0.8420267
2221,-0.12722835,-0.022710497,0.00034325506,0.69011223
2222,-1.1925324,0.1818406,0.069810905,0.86400104
2223,0.5017418,-0.86245936,0.10805005,0.34705985
2224,-0.58930105,0.7367336,-0.040596057,0.34531522
2225,1.7088532,0.6774917,0.12770422,0.3103335
2226,-0.59800136,-0.41784534,-0.10725155,0.001835227
2227,-1.3451134,2.1783915,0.14021309,0.26822054
2228,-1.0559305,0.19359478,0.08794474,0.8817147
2229,1.947236,-1.3067608,-0.14512938,0.74909246
2230,-0.067168064,0.14027111,-0.036560167,0.35465872
2231,-0.749263,-0.45602104,-0.0033355174,0.0020706654
2232,1.7237986,0.9496725,0.0017262781,0.47559643
2233,-0.37307787,1.7535589,0.0022331956,0.2668289
2234,0.6477565,-0.76555246,-0.0034223725,0.70253456
2235,1.2650867,1.4085593,0.10602702,0.50910544
2236,-0.22788693,1.8504348,-0.1513052,0.6478077
2237,-0.927215,-1.5284244,0.1873711,0.6128545
2238,-0.5961325,-0.5198354,0.06211981,0.67671514
2239,-0.77564347,0.49723008,0.15208492,0.37831688
2240,0.34436995,-0.8879749,-0.08243998,0.41661966
2241,0.5453906,1.1017694,-0.02874435,0.8465315
2242,-0.07502549,-0.65921193,0.3060769,0.7913028
2243,-0.53655064,0.06266937,0.029671079,0.31368887
2244,0.878604,-0.65666,0.024908125,0.2739365
2245,-0.18667626,0.6428271,-0.20315364,0.40442014
2246,-0.28771538,0.69987684,-0.091607906,0.092017055
2247,0.2868352,-0.81911093,0.10043714,0.611601
2248,1.0489801,-0.08625615,-0.0860251,0.740486
2249,-2.6941867,-0.26951572,-0.026039599,0.5242586
2250,-0.2946959,0.842064,-0.043020625,0.77953935
2251,-0.027017431,-0.30508062,0.10559527,0.13398635
2252,0.57273084,0.84938854,-0.1799582,0.31423032
2253,-0.15420131,0.95348454,-0.011709402,0.6239437
2254,1.829106,-0.58014834,-0.012332673,0.7459239
2255,1.2620176,1.9785113,-0.07565891,0.36385787
2256,1.7198881,1.174337,0.1088615,0.44797492
2257,0.05541886,0.9615384,-0.044945385,0.7755122
2258,0.49368185,1.8306569,0.004233455,0.8687724
2259,0.5402582,-0.5174747,0.11454946,0.043943048
2260,0.2289259,1.8954057,0.13025361,0.8226361
2261,-0.81441164,-2.3132553,-0.07935911,0.5053973
2262,2.6406693,1.4505324,0.18237616,0.3325702
2263,-0.7210052,-0.65434,-0.06704052,0.4985274
2264,0.17983167,1.4022042,0.020915879,0.10465777
2265,-0.19353831,1.4174678,0.028716434,0.6192509
2266,-0.093693495,2.1145494,-0.06767167,0.6726849
2267,1.8272403,-1.547775,0.01093358,0.77945817
2268,-0.48726168,1.5211759,0.060815193,0.29264832
2269,-0.85097134,-0.13994445,0.08942728,0.7862309
2270,-0.22772653,0.4185192,0.06420319,0.011073351
2271,-0.6604344,0.33086318,0.14968017,0.2970872
2272,-0.7563874,0.64932406,-0.12179855,0.6744039
2273,-0.99786675,-1.0663435,0.09686569,0.08783996
2274,-0.19488877,0.077496834,0.10066507,0.63372886
2275,0.019274132,-0.03401742,-0.083812214,0.17012978
2276,0.11210207,0.4201578,-0.06747744,0.20282161
2277,0.7275796,-0.9206921,0.041609578,0.89528656
2278,0.12877433,-0.5657237,0.078052424,0.38922536
2279,-1.0917605,-0.46254155,0.117218114,0.04708445
2280,-0.49033296,1.4684044,-0.08549588,0.07443404
2281,0.906862,1.5640141,-0.040116522,0.8992251
2282,-1.6053768,0.06830301,-0.0068380437,0.37427902
2283,0.61687136,-1.7678125,0.052908342,0.5899316
2284,0.16814001,3.301635,0.045510005,0.9925343
2285,1.1767223,0.018725112,0.03062421,0.4714805
2286,1.7321041,-0.5629052,-0.059832364,0.4590876
2287,-1.8641254,-0.46882632,0.06958754,0.4112302
2288,1.2136838,-0.11608134,-0.060594447,0.05691886
2289,-1.1315565,-0.36571443,0.09361014,0.4767785
2290,-1.7950095,-0.5055419,0.077367604,0.46435666
2291,-0.16144398,0.083933,0.0374512,0.96350133
2292,0.07951525,0.5034943,0.032388072,0.38978684
2293,0.08602956,-0.9081433,-0.02181478,0.08061981
2294,-0.3467605,0.6066215,-0.07120535,0.9561025
2295,-0.0062822183,0.0015320913,0.019759886,0.2652309
2296,1.3857964,-1.3765402,-0.017686712,0.27464628
2297,0.03353979,-0.051726658,-0.054511484,0.2507497
2298,1.7929488,1.1513606,-0.060661025,0.13480353
2299,-1.7215015,0.17538597,-0.030430093,0.60669446
2300,-0.3821364,-0.628615,-0.004832131,0.29846513
2301,-0.21461473,0.5993841,0.08421787,0.90316796
2302,0.23457341,0.6161371,0.09973072,0.84175956
2303,-0.08736414,-0.051256303,0.068466745,0.68261456
2304,-0.94516844,-0.51257557,0.0025590856,0.37534988
2305,0.41478497,-1.167704,0.19559582,0.9268143
2306,0.30838668,-1.7752633,0.15740493,0.10115957
2307,-0.958084,-1.3497546,-0.04317641,0.20403326
2308,0.19375707,0.6100549,0.005469225,0.71402454
2309,1.1192313,-1.2612166,0.14207269,0.9745538
2310,-0.651531,0.9778707,0.10454544,0.7817253
2311,1.4243318,-0.6534116,-0.04981515,0.10040355
2312,-2.4352689,1.3329705,-0.16967903,0.061678767
2313,0.00796443,0.33562434,0.06704309,0.027428389
2314,-1.4787757,0.38039297,0.060161214,0.28298032
2315,-0.23164561,1.8511422,-0.013848922,0.62981
2316,-0.3158822,0.16663396,0.06796872,0.7352134
2317,0.62149966,0.3002193,-0.17926784,0.5521445
2318,-1.122835,1.0683917,0.043539386,0.18369985
2319,0.08451715,-1.4966482,0.072946,0.7209116
2320,-1.1357223,0.3724127,-0.05621739,0.22079873
2321,0.305469,-0.377734,-0.099285945,0.925907
2322,0.019914012,0.33325592,-0.082048744,0.9201672
2323,-0.59878653,-0.21956514,-0.014091164,0.53824437
2324,-0.5365897,-0.7602451,0.047340002,0.49427497
2325,-0.66959727,-0.10264057,0.07848211,0.23136091
2326,0.7600626,-1.9197176,-0.013892579,0.0090863705
2327,-1.0266794,-1.3970094,0.23615654,0.3932793
2328,-0.032723736,-0.49957523,0.20374505,0.8401741
2329,2.8162413,0.691677,-0.13063547,0.6685792
2330,-0.47332498,-1.1747358,0.061861366,0.017221332
2331,1.6541628,1.1828688,0.10063279,0.8742161
2332,-1.4202857,-0.12533407,-0.16095982,0.45528936
2333,-0.525272,0.8705825,0.049811386,0.6570995
2334,0.24483734,-0.58329093,-0.01528643,0.2882223
2335,-0.50095284,0.90863734,0.09248053,0.64064896
2336,-0.023291243,-1.4341964,-0.1675927,0.5205736
2337,1.3480324,-0.97837466,-0.074318975,0.30726087
2338,-0.9632894,0.033013295,0.026792968,0.67317176
2339,-0.6320587,-0.16491033,0.12857759,0.7642962
2340,2.4425943,0.6977553,-0.1749477,0.8513973
2341,-0.062138084,0.7263043,-0.03295916,0.952858
2342,-0.21836476,-0.37421727,-0.115506075,0.6184398
2343,-0.34598473,-0.6481854,-0.023387024,0.6327599
2344,-0.6932772,2.9530418,-0.0009514286,0.66426086
2345,0.3349906,0.052931778,0.23938607,0.7309655
2346,1.8521658,-1.1523529,-0.064599626,0.8277755
2347,-0.57093036,0.48577383,-0.07719486,0.53398955
2348,0.19129932,-0.3599153,0.10980069,0.4546548
2349,-0.1012841,-0.023368062,-0.07532729,0.16136074
2350,-0.12945214,-1.4941674,-0.062093593,0.043937564
2351,-0.5428773,1.8582975,0.016033985,0.62880254
2352,0.9494984,-0.23959197,0.08133041,0.25714564
2353,-1.5161285,0.84742063,0.08578437,0.30556405
2354,1.5636101,-0.39352584,-0.03957472,0.061126232
2355,0.47581837,0.48678038,-0.09136379,0.4209218
2356,-1.3438694,-0.41364816,0.047130864,0.80402184
2357,1.3678898,0.5204438,-0.072324716,0.97004426
2358,-1.6078597,1.7643707,0.1943501,0.6522422
2359,0.24259484,-0.11192904,-0.17588268,0.60690105
2360,2.0467732,-0.6510851,0.11115823,0.41931248
2361,1.1033576,1.7168148,0.12574732,0.5994035
2362,-1.2973835,-0.4877661,-1.2662215e-05,0.0152413845
2363,0.57382643,1.0593233,0.0821996,0.01679945
2364,-1.2190748,0.42083776,-0.038845953,0.6311598
2365,-0.98202,1.354522,-0.091247775,0.9105295
2366,-0.11892982,0.3152605,0.08713724,0.49313796
2367,0.1921229,0.031910986,-0.09143774,0.05510497
2368,0.85295904,0.09615288,0.038534205,0.84069574
2369,1.6582282,0.9213335,0.02774924,0.85659397
2370,-0.24722601,-1.6856499,-0.052709777,0.61817336
2371,-0.35752812,-0.048085265,0.1624324,0.41823328
2372,0.6277176,1.385962,-0.07136067,0.55545735
2373,2.6615012,-0.3528985,0.056234844,0.359733
2374,-1.792498,-0.11764101,-0.035566278,0.5386523
2375,1.4950242,2.0340898,-0.18515773,0.06031239
2376,1.528424,0.7077897,0.14196154,0.9740684
2377,-0.45450276,-1.6656959,0.10122855,0.7205392
2378,-0.41880122,-1.5213331,-0.016553707,0.7821889
2379,-1.3593053,-1.4008116,-0.1681842,0.90131545
2380,2.1186109,-0.50484526,0.028416285,0.29637766
2381,0.109717876,0.3687011,0.12531619,0.7367674
2382,-0.88562024,0.51860535,-0.1797047,0.8677523
2383,0.29280975,-1.7030152,-0.050406884,0.14775312
2384,-0.9595674,-1.0415412,0.028413147,0.77549803
2385,-0.86015797,-0.0054332754,-0.16949011,0.96294475
2386,-0.24364515,0.6544487,0.12223055,0.63793015
2387,1.0009862,0.9797739,0.03695485,0.3522067
2388,-1.4371318,1.0446062,0.09544905,0.7220334
2389,0.02423591,1.4125425,0.14415202,0.87435234
2390,0.9707316,0.48850453,-0.049709402,0.9313656
2391,0.29985484,-1.9621531,-0.06823882,0.13623583
2392,0.29996985,0.3398796,0.013768241,0.78958523
2393,-0.9275591,-0.35693347,-0.123778306,0.5542755
2394,0.21946675,-0.22293814,0.00039554774,0.2857672
2395,0.5499663,0.09918262,0.042393483,0.48951864
2396,-0.406152,0.9241401,0.10588636,0.9052491
2397,-0.7964971,-2.2937956,-0.019748962,0.55844486
2398,-0.7007664,0.49042317,-0.11174386,0.8196515
2399,-0.33744818,-1.3161756,-0.13656607,0.23610723
2400,0.48389715,-0.74800146,-0.10678792,0.7871045
2401,0.77613026,1.5309521,0.1721351,0.01043129
2402,1.0662369,-0.9713328,-0.14627384,0.09278655
2403,-1.1028407,-0.6927536,0.056016743,0.60187674
2404,0.40933144,0.21010077,-0.11845001,0.8885788
2405,1.0855584,-1.3679527,0.072987646,0.719259
2406,-0.07238578,-0.45524108,0.04633264,0.1351279
2407,-0.7100112,-1.6838317,0.018592818,0.0661062
2408,0.14274512,-1.2395378,0.032163847,0.1787529
2409,0.117422424,0.27460116,-0.08201172,0.36870205
2410,0.34899935,-0.24290738,-0.06570241,0.9978981
2411,0.6765204,0.12054494,0.0042106356,0.34477222
2412,1.9406075,-0.33361623,0.031971388,0.19687116
2413,-0.09881884,1.0028337,0.062465847,0.46244717
2414,1.4779125,0.6966838,0.05279846,0.5164546
2415,0.8042255,-1.3150566,-0.029223016,0.6893257
2416,-1.6819637,1.2717913,0.14172767,0.29749966
2417,1.5037389,0.6088967,-0.030288473,0.73031163
2418,0.25651312,1.0967121,-0.14565295,0.4310342
2419,1.280731,-1.1671824,-0.0725849,0.83952665
2420,1.9711167,-0.84487504,0.0046959114,0.14443433
2421,0.45302168,0.13981152,0.05053384,0.38665104
2422,0.2173827,1.0789125,0.07704318,0.9126607
2423,1.4175869,-1.1968732,-0.16631506,0.9023609
2424,-0.010714383,2.1991735,-0.019966563,0.9227122
2425,0.58612275,1.5047549,0.115353405,0.3167132
2426,0.13527013,-0.5414932,-0.04944477,0.5557766
2427,-2.2713478,0.47064897,0.04875819,0.39780605
2428,-1.1137028,-0.18048145,0.22674763,0.9973929
2429,-2.522949,0.23792297,-0.038645476,0.21962476
2430,-0.9911176,-0.41454872,0.16355711,0.9100758
2431,-0.58757544,-0.42963332,-0.09830166,0.7931676
2432,-1.230809,-1.2736119,0.022384636,0.8689494
2433,3.3060462,0.3477195,-0.06153668,0.88739645
2434,-0.5991097,0.48063716,0.02907905,0.43618667
2435,-0.49067402,-1.0471747,0.006409188,0.25184548
2436,-1.8336416,0.04385094,-0.030477796,0.14897907
2437,-0.67290515,0.40028337,0.10076175,0.70827174
2438,-0.79650193,-0.24850103,-0.013259413,0.93468094
2439,1.8939723,-2.5152655,0.0146108195,0.7558037
2440,1.0000156,-0.5976258,-0.07331207,0.48102748
2441,0.94520223,-0.8847462,0.054336894,0.9903662
2442,-1.0826445,0.9110909,0.052925672,0.06173861
2443,-1.8492796,-0.9943819,0.12520567,0.59292936
2444,0.029633846,0.93148077,0.044116803,0.43173075
2445,0.12390951,-1.6204839,-0.003526572,0.8738595
2446,1.3197988,-0.6820949,0.12712286,0.55942297
2447,0.76829255,-0.442542,0.012416547,0.63281584
2448,1.1395522,2.004699,0.12398664,0.16014326
2449,-1.8050891,-0.05136431,0.20440601,0.05978918
2450,0.40883404,0.87421423,-0.07702371,0.7449472
2451,-0.22517952,-1.116012,0.104217075,0.044903755
2452,2.3545175,0.32186222,0.23521309,0.23153937
2453,1.9310257,0.915573,-0.00041537415,0.6822065
2454,-0.10557825,1.6741377,0.07117972,0.8673861
2455,-0.12878864,-0.6644769,0.048672657,0.8186654
2456,-0.946039,-1.6419895,-0.025018409,0.6188352
2457,-0.19137433,-0.5270023,0.045307767,0.15156066
2458,-0.3562097,0.10687268,-0.21904905,0.5011368
2459,-0.25422782,0.049958836,0.074044645,0.16418421
2460,0.3272801,0.9011212,0.056786247,0.41030836
2461,0.61987436,0.4571598,0.1597958,0.099503756
2462,0.10478936,0.058740806,0.14018139,0.35398126
2463,-0.5130486,1.3999349,-0.100498654,0.7035681
2464,0.60252166,-0.19905509,-0.03368839,0.43554807
2465,0.19389406,0.69678587,-0.11695212,0.81860626
2466,-0.028545855,1.0465688,-0.003833123,0.78964746
2467,0.7667177,-2.0218904,-0.05426388,0.80494404
2468,1.484443,1.3039199,0.11254203,0.13616204
2469,-0.16322552,-0.05513351,-0.006148273,0.33574247
2470,0.8520906,-0.10439231,0.11469499,0.9285058
2471,-1.5143672,0.23579174,0.028098643,0.23950136
2472,0.11979791,-1.9796157,-0.16435374,0.8592558
2473,0.54484147,-0.59582955,0.16270798,0.81107175
2474,-0.61561096,0.18285961,0.017336933,0.12526691
2475,0.96766657,0.035721246,-0.04661101,0.2324481
2476,0.10274706,-0.23500022,-0.20453978,0.5912852
2477,1.9480922,0.72697395,-0.049991887,0.83573735
2478,1.0002038,0.7632011,-0.14874503,0.138183
2479,0.642563,-0.8470585,-0.018645614,0.3384831
2480,1.7439604,-0.85914934,0.04460441,0.915429
2481,0.89660126,0.261404,0.05590303,0.101373315
2482,-0.84141225,0.86150736,0.016148014,0.33040905
2483,1.4940795,-0.53185695,0.1722006,0.43139863
2484,1.1096008,-0.3694872,0.009289294,0.2518872
2485,0.52988,1.4414357,-0.015027299,0.8000637
2486,-1.3924255,0.27914706,-0.11815367,0.11298823
2487,0.7896347,-2.583277,-0.18947947,0.069630146
2488,-0.61300987,-0.36297527,0.08623161,0.5003321
2489,2.1167767,-0.36481175,0.012637603,0.52363133
2490,0.25506753,2.1724806,-0.0014217346,0.69678485
2491,2.0793836,-1.1545358,-0.063713126,0.5988549
2492,0.08445897,0.52486163,-0.1545506,0.10153329
2493,0.15209326,0.43333623,-0.09489562,0.77686536
2494,0.7807875,0.35537323,0.067123346,0.74490976
2495,-0.34501228,1.5435886,-0.025533069,0.4131143
2496,-0.28061363,0.07569838,0.10482111,0.79043055
2497,0.87109375,-0.9798059,0.024438104,0.47432625
2498,-0.20236257,-0.54991984,-0.090474464,0.37851274
2499,0.22541629,-0.42789093,-0.049805444,0.92917955
2500,-1.0445755,-0.27818856,0.102168456,0.9040425
2501,0.022642499,-1.6524183,0.049754556,0.8124528
2502,-0.38244468,-0.62535864,-0.04792784,0.53419745
2503,-1.1379553,2.168875,0.048230615,0.3826989
2504,0.7507417,-1.977597,-0.0016676277,0.5551145
2505,-1.5050578,0.03166165,-0.05737241,0.6803187
2506,-0.87308174,0.26035595,0.068864286,0.18381143
2507,1.1738209,1.7122914,0.04359429,0.24387264
2508,0.64753723,0.08607425,0.026908362,0.4228834
2509,-1.1728475,-2.0431232,-0.043592595,0.8541094
2510,-1.154832,0.63470423,0.21269205,0.11649823
2511,-0.34221673,0.2850235,0.120137684,0.5831902
2512,0.7846552,0.5475041,0.09047907,0.27787685
2513,1.275607,1.6708597,-0.03286794,0.03219235
2514,-0.45354477,0.6173355,-0.015081093,0.9149747
2515,0.80341685,-0.3545148,0.012098561,0.42486405
2516,1.7657653,-0.7816526,-0.0083744535,0.5019531
2517,-1.0365852,1.1523386,0.009468292,0.045722127
2518,0.27613434,-0.7877728,-0.12063887,0.020795465
2519,-0.71935,-0.6941936,0.024992742,0.4309237
2520,0.4688658,-0.15238361,0.116739295,0.72998166
2521,0.821648,0.18391073,0.0024145045,0.36289966
2522,0.822773,0.14633563,0.038117494,0.66536295
2523,0.49099848,1.7921072,0.05801337,0.20191455
2524,1.0762062,-0.7400297,-0.10339834,0.81527376
2525,-0.8299902,-0.37248656,-0.06020844,0.71439743
2526,0.85621035,-0.055062883,-0.039570652,0.84108627
2527,1.3320032,0.9645753,-0.009086276,0.56122375
2528,-0.15992686,0.34599313,-0.0030746385,0.5906302
2529,1.0720655,0.13519534,-0.10311367,0.6442349
2530,-1.91385,-0.66190463,0.059550177,0.8518977
2531,0.3009943,-0.38472986,-0.16239178,0.8440578
2532,-1.915217,0.73309505,0.062310584,0.310202
2533,1.415866,-1.3766928,0.20134996,0.89202225
2534,0.2616597,1.6336411,0.04570573,0.8278687
2535,-0.55216455,1.3207918,-0.04590679,0.44359982
2536,0.87330556,0.58259106,-0.19083168,0.817343
2537,-0.99650794,0.33087042,-0.02340321,0.08327317
2538,0.13110766,0.9204258,0.05523116,0.035776854
2539,1.5044862,-1.1216633,0.032625195,0.08552396
2540,1.7772295,0.0520748,-0.013388023,0.47679245
2541,-1.5962813,0.23771118,0.024439799,0.5970794
2542,0.24859336,0.28557876,0.1868096,0.39386797
2543,-1.2055101,2.002355,-0.07440015,0.7937139
2544,-0.94935995,0.01721407,-0.07314583,0.62859595
2545,-0.42083433,1.6294274,-0.054740883,0.5945972
2546,-1.0211657,-0.052069265,0.004502584,0.7491895
2547,1.6440929,0.11664378,-0.044916023,0.5780475
2548,-1.2909319,1.0697315,0.064991705,0.44305027
2549,-1.199554,0.40256447,0.10253068,0.5644206
2550,-0.6094343,0.5992465,0.08242842,0.7002715
2551,0.5257902,-0.7798086,0.0042013936,0.27874172
2552,-0.75422335,-0.17912579,0.070627086,0.05697286
2553,0.7011761,-0.49551666,-0.020565396,0.46308434
2554,-0.27999765,-0.20506555,0.07239257,0.059928536
2555,-0.37352893,0.3957693,0.03755305,0.37740242
2556,-0.57441574,0.74229705,0.15818374,0.5876224
2557,-0.43863353,2.616252,-0.09545072,0.7568685
2558,-1.9653112,1.2665248,-0.088779055,0.5734725
2559,0.3683471,-1.1222206,0.09367755,0.2995143
2560,0.72322285,-0.17644402,-0.12594262,0.41309118
2561,-0.1591185,0.6733791,0.066487886,0.24159718
2562,-0.46960554,-0.6783853,-0.007631857,0.0040426254
2563,-0.5726606,-1.1940336,0.06036463,0.8406346
2564,0.10180747,-1.7521847,0.033752646,0.17705727
2565,1.544442,-1.3311039,-0.102425635,0.8543588
2566,-1.7402447,0.39930004,-0.14752111,0.6367761
2567,-0.4790039,0.6338393,0.093894124,0.6299809
2568,-0.08264289,0.8936364,0.1891476,0.4573263
2569,0.79589784,-0.31107506,-0.017311377,0.3918445
2570,0.13935196,0.6696873,-0.057011392,0.25295496
2571,0.5064971,0.83124316,-0.037922796,0.5987817
2572,-0.11087578,-0.6886086,0.028557254,0.4102534
2573,-0.12901372,-2.3110347,0.1580023,0.96358955
2574,-0.97652686,0.78479666,0.22596002,0.96981037
2575,-0.2833371,-0.9298186,0.18296747,0.19269991
2576,-0.25459448,-0.5509796,-0.13581981,0.34942615
2577,0.61381286,0.2709406,-0.13099395,0.8896253
2578,-0.8397777,-0.19244084,0.04265152,0.47707438
2579,0.11279883,-0.073346324,0.066835485,0.49881017
2580,0.91149783,-0.5146158,-0.035263173,0.5571759
2581,1.5621115,-1.9186999,-0.13850385,0.43233097
2582,-1.4046103,-1.5559489,-0.15807174,0.36523104
2583,-0.06874225,-1.143226,-0.10888431,0.6960751
2584,-0.20452087,-1.2870291,-0.03173563,0.98594224
2585,-0.114606194,-0.14686827,-0.11934328,0.20483553
2586,0.5029141,2.6103637,0.014486037,0.9603596
2587,1.5791117,-0.4698471,0.07459467,0.35923553
2588,1.186105,0.9946281,-0.04187086,0.99067616
2589,0.3946024,-1.3992862,0.049891435,0.938576
2590,0.5365733,0.21302758,-0.11285537,0.99731946
2591,-0.048198946,0.42683956,-0.19308764,0.41804707
2592,-1.2072529,0.46082014,-0.17150687,0.6781628
2593,1.2312766,0.6555537,-0.0365586,0.088311076
2594,0.47299528,1.8892606,-0.03282908,0.30262434
2595,0.50870204,0.18817505,-0.0329791,0.8364618
2596,-1.5553485,-0.63552296,-0.061930444,0.2696637
2597,-0.3342424,0.6595571,-0.15106177,0.6863369
2598,-0.6970935,0.089178264,-0.049201112,0.52966654
2599,0.2021044,0.031943873,-0.018541818,0.7062359
2600,-0.0024259933,0.5752552,-0.022840276,0.5661732
2601,-0.5638041,-1.0863028,-0.17159536,0.6925247
2602,-0.71729314,-2.3019235,0.030625714,0.7406473
2603,0.9249033,-1.2673953,0.02628102,0.20086849
2604,-0.35380912,1.1113745,-0.13168786,0.16939735
2605,1.244972,-0.818973,0.03769195,0.73636067
2606,-0.17161343,1.2607266,0.030718673,0.7736534
2607,0.10293752,1.4192202,-0.06617621,0.5727422
2608,1.6834477,-0.24506809,-0.048350796,0.22601306
2609,1.3484639,-0.7517765,0.12708333,0.54457426
2610,-0.5758637,-1.158934,-0.09501316,0.31033432
2611,-0.6154239,0.80869204,-0.009634576,0.44850993
2612,-1.8600162,-0.31779563,-0.25068194,0.15306056
2613,0.3127561,0.96739835,-0.0006887329,0.29945314
2614,-1.6015844,1.2090926,-0.1363136,0.654505
2615,-0.8767223,-0.031847157,0.1256845,0.7384585
2616,-0.7890792,1.1457388,-0.046630036,0.0078065395
2617,0.38536558,1.1557211,-0.049108427,0.3220153
2618,1.8898038,0.85207295,0.036563758,0.42913783
2619,-1.5593201,-0.4961283,0.048090953,0.16591108
2620,-1.1102211,2.9381704,0.05786553,0.6679388
2621,-1.1514341,0.5968299,-0.19058675,0.30379796
2622,1.3986012,0.024112167,0.122090474,0.1841141
2623,0.5068474,1.6864281,0.06808923,0.19706178
2624,-1.5564893,0.17080092,0.12818132,0.4391793
2625,-0.9393544,-0.6348813,0.15717956,0.15709817
2626,-1.7700366,0.25283968,0.069015004,0.77982235
2627,0.6656215,-1.3289654,0.072826944,0.6420491
2628,-0.3206564,0.37374213,0.06394533,0.8479209
2629,0.123398826,-0.47882932,0.011507647,0.5828296
2630,-0.25002068,0.5886168,0.16512963,0.38791275
2631,0.34128842,-1.3377737,0.018476663,0.78243697
2632,1.0607013,1.0757153,0.14212176,0.68322027
2633,1.1818259,1.9524772,-0.040181592,0.1410842
2634,0.28378734,-0.6306093,0.061761435,0.6837113
2635,0.5786461,-0.57745093,0.01366867,0.5161134
2636,1.401584,-0.27742764,0.06493842,0.19859886
2637,-0.77698684,0.0058992826,0.015855944,0.77048814
2638,-0.22726808,0.33366436,0.09559529,0.06690025
2639,1.3616813,-1.787766,-0.018520664,0.5810646
2640,0.28846246,1.718518,-0.114560604,0.10501945
2641,0.28831106,0.47353843,-0.0062896158,0.99636936
2642,0.63643765,0.7521973,0.08616199,0.587638
2643,-0.6629945,0.7601492,0.072581425,0.9943938
2644,-0.14651851,-0.6702859,0.071166836,0.38974214
2645,0.7108667,-0.09348311,-0.040406957,0.3750465
2646,-0.9473482,1.4138288,-0.048539944,0.88515055
2647,1.7175417,-0.2481174,0.06645181,0.3115821
2648,-1.180199,-0.76435375,-0.07521238,0.76683986
2649,-0.09531762,0.37247202,-0.038197085,0.9586178
2650,-0.2863867,-0.15859045,0.024876473,0.20330834
2651,-1.3660775,-2.1727448,-0.004985218,0.9092442
2652,-0.00082913245,0.2645783,0.038922157,0.0059882402
2653,0.11438466,-1.1673365,0.06568255,0.030184269
2654,-0.71176165,0.066351525,0.05647728,0.49178445
2655,0.11092554,-1.1366938,-0.12219471,0.64153576
2656,0.9799791,-1.5771089,0.017730983,0.76095104
2657,0.18728183,-1.8065784,-0.118111506,0.2771405
2658,-0.73051715,0.74488103,-0.2142003,0.8511969
2659,0.41780174,-0.17461571,-0.20132582,0.11527109
2660,0.24351418,0.9526695,0.057515718,0.16358149
2661,0.84589154,0.8584953,-0.12891395,0.9160663
2662,-1.0375305,1.1628207,-0.11474476,0.18038273
2663,0.444615,-0.13659003,0.052021325,0.059261918
2664,-1.3899795,1.6910728,0.057434827,0.10843098
2665,-0.7869886,-0.5005135,0.20633602,0.7930218
2666,-0.7230345,-1.1417447,0.027793745,0.036222458
2667,1.7567544,0.41074595,0.2395269,0.8518524
2668,-0.7386488,0.31179476,0.02160486,0.6814382
2669,0.8200794,0.98486805,-0.08353,0.00028967857
2670,0.03281298,0.29219165,-0.1284049,0.22951603
2671,0.26324758,-0.17068495,0.07934946,0.5582713
2672,0.0029409998,-1.4781439,-0.09775344,0.31382477
2673,-1.4904096,0.5640793,0.12744705,0.34685433
2674,-0.20070428,0.660832,-0.044849437,0.33770823
2675,0.13651688,0.56211984,0.14365467,0.6472784
2676,-0.34419572,-0.6334067,0.011763214,0.6765324
2677,1.1035779,-3.0049717,0.014911941,0.06028843
2678,0.4075639,0.42078942,0.044399332,0.30850744
2679,1.0807208,0.14952491,0.10590737,0.13065457
2680,0.7421671,0.7169073,0.041472957,0.22455156
2681,1.372426,0.028715203,0.107072175,0.016310096
2682,-0.13139744,-0.99056584,-0.014548019,0.43841577
2683,0.4355328,-1.1368341,-0.058983188,0.06420517
2684,0.03267186,2.064633,-0.0010092219,0.015332341
2685,-0.7919659,1.0074103,-0.038717,0.987205
2686,-1.0881629,0.45956317,0.13169408,0.24045026
2687,-0.44583994,-1.18576,-0.15977648,0.35874653
2688,-0.6648369,-0.36099398,0.122776106,0.34208572
2689,-0.14791225,-0.49532744,0.32418674,0.9520464
2690,-0.12491154,0.38121226,0.08294904,0.13533354
2691,0.030668208,-0.27679637,-0.106992505,0.28240085
2692,-0.05021509,-0.19669653,-0.09642445,0.6541717
2693,0.66264856,-1.5654601,-0.012359772,0.8727428
2694,0.49592024,0.623534,0.018250836,0.4454987
2695,0.1634658,2.6193035,-0.080069005,0.4977286
2696,0.16551813,0.32803428,-0.14280261,0.11445236
2697,-0.012791578,0.6670351,-0.057394784,0.922019
2698,1.1262599,-2.4899209,-0.099961795,0.0821985
2699,1.0765225,-0.088684015,-0.002593774,0.768875
2700,-1.8364447,0.14924902,0.061713308,0.26015925
2701,1.2013085,1.4828719,0.07600267,0.1322205
2702,-1.372464,-0.017233644,-0.09934554,0.87933195
2703,-0.30745155,0.62508994,-0.05169217,0.52086437
2704,-1.3408707,0.8241,0.027663788,0.766101
2705,-0.49125755,-0.083920546,-0.05247267,0.60980093
2706,-0.19933428,0.14392525,-0.06782368,0.47934103
2707,-0.068971984,0.53014857,-0.1704647,0.006498456
2708,-0.9042875,-1.1091765,0.0629153,0.42678916
2709,-0.5863901,-1.092126,0.13978793,0.971205
2710,1.4905255,0.67160153,-0.05835135,0.91944337
2711,-0.93572605,0.9557665,0.081725195,0.43782556
2712,0.3735256,-0.28540555,-0.06504049,0.21079254
2713,0.7906285,-0.3144832,0.11187078,0.25783896
2714,-0.6059491,1.0467186,-0.07410065,0.9674978
2715,0.4849744,1.6927844,0.07706501,0.59966695
2716,-0.14999254,0.25633615,0.092666514,0.068599224
2717,-0.5189586,-1.1114616,0.023448957,0.46783125
2718,-0.7762609,0.6658472,0.100676976,0.9207978
2719,1.179322,-0.9632446,-0.05808567,0.7638422
2720,-1.0353141,1.1940832,0.11858387,0.0619601
2721,0.14035016,-1.6062598,0.0674572,0.5344132
2722,0.4109625,0.21289034,0.1239747,0.59921396
2723,0.8582997,0.060719784,0.08705563,0.8488703
2724,0.39844227,0.6292423,-0.13795915,0.27052665
2725,-0.20911096,-0.43709308,0.22069788,0.343287
2726,0.35273966,-1.7762539,-0.043576658,0.36544704
2727,0.7887963,-1.1650728,-0.022058887,0.16672206
2728,0.35110724,1.6573793,-0.008838044,0.8509079
2729,0.32480228,0.22145465,0.045707416,0.8719455
2730,-0.2259553,0.0509378,-0.07348318,0.067378044
2731,0.9090988,0.17808303,-0.058318507,0.030837536
2732,0.9598579,-0.3434327,0.08772699,0.07016122
2733,-0.96973425,1.2833558,0.028533539,0.5012022
2734,0.48502246,0.49361768,0.008757635,0.59982586
2735,0.9909342,-1.5078086,-0.13317041,0.6240392
2736,-0.606004,-0.22377388,0.10751446,0.5973493
2737,0.7818512,0.28682554,-0.02378512,0.8564178
2738,-0.72428745,0.95353913,0.006067339,0.60375667
2739,0.21060118,-0.8495589,0.07376327,0.042551994
2740,0.38295865,1.0267414,-0.02382702,0.28714287
2741,1.363851,1.0141277,-0.24461953,0.6228136
2742,0.009701203,-1.1004851,0.18881457,0.009378195
2743,0.5970756,1.5675344,0.06583108,0.3610921
2744,-0.9007999,-0.11229919,-0.15358034,0.9287492
2745,0.56037825,0.44733998,-0.247002,0.6152606
2746,-1.1101499,0.75849795,0.039997097,0.49674392
2747,-0.73343307,0.010325455,-0.041430578,0.6582495
2748,-0.29598254,-0.11864303,-0.07153941,0.7588481
2749,-1.4832225,-1.6148096,0.07174062,0.99945915
2750,-1.6114618,0.4275643,-0.036578566,0.5309737
2751,1.3072708,-0.08879561,0.046272166,0.7329906
2752,-0.6083485,-0.9137118,0.032709282,0.09907544
2753,0.93258476,0.06925878,0.13851856,0.69412875
2754,0.68194234,1.0389549,0.08786894,0.058007002
2755,1.123486,0.8334123,-0.036091175,0.13004935
2756,0.70031255,0.65650785,0.093236186,0.65191245
2757,-0.9862325,2.3171496,0.0006387552,0.8482189
2758,-1.0496727,1.4957792,0.0739,0.04967773
2759,0.73024464,-0.76100886,0.048204463,0.59199905
2760,1.0431255,-0.049315147,-0.110756874,0.6595218
2761,-2.0170572,0.20863408,0.04165647,0.51263654
2762,-0.7010411,0.02649537,-0.19584689,0.5534574
2763,0.060195006,-0.2842691,-0.069948815,0.79648364
2764,0.41418028,-1.8766277,0.06451044,0.5012026
2765,0.3281421,0.23551863,0.07805644,0.32229388
2766,0.91011935,0.34564197,0.184655,0.3190422
2767,0.7284657,0.099274814,-0.16519503,0.45487177
2768,1.3019744,-1.2137117,0.021801943,0.27926767
2769,-0.30039734,-0.61651164,-0.03752866,0.46170533
2770,0.18428183,-0.1117802,-0.08281679,0.26192486
2771,0.6989633,-0.34194714,0.08747674,0.67855203
2772,0.67689794,3.0242074,0.12415973,0.3664459
2773,-1.121248,0.78750694,0.028150374,0.9768808
2774,0.78344434,-1.1385664,-0.055315603,0.6321813
2775,1.1204666,0.3700687,0.0044780266,0.47389627
2776,0.68641096,-0.988241,0.061595757,0.60725677
2777,1.3003395,-0.71352386,0.025250746,0.9304359
2778,0.085728444,-0.031100353,-0.004076457,0.3360989
2779,0.22118303,-1.3408781,-0.12456588,0.9330144
2780,1.0404421,-1.0736176,0.023465173,0.6831691
2781,-1.2376752,0.7044804,-0.108716466,0.97615194
2782,1.0340759,1.6479714,0.17716512,0.6704552
2783,-0.733487,-1.5517527,0.092335805,0.42854273
2784,1.2655098,0.81066316,-0.11143221,0.5647901
2785,-1.4364465,0.04744134,-0.047776796,0.54846025
2786,-0.64684916,0.89144593,-0.044553798,0.001788497
2787,-1.5857381,-0.48817876,-0.008190052,0.41200745
2788,0.22957778,1.0290838,0.23601687,0.7084255
2789,-0.28310287,0.19429937,0.17759566,0.6608553
2790,-2.7487159,1.0227547,0.012451629,0.36988187
2791,-1.112471,0.040549397,0.016177623,0.9624311
2792,-1.1038144,-0.76843566,-0.07578035,0.8543849
2793,-2.369477,1.0275875,-0.103074625,0.8071438
2794,0.38298115,0.89635617,0.063874155,0.74295425
2795,-0.75800574,-0.697255,0.11224077,0.28630126
2796,-0.27656168,-0.6925049,-0.082394496,0.024646878
2797,-0.62942386,-0.9957698,0.019989198,0.24008584
2798,-0.058982812,0.18208332,0.1288716,0.73131275
2799,-1.3476526,0.054482467,-0.05711214,0.2573073
2800,-0.89450204,2.1071405,-0.052853584,0.8385284
2801,1.7015284,-0.16740979,0.11942967,0.6517062
2802,-1.7624645,1.0870345,0.052985974,0.15321589
2803,-0.48787785,0.6212409,0.06213079,0.44843304
2804,-0.18830721,1.0886312,-0.05179589,0.0466218
2805,0.33085907,-1.4513599,0.023325564,0.91856754
2806,-1.2494411,0.19311558,0.011391307,0.022293925
2807,1.8372544,-1.2244158,-0.050519224,0.90013695
2808,1.2589722,-1.2310301,0.045767736,0.7068144
2809,1.167848,1.5420495,-0.07603169,0.93489313
2810,0.5424441,-1.7646946,-0.047197443,0.81888294
2811,1.2354771,-0.5701653,-0.014299916,0.25970697
2812,-1.2166309,-0.81437665,0.028843066,0.54558206
2813,0.61929554,1.5391368,0.20312412,0.044023037
2814,1.6500617,-1.5113064,0.38463876,0.6021652
2815,-1.3960719,1.5636325,-0.13364844,0.98193944
2816,0.36727214,-0.19088224,0.12454261,0.03252232
2817,-0.6937815,-0.7333275,0.016580593,0.4149711
2818,0.5892771,-1.1878986,0.1247108,0.22040462
2819,-0.24329054,0.22733508,-0.03453627,0.009418488
2820,-0.26352552,0.8361803,0.078390494,0.6054424
2821,0.84236175,-2.0937436,0.019470409,0.5553347
2822,0.72515994,0.27724054,-0.09943093,0.58481157
2823,-0.44260693,-0.29205865,-0.009091558,0.5848881
2824,2.4722135,-0.064381875,0.028385019,0.6652118
2825,-0.22640961,0.35947967,0.10325521,0.30764127
2826,1.4483105,0.5004419,0.009468501,0.489666
2827,1.0010824,2.183046,0.013050188,0.70051026
2828,0.0055012563,-0.23678377,0.08206993,0.64396286
2829,0.06483987,1.236162,-0.16103934,0.2713802
2830,0.7659181,0.70382607,-0.14693771,0.4302975
2831,0.019467201,-0.59713113,0.003063443,0.6322733
2832,-1.3590072,0.31258413,0.13395588,0.84501696
2833,-1.3604337,0.0693747,0.2113757,0.37816596
2834,1.2013109,-0.026286874,0.03529728,0.9379325
2835,1.4454252,-1.3930205,0.13008226,0.9396404
2836,0.90798277,-0.72739995,-0.042850073,0.80723727
2837,0.90858954,-0.82035106,-0.029012585,0.11692095
2838,0.13767666,-1.0106142,-0.06331562,0.8495468
2839,-0.23988873,0.30749997,0.15870206,0.4618255
2840,-0.6747095,-0.6629707,-0.0024827889,0.67748976
2841,-0.45301193,-1.4832529,0.124757685,0.21767974
2842,0.6254522,-0.14445621,-0.03530556,0.22267687
2843,-0.8349879,-1.7661766,0.14017884,0.46792924
2844,-0.68049276,0.5077799,-0.11176834,0.539557
2845,-0.31858778,-0.59441626,0.036938887,0.01859951
2846,0.07758105,0.81229496,-0.1080248,0.33637393
2847,-1.1863112,-0.9848959,0.17857616,0.25725234
2848,-0.6899239,-0.49680832,0.1846213,0.6438414
2849,-2.0570862,0.10877519,-0.038135126,0.2465396
2850,-1.0010694,0.87867177,-0.015672887,0.97940207
2851,-0.18414916,0.73466367,0.089196764,0.9843161
2852,-0.77333117,0.31481522,0.09787343,0.4250803
2853,-0.9413388,-0.07021986,-0.18544069,0.34814966
2854,1.2008684,-0.5743132,-0.1759293,0.21632719
2855,-0.846659,-1.1201282,-0.07221352,0.050997734
2856,0.70374113,-0.8444281,0.039042994,0.99281883
2857,0.16974102,-1.7880852,-0.111991785,0.8688593
2858,1.6890002,-0.5105463,-0.166563,0.53035414
2859,0.98975146,0.528209,-0.03526273,0.63613415
2860,-1.9687817,0.698533,0.057518613,0.12749791
2861,-0.23167169,0.6039894,-0.06522798,0.32493305
2862,-1.1228564,0.4957736,0.005760339,0.17527592
2863,0.23956753,0.14456445,-0.02775298,0.9059659
2864,1.7004505,-1.3464836,-0.09292451,0.072690725
2865,-2.1464238,1.5971551,-0.10628226,0.5092857
2866,0.62764263,0.34846523,0.070192106,0.59113264
2867,-0.26343307,-0.12972605,-0.03006815,0.5947945
2868,-1.0913402,-1.3089092,0.15236036,0.26433158
2869,-1.0228517,-1.2908453,0.02192929,0.4417653
2870,0.8262168,1.1888864,0.01041437,0.99891126
2871,1.2657981,0.63972235,0.02537228,0.2747861
2872,1.3073516,0.2616993,0.041602667,0.54673254
2873,1.1132616,-0.05111567,-0.033495154,0.66414535
2874,-0.114976466,-0.44818908,-0.009772888,0.39444292
2875,-0.9566177,-0.07660446,-0.11085885,0.69878805
2876,0.7146681,0.9148916,0.1688974,0.15816224
2877,-0.9045012,0.5245019,0.12112921,0.5600133
2878,1.7101235,1.7911718,-0.00814433,0.9983517
2879,-1.105791,0.6965833,-0.2103041,0.5772369
2880,-0.28348544,0.69432384,-0.066535585,0.32241547
2881,1.0628769,0.62635833,-0.14007008,0.5100697
2882,-0.5025348,-0.33385092,0.098025404,0.49847436
2883,0.08927277,-0.6038207,-0.15413801,0.37920237
2884,-0.23091637,-0.0939435,0.041651547,0.38442862
2885,0.10169183,-0.96291965,0.0864853,0.6664159
2886,-0.7881184,-0.2153028,-0.064693205,0.49965596
2887,-1.9717207,0.16466361,0.005906557,0.1713289
2888,1.5636884,0.4559788,-0.05072954,0.82133603
2889,1.2087432,-1.7059555,-0.15406854,0.24534523
2890,1.2311924,-0.8097046,0.08328157,0.977924
2891,-0.37838075,-0.36025384,0.017506646,0.8784375
2892,-1.8474523,-1.7965305,-0.03943984,0.9233097
2893,-1.9344836,0.9268446,-0.10329928,0.10659385
2894,0.54130274,0.7887123,-0.018823087,0.4082123
2895,-0.978432,-1.0075302,-0.07865692,0.68220973
2896,-0.2816696,-1.2479783,-0.0017014282,0.21913207
2897,-0.78765994,0.40709442,0.12726218,0.78993964
2898,0.4587148,0.6083954,-0.120613694,0.13903236
2899,-0.19200677,0.31561947,0.08611176,0.064328074
2900,0.8615905,1.2920378,0.0011241072,0.29653156
2901,0.8772633,-1.0315257,-0.189393,0.0809865
2902,-0.2466385,-0.8421354,-0.007910623,0.09729624
2903,-0.1112967,-0.63804567,-0.041689437,0.117111206
2904,-1.4586058,0.67198455,-0.0033287306,0.62090385
2905,-0.8950372,1.0424336,-0.0017929388,0.24619877
2906,-0.3722675,-1.1127589,-0.033219494,0.4517312
2907,0.035646793,-0.54209805,-0.05638181,0.61059093
2908,0.7712651,0.42898506,0.044659935,0.16026211
2909,-0.6927813,0.25608358,0.1526946,0.16356528
2910,0.28417656,0.98213685,0.04246021,0.5821234
2911,-2.225346,0.57877475,-0.11478581,0.25723815
2912,0.97162807,2.9727368,0.08562116,0.37758005
2913,0.6452537,1.7137883,0.0803681,0.2926178
2914,-1.1281576,0.14522605,0.07566267,0.37702417
2915,0.36351424,1.2304704,-0.065144636,0.7475747
2916,2.1508372,-1.0172617,-0.012821227,0.24317312
2917,-1.7476163,1.4748851,-0.017737616,0.34945416
2918,0.6156249,-0.4656515,-0.03752273,0.17302704
2919,-0.5245858,-0.9194528,0.018085731,0.123506665
2920,-0.3247495,-1.6751354,0.060114633,0.7540517
2921,-1.2187676,-0.9701824,-0.022924263,0.5488486
2922,1.5093017,-0.25187126,-0.063988976,0.73396134
2923,-0.13247173,1.2961211,0.12092248,0.8983803
2924,-1.1013247,-0.23687287,-0.02128098,0.35234237
2925,-1.0282284,-0.8394543,-0.13316056,0.73568773
2926,0.69643354,0.7811269,0.20755725,0.018595219
2927,-0.45052376,0.89543897,-0.05468067,0.3225975
2928,0.017191354,0.6334789,0.22324374,0.6226423
2929,0.258029,0.040361293,0.03208286,0.6610279
2930,0.64804506,-0.4259908,0.07416683,0.42934573
2931,0.13745494,-0.39834508,0.16251396,0.29151535
2932,0.9318866,-1.5459877,0.10955184,0.013392806
2933,-0.90033734,-0.080655135,0.06242801,0.7848871
2934,1.8373629,-0.5814918,-0.06785302,0.55070615
2935,-0.54347545,-0.4716297,-0.0013717082,0.049732447
2936,-0.3750388,1.2080574,-0.087279044,0.7214254
2937,-0.2300636,0.95582974,-0.10430417,0.5696219
2938,0.06564599,-0.7468431,-0.1221424,0.67064595
2939,-1.1776463,-0.21631671,-0.12865257,0.079687715
2940,-0.7537846,-1.6251411,0.0047446727,0.14266968
2941,-0.09055222,0.4598534,-0.0506516,0.79886806
2942,0.85902846,-1.2485442,-0.17795108,0.49648905
2943,-1.2639358,-1.1580657,0.08691046,0.34663785
2944,1.6790748,0.86137486,-0.06596464,0.46840227
2945,-0.054309044,-1.3164065,-0.045287423,0.047664046
2946,1.137814,1.48873,-0.047432896,0.16766346
2947,0.296027,0.5260568,0.18611136,0.4318241
2948,-1.0302752,-0.25220218,-0.04815069,0.9119115
2949,0.9794007,-1.5472564,-0.09267329,0.6245431
2950,-0.77560914,0.2667151,-0.001152571,0.5268643
2951,1.3765445,1.8519285,0.21018437,0.264642
2952,0.28522894,-0.9538096,-0.16495973,0.63012004
2953,0.8452477,-0.044628166,-0.085068606,0.2634369
2954,0.31663096,0.80547845,0.12112018,0.6077597
2955,1.1778743,0.7833363,0.08735663,0.3609723
2956,0.58997184,-1.0392971,-0.004306716,0.16145992
2957,0.20288856,0.8040756,-0.039473336,0.43731844
2958,-0.54080755,0.36262375,0.13428974,0.08582461
2959,-0.486865,0.6187327,0.0561063,0.69157946
2960,0.77032804,-1.3814039,-0.050053757,0.07932961
2961,-0.19087584,1.6611791,-0.030583924,0.053584814
2962,1.7792205,1.068204,-0.10928521,0.8568665
2963,-0.17728053,0.6855992,0.056350518,0.20215869
2964,-0.38037,-1.3310213,-0.16815864,0.16519284
2965,-0.24000436,-0.3221909,0.13848634,0.4168055
2966,1.1959792,-1.222478,0.053444814,0.42126274
2967,-0.43834963,-0.18068492,-0.11615604,0.9871317
2968,2.0284765,0.4037961,-0.06443762,0.69134223
2969,0.9670091,-0.8427256,0.07536693,0.08183396
2970,0.42615423,0.3008236,-0.05349613,0.67318296
2971,1.2972715,-0.1980378,0.09518545,0.8321637
2972,1.9654278,-1.258289,-0.014014331,0.7559078
2973,0.68202037,0.6484529,-0.004326037,0.5870987
2974,-0.82704496,0.36080378,0.005364367,0.90422094
2975,0.5722989,-0.930609,0.08741029,0.8730836
2976,0.1220708,-0.121667564,-0.15455967,0.6744611
2977,0.60111016,1.2266722,0.037466805,0.8662615
2978,-0.37807003,-0.29570937,0.022965234,0.9572122
2979,0.64002126,0.9694453,-0.001652386,0.6037253
2980,2.3230653,0.5267989,0.038998142,0.82506
2981,0.6756551,1.0682739,0.095573775,0.916692
2982,0.7262365,0.6305701,-0.15524285,0.83655906
2983,-0.21792714,-0.3628425,0.08818012,0.53552926
2984,-0.46387786,-0.34485748,0.16531216,0.24276996
2985,-0.15361501,0.60425127,0.03158519,0.46509504
2986,-1.553662,-0.1915122,-0.04310249,0.5195688
2987,0.15055811,0.48665392,-0.10133711,0.039649606
2988,0.5518815,1.2787006,0.14825831,0.8725226
2989,-0.45676026,0.891976,0.0094991485,0.853601
2990,0.4206432,-0.042498596,0.04010326,0.33543897
2991,0.13545801,0.82046384,0.041195538,0.49691534
2992,0.6674491,-0.33869633,0.03458339,0.012442589
2993,-1.2213911,0.3892809,-0.05970901,0.73670304
2994,-0.8032991,0.17506008,0.11195053,0.8757646
2995,0.61728704,-0.42149848,0.07512647,0.056456566
2996,0.17654069,0.99588484,0.029554844,0.5704433
2997,1.0179956,-0.98033726,-0.010604612,0.069560885
2998,0.36880153,-1.5206717,0.096557215,0.015639544
2999,0.9898138,-1.6004854,0.017839907,0.77722836
3000,1.0864363,-1.6675304,-0.011613009,0.75927293
3001,1.6853291,-0.14119019,0.029183647,0.8095472
3002,1.6470996,0.25078088,0.03167962,0.9566822
3003,0.41261023,-0.48503238,-0.1901005,0.9777185
3004,0.33248526,-0.36065757,-0.093065135,0.20154333
3005,-0.25312495,0.8054437,0.05794161,0.7109883
3006,0.16156007,0.8092657,-0.08554994,0.7639481
3007,-1.2380269,-0.60461336,0.15682915,0.25126433
3008,-0.78750634,1.3065828,-0.07805572,0.56468296
3009,0.28303242,0.3104957,-0.076816395,0.5321821
3010,1.8580239,0.10808566,-0.1497163,0.8140681
3011,0.53875166,-0.873394,-0.015609848,0.81092405
3012,-0.25475314,0.20513895,0.23647249,0.16622674
3013,-1.5699683,-1.5584954,-0.05536467,0.14910841
3014,1.2223724,-1.0666491,-0.15066074,0.25889194
3015,2.0365272,-0.03386643,-0.041453566,0.6029664
3016,-0.9270119,-0.34716165,0.046469107,0.5767349
3017,-0.26459363,-1.1447978,0.05627646,0.011555672
3018,0.4369009,1.446486,-0.13923799,0.19613886
3019,0.5215449,0.98903245,0.07128482,0.5148239
3020,-1.6453648,1.1834867,-0.103767656,0.10061669
3021,-0.3823444,1.0295395,-0.060980495,0.16483498
3022,-0.21662565,1.2142446,0.224453,0.10801971
3023,-2.013254,1.6629759,-0.07438702,0.26203537
3024,-0.5156288,0.44491816,0.029392842,0.75650764
3025,0.70807844,0.24485888,0.01424994,0.8933525
3026,0.32948008,0.45169404,-0.0035049242,0.031113982
3027,0.88794845,-0.21829315,0.10190954,0.6367438
3028,-0.95121574,0.48953095,0.05149875,0.99625933
3029,-0.47636297,0.18940368,0.031965286,0.097857356
3030,-0.6569659,-0.70067173,0.2684522,0.59729636
3031,-2.2460444,0.15965946,0.15166877,0.00783813
3032,-0.026160132,-2.1616807,-0.071564004,0.50230145
3033,-0.5572326,2.878077,-0.04705844,0.95211387
3034,-0.6732717,0.794934,0.1343113,0.036517143
3035,-0.8427784,-1.0114815,-0.055388737,0.07562888
3036,0.08281514,1.0745382,0.002406285,0.26544368
3037,1.4420356,-0.6160563,-0.061353065,0.3918531
3038,1.2576644,0.13552134,0.073488556,0.78611183
3039,2.5879743,-1.4327229,0.071655,0.035699606
3040,0.687903,-0.31684223,-0.024451142,0.60493183
3041,1.5906587,2.3122041,0.12271245,0.3844589
3042,0.29155397,0.27511817,0.08706864,0.44262218
3043,-0.6185646,0.6657166,0.028033808,0.092286706
3044,-2.3926744,-0.41320947,-0.05789533,0.46188593
3045,0.45217294,0.041396946,-0.07316281,0.47134793
3046,0.60689956,-0.40278175,-0.1674255,0.09745872
3047,0.06777139,1.3129076,-0.055332877,0.17874312
3048,0.3094912,0.7327069,-0.04350961,0.1237607
3049,-0.15122077,-1.5392233,-0.04927354,0.90082014
3050,-0.69834745,0.77096134,-0.003014161,0.9323311
3051,-0.7536968,0.06860402,0.1410635,0.285308
3052,-1.6682124,0.40790123,-0.09332283,0.43187094
3053,0.11058941,1.557288,0.040032867,0.48138797
3054,-1.1520916,-1.0988762,0.07402444,0.2389152
3055,1.4243765,-0.14845847,0.0024067631,0.26458418
3056,-0.57353175,-0.13050807,0.08963013,0.41799688
3057,0.57974344,-0.18969862,-0.07471053,0.8887359
3058,0.08903066,-0.2716358,-0.14188102,0.74660957
3059,-2.1603873,-1.2581109,0.033328593,0.2939464
3060,-1.1262636,0.29007518,-0.02532931,0.82168865
3061,0.17007661,-0.2479063,0.098854266,0.21405232
3062,-1.6739516,-0.9886638,0.07866435,0.030019164
3063,0.4245269,-0.7626676,-0.14428714,0.7710743
3064,0.5968035,1.4102068,0.09332349,0.75913835
3065,-0.3031988,0.3279709,0.08598789,0.8812039
3066,2.0800748,-1.3189936,0.026407767,0.393026
3067,0.15239434,0.6610249,-0.08297133,0.6080091
3068,-2.2753544,-1.6056339,0.052206524,0.65413475
3069,0.43351746,0.99673796,-0.03326746,0.47924387
3070,-1.7034193,-0.06428097,-0.05749039,0.22465897
3071,0.26609,-1.6227083,-0.10794783,0.41674006
3072,0.66607237,-0.9589932,0.041471984,0.13894069
3073,-0.89924073,-0.98161465,0.13165198,0.6100644
3074,-0.29395577,-0.3511503,-0.0431462,0.7873112
3075,-0.5242079,-1.6113873,-0.18467352,0.34972703
3076,-0.8569682,0.76903695,0.055052217,0.14782143
3077,1.0935216,-0.90102637,0.04063615,0.017225623
3078,0.82676965,-0.72128224,-0.07878955,0.35054922
3079,-1.7051672,1.834804,-0.1014229,0.8572428
3080,0.6483286,-1.4774325,0.08232018,0.19295716
3081,0.9611367,-0.5295109,-0.10392392,0.54193854
3082,-0.4329347,0.91348743,0.2087022,0.910491
3083,-0.74202687,0.023021791,-0.11726224,0.4003203
3084,-1.0000179,2.4445055,-0.055062383,0.8078699
3085,-0.4605183,2.1681097,-0.13817197,0.36962533
3086,1.2910959,0.7373947,-0.0803427,0.48494494
3087,1.303692,0.6604569,-0.0172842,0.3148532
3088,-1.1731836,0.69630563,0.01051977,0.16484416
3089,0.36420637,-0.8219757,-0.045390647,0.6002555
3090,-0.53541505,-0.33093688,-0.0068920176,0.5691881
3091,0.001693152,-0.9570276,-0.018866736,0.39124882
3092,0.02403535,-1.3394288,-0.0878185,0.21829689
3093,-0.3431636,-0.30582452,-0.07101123,0.7355243
3094,2.1951792,-0.75018674,0.18118572,0.18637502
3095,2.289307,0.123291954,-0.044442054,0.84226596
3096,-0.80435085,1.4875419,-0.21707456,0.36083484
3097,0.99154127,-0.6554987,0.09583854,0.95188653
3098,2.1353881,1.1969941,-0.07870888,0.59171546
3099,0.057363346,2.337785,-0.05860534,0.4112934
3100,-0.019245887,-0.8923861,0.033219352,0.43018067
3101,0.9993961,0.38418305,-0.018960796,0.9393803
3102,1.5319145,1.2264186,0.16769694,0.91220903
3103,1.6888497,-1.3612996,6.482009e-05,0.62078893
3104,-0.50728285,0.45706823,-0.13282894,0.44621348
3105,-0.9620673,0.15318885,-0.09981967,0.98121357
3106,0.9444645,0.87764007,0.029389942,0.13985324
3107,0.12797742,-0.06223479,-0.08454021,0.47483778
3108,0.6262794,1.2660831,-0.0073196515,0.11572659
3109,-0.5092403,-0.9161823,-0.03230553,0.38230085
3110,0.53572077,-0.89541334,-0.12997004,0.68077993
3111,-1.6097783,0.416407,-0.024772389,0.53729606
3112,0.8778487,-0.12673524,-0.019515067,0.75695074
3113,0.6535368,0.4216061,0.0027561923,0.3563274
3114,0.1522834,-0.42432663,0.01138866,0.51364493
3115,-0.33165753,0.9098065,0.0088077895,0.8203684
3116,-2.0072248,-2.3616068,-0.037939526,0.10977566
3117,-0.59985435,0.3106613,0.103912555,0.50930464
3118,2.0709867,1.3311766,-0.037979733,0.59206307
3119,-0.13982433,-0.7230706,-0.06463281,0.1233443
3120,-0.09313978,0.8386769,-0.017644888,0.658008
3121,-0.5995986,0.5786472,-0.037557743,0.14474869
3122,-1.0665611,0.62111473,-0.0496857,0.81339276
3123,0.0052535366,-0.7483308,0.10183042,0.5804473
3124,-0.9736192,0.39161953,0.03955367,0.9777249
3125,-0.41811138,0.92183745,-0.106173836,0.7613448
3126,0.33063403,0.11167781,-0.11364144,0.7158171
3127,0.95001584,-0.06058073,-0.026971122,0.26911426
3128,-1.4497248,1.5846897,-0.0100993365,0.07598817
3129,0.035143577,0.26844046,0.041405726,0.7106074
3130,-1.1299087,1.3654159,-0.16200043,0.80709016
3131,0.2615323,-1.7501369,-0.07194785,0.8505604
3132,-0.40031654,-0.39915875,0.120954014,0.49898076
3133,-0.54659504,-0.055024873,0.13298899,0.9954083
3134,-0.7359309,-1.6635796,0.07975987,0.8760561
3135,0.49429187,1.3995442,0.0022748902,0.62162197
3136,-0.92884254,-0.34569386,0.029841647,0.59496117
3137,0.37429947,0.77331936,0.108865224,0.26219034
3138,-0.083740935,-0.3713053,0.11840798,0.56437576
3139,1.6193736,-1.1815829,0.050775714,0.9283993
3140,0.38168114,-0.54937005,-0.07634469,0.6312835
3141,0.87225896,1.325134,-0.08228407,0.6801368
3142,-0.152903,1.9268225,0.03761516,0.29597247
3143,0.38164222,-0.19828585,0.053726323,0.88532543
3144,-0.64789265,0.39089116,-0.12224024,0.82020843
3145,-0.32377318,-1.3607866,-0.18928535,0.18152308
3146,0.59589255,0.22924002,-0.10572924,0.75516915
3147,-0.38726762,-2.2113214,0.1688851,0.768582
3148,-2.481014,0.5965932,0.1819159,0.98562336
3149,-0.73569036,0.65488225,0.0338718,0.1824789
3150,1.3734844,-0.563595,0.1008741,0.117236376
3151,0.89703244,0.41256467,-0.12340378,0.27877784
3152,-1.2499187,-1.5913795,-0.03743496,0.86040974
3153,0.7919738,0.5778405,0.014659116,0.6415161
3154,-0.83609354,-2.2665846,0.04946079,0.98335457
3155,-1.1894412,1.2554046,0.040365573,0.57422197
3156,-0.46289444,3.310173,0.06856159,0.95273435
3157,-0.8384159,2.4312108,-0.10467886,0.825498
3158,0.7712816,-0.1975865,-0.29695165,0.5086385
3159,-2.1544976,0.9228873,-0.0037268486,0.08073437
3160,-1.2082387,-1.504118,0.042693313,0.4736948
3161,0.42931828,1.4993613,-0.015252751,0.7457396
3162,-0.13595545,-0.5196097,0.05039381,0.44500387
3163,0.3492499,0.14656305,0.11078759,0.92503643
3164,1.2984793,0.18962939,0.04615161,0.67597306
3165,0.9309479,0.16655123,-0.050206095,0.98241675
3166,0.16235389,-0.97592694,-0.18449736,0.37756586
3167,-0.93092465,0.3262806,0.29057512,0.77375615
3168,-0.91486996,0.5156573,0.2875679,0.86961484
3169,-0.14259614,0.49042615,0.14582558,0.5769062
3170,1.3036494,1.5510982,0.09841137,0.5409956
3171,-1.0712193,-0.41535178,0.0054561174,0.9281757
3172,1.0940831,-0.37481856,-0.025640488,0.11049187
3173,-0.48720416,-0.3163785,0.050626714,0.5225638
3174,0.12364845,0.41246414,-0.0071826144,0.08070004
3175,-0.9438984,-0.17641276,0.13435948,0.07766473
3176,1.4722488,1.508152,-0.07585332,0.5391283
3177,-1.0790416,0.36663356,-0.14265656,0.55712783
3178,-0.08524124,-1.0783883,-0.0011291425,0.791769
3179,1.3083353,0.589383,0.01675533,0.68105173
3180,-0.33370498,-0.6417614,-0.04848361,0.33847737
3181,0.71829855,-0.42675197,0.040098727,0.539716
3182,0.23946112,2.6103816,-0.0009602142,0.09291923
3183,-0.12945515,-0.19090386,0.1753958,0.04395187
3184,-0.47515297,1.3054731,-0.07710481,0.35889828
3185,-1.9831945,-0.0966874,-0.03455032,0.60300064
3186,1.8979913,-1.68189,-0.00017811527,0.06484616
3187,-0.53883886,-0.13546237,0.09231352,0.8799324
3188,-0.2280191,-0.13619432,0.085303865,0.2922896
3189,-0.8434174,0.32744026,0.20044716,0.77406824
3190,-1.3340396,-2.0261636,-0.11975427,0.8660042
3191,-0.197461,-0.13605589,0.1363057,0.382025
3192,-1.5561391,-0.8554551,-0.16287903,0.39372075
3193,0.44882002,-0.9385692,0.047425184,0.13316488
3194,0.7839005,-0.55744797,-0.14027481,0.98709106
3195,-0.7623407,0.10967308,-0.05341481,0.16685033
3196,-1.7235144,-1.8910285,0.077521786,0.47014832
3197,-0.9753575,-0.27911705,-0.06704538,0.96106243
3198,-0.43251598,-1.0708503,-0.051665094,0.69729495
3199,-0.29358602,-1.1598022,-0.056413203,0.15241778
3200,1.0512557,-1.0660661,0.052368224,0.1250323
3201,-1.4292166,-1.10205,0.25238615,0.77594066
3202,-0.71153486,0.86645854,-0.17605257,0.17217243
3203,0.9108453,-1.227329,0.12643726,0.104236126
3204,-0.6746439,-0.3686293,-0.030861376,0.7281114
3205,-0.4946996,-0.76638716,0.076778404,0.8802451
3206,0.092874624,-0.7648793,-0.09150281,0.6341127
3207,-0.8434332,0.70268923,0.0116197625,0.19234169
3208,0.17976728,-0.715823,-0.09332212,0.0043199062
3209,0.47276938,-0.66735524,0.03134092,0.31898403
3210,-0.37241608,0.6250816,-0.046771795,0.55397284
3211,-0.01592227,0.91299367,-0.016323974,0.1326462
3212,-0.028545855,-1.5886189,0.008117034,0.035431266
3213,-0.6161644,0.6324416,-0.039020374,0.49835074
3214,0.36985916,0.38775605,0.03009196,0.15592206
3215,-1.1976817,-1.5898445,0.049231157,0.7205652
3216,0.76778126,-1.7687157,-0.033014506,0.5069797
3217,-0.4335895,-0.17423043,-0.01544278,0.8629509
3218,-0.82720447,0.47871858,-0.107626356,0.84804344
3219,-0.26509127,0.61478215,0.10812368,0.6470486
3220,-0.7847285,-0.61384624,0.0147336,0.15868938
3221,-1.0269729,-0.43746334,0.06132866,0.4091519
3222,-1.5356226,-1.0779566,0.027929181,0.72713125
3223,0.5899103,0.7909325,-0.03699233,0.09894872
3224,-0.886886,-0.3537878,-0.04394466,0.80332124
3225,0.3136449,-0.14889023,-0.06621356,0.80118096
3226,2.2272859,-0.5729746,-0.06387182,0.9772537
3227,0.2777362,-0.5211349,0.1039617,0.36532724
3228,1.4355052,1.1947516,0.017296439,0.20579135
3229,-0.2591569,0.6728237,0.08581024,0.08452129
3230,0.3129707,1.0106782,-0.06607511,0.19623291
3231,-0.4669607,-0.28871804,0.010155066,0.11506188
3232,-1.339337,-0.561605,-0.05054896,0.867579
3233,-0.697085,0.80068743,-0.10726678,0.39230764
3234,-0.9720907,-0.9792951,-0.11320567,0.38000286
3235,-0.6419983,-1.8591524,-0.29508844,0.71569383
3236,-0.17380477,0.26435956,-0.10408378,0.28432548
3237,0.99739176,0.10190089,0.07086568,0.31345713
3238,-0.38547325,-0.033164423,-0.05836835,0.9154502
3239,-0.027972803,-0.25295585,0.10811158,0.6911557
3240,0.5040581,0.8785204,-0.093398415,0.09119117
3241,-0.60054594,0.64886075,0.14035377,0.76018107
3242,0.44991085,1.8672686,0.043455955,0.090752244
3243,-0.97081894,-0.13998547,0.04508921,0.5089836
3244,-1.5822628,-2.6132197,0.052585263,0.30908477
3245,1.6710564,-0.79523337,0.018526545,0.16418517
3246,-0.48629388,-0.772571,-0.12894565,0.054374576
3247,1.7070532,0.954877,0.032664873,0.96672094
3248,0.18266758,0.03428008,-0.13786888,0.89951396
3249,0.5577846,0.5869944,-0.0065054125,0.102927566
3250,0.37708473,0.82246697,-0.09566711,0.068852186
3251,-2.1894321,0.66298133,-0.170561,0.6950927
3252,-1.2888151,0.0131981475,-0.07688171,0.28062415
3253,1.3756132,-1.0616701,-0.17381918,0.687521
3254,-0.78676134,0.7463615,0.14857827,0.9499979
3255,0.52521765,-2.2393053,0.023896364,0.6088439
3256,-1.1944811,-0.34954867,0.05326621,0.7302952
3257,-0.18239734,-0.013845586,-0.060515728,0.66781855
3258,-0.50995374,-1.0594488,0.025213111,0.7969655
3259,1.6929435,-0.31685257,-0.06775735,0.07606983
3260,-0.588629,0.71864825,0.052519258,0.9124187
3261,1.1001109,-1.0845493,0.043457434,0.6087216
3262,-0.23475018,-0.51121265,0.072851285,0.9632057
3263,0.6334452,-0.8184499,-0.15470003,0.718395
3264,-1.9097584,-1.8688259,-0.04291802,0.39730585
3265,-0.4021104,0.8900584,-0.07442998,0.46121716
3266,-0.87695265,-0.6636953,-0.11822384,0.07240701
3267,0.28779683,0.40266982,-0.058218654,0.058941722
3268,-0.27084064,-1.3662106,-0.10410597,0.60145926
3269,1.359722,0.5005049,-0.09423101,0.24306095
3270,-1.3687253,-0.08612868,0.1512195,0.864612
3271,-0.6273125,-1.0515078,-0.110630386,0.93261504
3272,0.8301933,-0.4983762,0.105575494,0.05578637
3273,-0.38497442,1.1348602,0.029708428,0.62894464
3274,1.2412673,-1.4489483,-0.14605515,0.63076305
3275,-2.0556927,-0.3862452,-0.027186153,0.21483815
3276,-0.38805872,-0.19983298,0.14591849,0.6592909
3277,-0.0732163,-0.7413568,-0.12173064,0.75748944
3278,0.8058794,-0.46630135,-0.25235045,0.83177173
3279,-0.31514573,-1.2743921,-0.0978339,0.29403353
3280,-0.31645736,-0.23450047,0.030182702,0.27735567
3281,-1.0335617,-0.7227489,-0.10423177,0.12981153
3282,-1.7355989,1.1106688,-0.026630906,0.69628227
3283,-0.076390795,-0.5964602,-0.099653244,0.6978756
3284,0.57209826,1.6533571,0.121748425,0.39700246
3285,-1.5607995,-0.06666852,0.20500465,0.23146093
3286,-0.41310078,1.5545324,0.020387115,0.748466
3287,-0.8354821,0.8406464,0.0033635169,0.084109426
3288,0.714321,-0.35898578,0.078059226,0.4625013
3289,-0.1521318,0.3780012,0.22419146,0.22419071
3290,2.4597208,0.33528483,0.0018154581,0.37228417
3291,0.9791125,0.031187799,-0.10041516,0.5464157
3292,-0.060304422,-0.4771628,-0.006579677,0.12556696
3293,0.5418851,0.82227516,-0.0045690034,0.02759409
3294,1.1497436,0.4114366,0.045913514,0.5448426
3295,1.7732568,-1.9829704,-0.097442076,0.02159369
3296,0.24039544,-1.266981,0.056293022,0.22525942
3297,0.96286714,-0.76396006,-0.036769625,0.443133
3298,0.2849006,-2.3509376,0.11792095,0.7255453
3299,-0.18893321,0.24506488,-0.043935746,0.30050159
3300,1.5871426,-0.16220175,-0.16381887,0.24930882
3301,0.31007305,1.5115137,-0.017248197,0.033886433
3302,-0.6491365,-0.54065883,0.00067497225,0.50152814
3303,0.53704125,-0.6375787,0.20460725,0.34054565
3304,-0.264425,0.3588011,0.05670106,0.7412156
3305,-0.42127544,-0.5014827,-0.054121435,0.18032789
3306,0.23155613,-0.6752826,-0.09271947,0.3793466
3307,2.2072892,-0.5045049,-0.19969329,0.23253465
3308,-1.2900276,-0.7926517,-0.043663125,0.37255132
3309,-0.29832417,-0.35379165,0.1237013,0.18697631
3310,-0.9000299,-0.8913244,-0.08962447,0.69609344
3311,1.8399531,0.9066682,-0.09095428,0.8275523
3312,-0.59113455,0.835304,0.12541743,0.90316474
3313,-0.49586874,0.68966407,-0.06855321,0.18941939
3314,0.30983853,0.5603514,0.03962907,0.7534435
3315,-1.7635359,-1.2571739,-0.043367617,0.098508954
3316,0.34265134,-1.1767054,-0.03472048,0.23909068
3317,-0.13601607,-0.50940937,-0.017000431,0.60747564
3318,0.39381787,-1.6358255,0.07551182,0.7550571
3319,0.16880618,1.2928274,0.13118237,0.6088331
3320,1.0557857,-0.8143292,-0.13126439,0.31857216
3321,0.3326473,1.2337085,-0.07054468,0.94055283
3322,-1.2873342,0.6448891,0.043542374,0.6233643
3323,0.53332233,0.20740658,0.12877235,0.38383245
3324,-0.13318348,0.79250216,-0.03542237,0.33582747
3325,-0.5661351,1.1552347,0.012484545,0.5941386
3326,0.11554933,-1.0788234,0.20421088,0.20420992
3327,-0.8902088,0.24740514,0.073716104,0.34149456
3328,1.063254,0.034597907,-7.066189e-05,0.37637973
3329,2.062994,-0.4783796,-0.042571273,0.61424184
3330,0.76129574,0.7728335,-0.021455115,0.69745827
3331,0.56490386,0.43387887,-0.011257945,0.90591955
3332,0.44140187,0.033045582,-0.05866651,0.91940594
3333,0.6769321,1.4606847,0.1576668,0.6139405
3334,0.32018155,0.2564245,-0.1071493,0.4591751
3335,-0.66032034,0.007818905,0.14367715,0.38219094
3336,-0.395194,-0.58123136,0.14323048,0.3453684
3337,-0.062105455,-0.92267245,0.055845678,0.3984915
3338,-0.63756955,1.0209188,0.025243124,0.1097424
3339,-0.19247249,-1.3057144,-0.048349455,0.8936399
3340,-1.4613696,1.2450103,0.13112439,0.7143545
3341,-1.2125041,0.22834404,-0.0760585,0.34520316
3342,0.9279415,0.56529295,-0.05435679,0.4602487
3343,0.45100984,0.015255984,-0.20658317,0.386675
3344,-1.3856103,0.1569196,0.055008966,0.06166792
3345,0.18386817,1.8372612,0.10017603,0.90291727
3346,-0.8619624,-0.27985406,0.067374766,0.8926977
3347,-0.57500017,1.172861,-0.04663773,0.78606033
3348,-0.6609656,0.977474,-0.08109187,0.94780004
3349,0.9302148,-2.2193894,-0.056245077,0.3109293
3350,1.6029171,0.12843327,-0.03823341,0.29568267
3351,-0.8951474,-0.9897195,0.013753972,0.6397772
3352,-1.0088272,0.4739723,0.010399769,0.2567327
3353,-0.06475078,0.24119027,-0.11898565,0.9495548
3354,-1.1393934,-1.4870322,0.054566182,0.59715545
3355,-1.5562546,-0.0680995,-0.16029178,0.2751609
3356,-1.2169523,-0.7441531,0.05708648,0.36576772
3357,0.20706496,-0.14781557,-0.017717158,0.6412462
3358,1.4839873,0.1069493,0.02382513,0.7328093
3359,-0.6694265,0.027865635,0.00549116,0.60768247
3360,-1.2546281,-0.25100708,0.10559564,0.2579155
3361,-0.5092723,1.0973067,0.18987845,0.8311275
3362,2.4141757,2.6712322,-0.045788985,0.53074455
3363,-0.81590503,-1.7299953,0.0033660883,0.72448814
3364,-0.4237146,-1.1170737,-0.15899703,0.9020709
3365,-0.62184346,1.3563504,-0.03540748,0.29862738
3366,0.5097596,-0.0137903,0.011231679,0.39319384
3367,-0.52845746,-0.57887906,-0.02593411,0.3801056
3368,0.8067575,-0.037647348,0.08666316,0.13858724
3369,-0.31539506,-1.0576922,-0.06313123,0.033871055
3370,-0.4481253,0.5815836,-0.042911008,0.94498813
3371,0.11238023,0.32753134,-0.14996184,0.4434278
3372,1.330089,-0.7706998,0.064121984,0.7905793
3373,0.240751,-0.007778116,0.14843468,0.66589797
3374,0.59206444,0.83885443,0.16213793,0.13402319
3375,-0.122577034,-1.2567196,-0.04271121,0.40073574
3376,-0.2772047,0.08950347,0.018037133,0.53783965
3377,-0.37972152,-0.5838749,0.12625267,0.6649544
3378,0.9342446,-0.0036281247,-0.089731194,0.99866056
3379,0.36491665,0.79870653,0.06260838,0.4262675
3380,0.011870117,-0.07060089,0.019491939,0.47957087
3381,0.11796733,0.2517221,0.050034232,0.053860784
3382,0.87602407,-0.5687778,0.117343664,0.9662131
3383,1.0261979,1.4840944,0.05978597,0.3745669
3384,-2.2172341,-1.2170162,-0.11841705,0.6790582
3385,-0.86427003,-0.8211411,0.025528703,0.8157177
3386,-0.834,0.65022933,-0.006772691,0.62824655
3387,-0.18104456,-1.0230333,0.009174749,0.6989901
3388,-0.83741325,0.84340614,0.025531668,0.033155322
3389,-1.3211004,0.29886138,0.016827336,0.11038399
3390,-0.13376898,-0.7106614,0.041610617,0.9264884
3391,-0.6694055,0.9593129,0.008966398,0.33905423
3392,-0.80370843,-0.004648581,0.16900252,0.8081049
3393,0.9859533,1.6958349,0.07937472,0.26581025
3394,-0.2685822,-0.13917743,-0.03713697,0.22987759
3395,0.60596585,-0.2508501,-0.187375,0.88924754
3396,0.07876438,-0.7488109,0.1430897,0.63125527
3397,-1.2664298,-0.08929391,0.086081974,0.22343922
3398,0.46862373,0.65217966,-0.056669988,0.030346394
3399,-0.97385645,0.73694056,-0.339876,0.5962224
3400,0.21408929,0.02331172,-0.081857316,0.037527442
3401,-0.6069378,0.65513766,-0.0778008,0.40290773
3402,-0.59967613,-1.4968553,0.23089956,0.43350315
3403,0.8170212,0.07109952,-0.092193864,0.6372818
3404,0.70799816,0.34872687,0.12266374,0.7154286
3405,0.3319248,0.73143846,-0.19322138,0.25958955
3406,-0.17699946,-0.049085677,-0.087340556,0.6562629
3407,0.42989832,1.30911,-0.17809245,0.15869677
3408,0.081739366,-0.24564952,0.18059255,0.38097382
3409,1.5613596,-0.08596343,0.088192016,0.16161323
3410,1.4685109,0.073785424,-0.1274976,0.72711766
3411,0.41562596,-0.17410299,-0.0139032,0.37134933
3412,1.3668442,-0.9644504,-0.032699402,0.597455
3413,-1.0673763,-0.4009136,0.11071592,0.75340605
3414,-1.5648924,1.1185938,-0.093911104,0.69124186
3415,-0.11552212,1.3063408,0.0070299394,0.7069566
3416,1.8338864,0.03426394,0.04711668,0.6388943
3417,0.35085332,0.37631258,-0.011650222,0.79360855
3418,-1.6026479,0.6054435,-0.110547595,0.5891688
3419,1.3942441,1.8020883,0.19643466,0.7301446
3420,-1.8712745,-0.7606844,-0.12490604,0.16410685
3421,-1.5769432,0.7494147,0.18037795,0.2305423
3422,0.9676712,1.3037304,0.00016823946,0.18387282
3423,-0.89552796,-1.5428137,0.037226316,0.8943032
3424,-1.2843283,0.23736878,-0.04085461,0.515231
3425,-0.6769947,0.82276875,-0.052402556,0.72765005
3426,0.8818214,-1.66311,0.004515416,0.35245156
3427,-0.5932664,0.9357619,0.12327798,0.11760235
3428,1.7439933,-1.0757347,0.13986218,0.8461629
3429,1.4701421,0.10033399,-0.09463143,0.93891275
3430,-0.32918087,1.3427802,-0.041104916,0.2912023
3431,0.61076194,0.3987616,0.06711876,0.8707417
3432,-1.676703,-0.15847939,-0.05123967,0.14242351
3433,-1.6910335,1.5847319,0.12896484,0.7456374
3434,1.1777254,0.5358239,0.049096476,0.7538458
3435,1.3497193,1.066065,-0.07459717,0.8363991
3436,0.6508703,1.0334471,0.18376231,0.2313888
3437,0.018899051,-2.3200333,0.09745291,0.85957193
3438,0.557748,0.9120349,0.06547459,0.060230613
3439,-1.3431023,3.3766308,-0.1211293,0.8986424
3440,-2.0490127,-0.8715818,-0.020174256,0.23413408
3441,-0.15004542,0.037201952,-0.07548506,0.056432128
3442,0.9638162,-1.601853,-0.073836155,0.3302734
3443,-0.3360627,-0.6011197,0.17678174,0.9744812
3444,-0.23117447,-0.032252856,0.07456254,0.82209134
3445,-1.7287636,-0.42893773,-0.031575873,0.5144743
3446,-0.25278124,-1.0122787,-0.059401095,0.9982568
3447,0.023257619,1.032244,-0.16391967,0.84842587
3448,-1.0108044,-1.7527301,-0.09797485,0.9124327
3449,-0.3378515,0.38195592,-0.05793215,0.23790991
3450,0.49768427,-0.8534293,-0.014402412,0.14167106
3451,0.0127283735,-1.8538768,0.039752178,0.6500727
3452,1.2504811,0.6609375,0.034204803,0.8510798
3453,2.2436366,0.45062646,0.068123214,0.8825524
3454,-2.6685886,-0.899763,-0.104782596,0.7749251
3455,-1.7548248,0.57225734,0.05944043,0.5625366
3456,2.2549043,0.5853242,-0.0357645,0.56877613
3457,-0.34567863,-0.44349822,0.100714184,0.8391552
3458,0.873899,-0.77969563,0.15387951,0.5363728
3459,0.43187577,-0.18585838,0.12512664,0.9484197
3460,1.1690236,1.5069168,0.06277856,0.83090997
3461,-1.3388354,-0.61907023,0.034855794,0.6710992
3462,-0.7578281,-0.48233283,-0.085706614,0.5187001
3463,1.181854,-1.6513227,0.030831872,0.7347686
3464,-0.16319583,-1.58464,0.00038476053,0.11166084
3465,0.47326663,-0.552929,-0.16144454,0.46823192
3466,0.85167474,-0.41675583,0.0047959466,0.6117145
3467,-0.20560817,-0.8224547,-0.18645501,0.41172028
3468,-0.98552126,0.06543427,0.011676713,0.97964203
3469,1.0293685,-0.46028706,-0.013461622,0.2273643
3470,-1.0515999,1.518241,0.13662314,0.035061836
3471,0.31875294,1.5145608,-0.121942036,0.24932122
3472,2.3723595,-0.4089437,-0.07581874,0.35746562
3473,-2.5169504,-0.2295405,0.06314069,0.5723609
3474,0.72021466,-1.591791,0.1171753,0.08100867
3475,-0.11413909,-0.99477977,-0.054797616,0.8375492
3476,-0.68963236,-0.45785007,-0.02673922,0.7088231
3477,-0.76195717,-0.27648342,-0.038823012,0.17018461
3478,1.0992006,-0.482691,0.006653331,0.48888874
3479,0.44570413,-0.3218787,-0.019124286,0.22973228
3480,-0.62862957,0.26053092,0.072957456,0.15654266
3481,-1.8423821,1.4996648,0.0989319,0.93069816
3482,-0.7590831,0.8148091,0.093749635,0.013205528
3483,-0.037112396,-1.6091498,0.11267469,0.1555649
3484,-0.14736788,0.1816565,-0.03735837,0.80383587
3485,1.8834059,-0.45544192,0.06302807,0.37569344
3486,0.865462,-1.9034498,-0.15085344,0.95856977
3487,0.8180179,1.1210988,-0.075783335,0.9318888
3488,1.7694322,-0.13966985,0.12082273,0.7749226
3489,-0.91805965,-0.13442656,0.020658141,0.7157389
3490,0.34826234,1.3331368,-0.22616486,0.8370334
3491,-1.2208174,-0.28052223,0.08853128,0.11317563
3492,-1.3033326,-0.80633783,0.030633355,0.16741586
3493,0.628222,-0.18990946,0.054106195,0.78355396
3494,-0.40707576,0.46691024,0.10692853,0.9744884
3495,0.22440709,0.5343103,0.10256187,0.8516953
3496,0.10763574,0.09486572,-0.014838899,0.4778688
3497,-0.731545,1.0390437,0.26055172,0.93142164
3498,0.37652305,0.122045815,-0.143983,0.42052555
3499,-1.3818198,-0.4054194,0.055135198,0.9929975
3500,-0.6942818,-1.120922,-0.11674347,0.89504385
3501,-1.0283968,-1.1064762,-0.30423605,0.09816313
3502,1.3753647,-0.48190486,-0.14400373,0.96554327
3503,-0.020891188,1.166377,-0.2607629,0.5004318
3504,1.3023317,-0.6361729,-0.037064716,0.21166587
3505,0.1339693,-0.029843258,-0.086059116,0.8472773
3506,-0.45090577,0.4103692,0.1661046,0.69298613
3507,1.2153369,0.23214796,0.20853893,0.8057587
3508,0.61681205,-2.548175,-0.16555913,0.5751624
3509,-1.1188024,0.1709219,0.10262995,0.64510536
3510,-1.401117,1.073223,-0.02302376,0.5539688
3511,-1.2419858,1.2643248,0.048526887,0.7870463
3512,1.1345626,-0.36141217,0.034634117,0.47362483
3513,-0.58565,0.7573606,0.089060746,0.8818985
3514,-1.9306124,-1.13156,-0.016237404,0.30111456
3515,2.526368,0.7834865,0.08341627,0.3069347
3516,-1.653373,0.43943396,-0.04722046,0.6000875
3517,1.2317115,-1.8388559,0.11460966,0.6564317
3518,-1.4749327,-0.17450377,-0.032718096,0.8002515
3519,-1.20266,0.41898665,0.14735733,0.6434963
3520,-1.262692,0.20049958,-0.031031212,0.55708563
3521,-0.5676457,0.3771037,0.030232245,0.8295045
3522,0.83638,-0.38165107,-0.08649327,0.091361284
3523,0.1293179,-0.5242323,0.2912227,0.75388086
3524,0.7545289,-0.69367963,-0.09232974,0.7437227
3525,0.04132906,1.2581218,-0.08502612,0.23058605
3526,0.29170147,-0.97564936,-0.031685855,0.22630978
3527,-0.68692786,-1.0453322,-0.03695966,0.09744465
3528,-1.1290469,0.41365555,0.085342355,0.22264934
3529,2.6879056,-0.86315876,0.1735019,0.30391157
3530,-0.5325682,-1.2707399,-0.052856542,0.7629367
3531,0.9444011,0.29471916,0.07010737,0.55630314
3532,-2.2811966,2.1548555,0.20664011,0.1631093
3533,0.62357974,-0.7454974,0.11596725,0.87584865
3534,-0.3262483,-0.33751872,-0.057626367,0.12076712
3535,-0.35938835,-0.5868898,-0.029816234,0.9925916
3536,-1.2146314,0.9304908,-0.07973406,0.5004555
3537,0.7917077,-0.3212352,-0.1481761,0.6513094
3538,-0.79410166,0.88796663,0.23181139,0.32532823
3539,0.62589484,0.94902813,0.090886265,0.058793068
3540,0.096097045,-1.0658041,0.053650837,0.23028767
3541,0.4858814,-0.15117511,-0.08547638,0.7035669
3542,-1.0610787,-1.8156892,-0.12074027,0.053833008
3543,0.87063795,0.9084058,-0.17848973,0.8949894
3544,1.3973088,-0.11250368,0.09118044,0.24274409
3545,0.16345307,-0.45628768,0.16493161,0.03911388
3546,-0.43919915,0.45928916,0.05880132,0.8198321
3547,-2.3719888,-0.56485355,-0.18370567,0.14539969
3548,-1.1132369,-0.21051061,0.07030591,0.8601736
3549,-0.7352588,0.8899687,-0.10443508,0.3244568
3550,-0.21349941,-0.4321833,-0.05112907,0.6943674
3551,-0.930152,2.0465865,-0.04311216,0.21945953
3552,1.2607054,0.0776359,0.18037961,0.7648736
3553,0.60243523,0.47860122,0.04692821,0.39652932
3554,0.7483729,0.44793123,-0.13328691,0.34611583
3555,1.1119748,-0.91458404,-0.023615658,0.4794482
3556,1.0446845,-0.25917363,-0.09213916,0.82335603
3557,-0.9906908,-1.4834164,0.07087805,0.87297034
3558,-0.18165544,-0.9732651,0.036399953,0.29720318
3559,0.52367574,-0.9895064,0.07063295,0.42774296
3560,-0.70634615,-0.26894128,0.091854006,0.86387384
3561,-2.0371897,0.828451,0.061918657,0.6760783
3562,-0.5998533,-1.2515159,0.06598929,0.124144554
3563,0.8201454,1.1868516,0.022522287,0.29038095
3564,-0.7135089,-1.0987511,0.031064717,0.117931366
3565,1.6222688,0.59188473,0.074012496,0.08552575
3566,-0.0037467547,0.1296596,-0.057852622,0.28946364
3567,1.4148679,-1.2156276,0.10223831,0.9935044
3568,-0.10337024,0.15904361,0.027550578,0.77057576
3569,0.49526381,-0.40836582,-0.032224286,0.23441923
3570,-0.64176214,-0.68496305,-0.05499977,0.8437544
3571,-0.03562661,0.5112343,-0.085516386,0.34900236
3572,0.73012954,0.054707203,-0.05074079,0.15712476
3573,-1.4128329,-1.6957713,-0.11696744,0.3303045
3574,2.0906627,1.583239,0.203462,0.77487993
3575,-0.8110897,0.0374926,-0.11767715,0.70574343
3576,0.8011062,-1.3045133,-0.07902253,0.69058585
3577,1.3232126,-0.43532208,0.0694676,0.22266567
3578,0.42467442,-0.4355829,-0.08331743,0.2951243
3579,-0.15351947,-0.30777928,-0.12360461,0.84400654
3580,-0.30887854,0.39974895,0.010274286,0.98434556
3581,0.9883703,1.8028741,0.037545543,0.6355268
3582,-0.5911043,0.14912513,0.023430068,0.019423962
3583,1.8499069,0.2644861,-0.09671329,0.87626195
3584,-0.7437098,1.50329,0.08977785,0.118380785
3585,0.1855296,0.056195192,0.0050609577,0.36635268
3586,0.5224297,1.8208733,-0.019675046,0.17840147
3587,0.78968734,-1.1135995,0.01781659,0.4472139
3588,0.06319063,-0.38482925,0.028671129,0.03646791
3589,2.260557,0.9236093,0.14017804,0.10907841
3590,0.17116812,-1.4323411,0.22528167,0.20247114
3591,-1.3755375,1.0495988,-0.022810312,0.8093889
3592,0.17496571,-0.39555496,0.14883284,0.54511356
3593,-0.61315733,-0.26295015,-0.114058495,0.47957873
3594,-0.633065,0.32320374,0.08296987,0.26119447
3595,-0.42026237,0.48603946,-0.38035378,0.988114
3596,1.7018641,-0.22010209,-0.11304208,0.89113486
3597,1.1172112,-1.7715932,-0.1745744,0.69518924
3598,0.5531395,0.12695347,-0.050178,0.84506774
3599,0.22150365,1.3395631,0.13323489,0.5569097
3600,-0.12636715,-1.5904325,-0.040985513,0.68701136
3601,-0.101045325,-1.1882141,-0.003067763,0.1378609
3602,1.1636552,-0.6788353,0.07824444,0.13549554
3603,0.14950283,-1.2540708,-0.029987877,0.67422557
3604,1.4371179,-0.5106515,-0.12460276,0.1387304
3605,0.17332232,-2.1520119,-0.014066929,0.8512782
3606,-1.2959954,0.94124407,0.06539287,0.21486628
3607,-0.10254505,-0.01473913,0.007418543,0.5872723
3608,1.0141573,-1.6753347,0.0614051,0.18621278
3609,0.050579958,0.5230932,-0.036377493,0.86059606
3610,1.5240148,-0.025694128,0.05410118,0.5961281
3611,1.4871048,0.9923691,0.13740747,0.0041157007
3612,-0.80603796,-0.19832608,0.014608525,0.35493112
3613,-1.2276789,0.13202906,0.009241188,0.23982334
3614,-0.9527585,1.0052121,0.010534854,0.89128876
3615,-0.47279462,0.18083118,0.15743814,0.5826231
3616,0.14426461,-1.6220154,-0.03874151,0.4070655
3617,-2.041937,-0.7681575,0.032024916,0.21830809
3618,-0.32944745,-0.6927438,-0.15427193,0.9065145
3619,0.25483355,-1.1704803,-0.042398658,0.740178
3620,0.45928589,-0.9149304,0.0503842,0.049678087
3621,1.7389319,-1.6511521,-0.08737416,0.38094425
3622,1.981831,-0.9572148,0.030907113,0.32125437
3623,0.08497688,0.1895716,-0.07936377,0.25254023
3624,-0.071300685,1.2971045,-0.1041294,0.5887685
3625,-1.7345797,-0.6276763,0.20154572,0.2485255
3626,1.1673464,-1.6758177,-0.1579961,0.9364071
3627,0.31871524,0.7196354,0.032732643,0.8812314
3628,0.9486532,0.58100015,0.14420836,0.033875108
3629,-0.74873453,0.7663501,0.015494539,0.28592253
3630,1.3850756,0.82922995,-0.04862928,0.923396
3631,0.47271994,1.6373826,0.19243594,0.4948734
3632,0.11329652,-0.5098806,-0.0021808455,0.5350306
3633,-0.013175286,-0.38502556,0.039728314,0.14165485
3634,-0.2888663,-1.1534843,0.035438545,0.47886682
3635,-0.61464226,-0.55207896,0.10055603,0.065350056
3636,-0.034707487,1.8225126,0.22175542,0.06699288
3637,-0.5532758,0.61164224,0.011451189,0.31532383
3638,-0.5242035,1.0349172,0.028213426,0.84141445
3639,0.079176225,-2.6034346,0.16525006,0.39373302
3640,0.36040744,0.21821436,0.06647272,0.81551516
3641,0.12939534,-1.3145692,-0.11937435,0.3526994
3642,-0.031730562,0.31696683,0.175528,0.10472739
3643,1.2676318,1.260894,-0.032225452,0.77942276
3644,0.8100586,1.381232,-0.09908319,0.28817904
3645,-1.0598413,0.719399,0.06676702,0.3250991
3646,-0.2045392,-0.10076991,0.031730868,0.78609955
3647,-0.39044818,-0.09284147,-0.047274683,0.9500779
3648,-0.6053385,0.95273006,-0.037754856,0.09747362
3649,0.15222748,-0.12376694,-0.021605425,0.41023612
3650,-1.2344928,1.6349226,-0.08941616,0.586583
3651,-0.71294934,-0.43515384,-0.30042097,0.9677243
3652,1.2981274,0.12610224,0.00071193627,0.9812238
3653,-0.16811682,-0.38490525,-0.2232999,0.30118215
3654,0.8787947,1.748887,0.09501693,0.51230407
3655,0.28552958,0.4535996,-0.1621707,0.78374064
3656,1.207654,-0.69156516,0.06721374,0.048410773
3657,-0.7792004,-0.63347393,0.098038726,0.33132887
3658,-0.09462784,-0.60279447,0.06267663,0.9849534
3659,-0.053359233,1.1555299,0.16211079,0.83921695
3660,-0.3864229,0.37887913,0.059405178,0.86852145
3661,0.4617265,2.2317626,0.006312895,0.13792205
3662,-0.27741957,0.76912814,0.16284972,0.56187487
3663,-2.9487085,1.8956418,0.14691715,0.15328395
3664,-0.71884114,0.04242128,-0.056237478,0.5469283
3665,0.30358538,0.110641405,0.15206145,0.50884783
3666,0.45496786,0.22059149,-0.0034371123,0.43664122
3667,-0.7971144,0.92750317,0.055532616,0.7134088
3668,0.07110731,0.07439158,-0.03633922,0.97853863
3669,1.7043169,-0.13452485,0.09009598,0.25604427
3670,-0.89518344,-0.12449144,0.0019658778,0.41947377
3671,-0.38996285,0.09899794,0.020133471,0.8563032
3672,-2.178047,0.5576579,-0.065173976,0.83040345
3673,-0.20901872,-0.18286555,0.00050607993,0.70368326
3674,-0.71810156,-0.6616286,0.05974252,0.1402688
3675,0.14674671,-1.8459611,-0.13349968,0.5802901
3676,0.45859963,2.1381304,-0.16189043,0.9032533
3677,-0.11534855,1.4755104,0.18835133,0.9688562
3678,-0.037423078,0.8366806,0.0054586907,0.8609983
3679,-0.5690248,-0.19483213,0.12660924,0.18681467
3680,0.6108556,-1.5902675,0.008008781,0.12274563
3681,-0.05628034,0.32612994,-0.1459273,0.25362968
3682,1.6883622,-1.6066444,0.037574366,0.48536456
3683,1.2453825,-1.4910941,0.09614568,0.28298843
3684,0.26704797,0.9626914,0.014793898,0.59116423
3685,-0.43961215,-0.023629593,-0.0783079,0.41558683
3686,-0.4340143,-0.49284908,0.0048473435,0.4231304
3687,-2.5222728,-1.541945,0.061039466,0.90689766
3688,-0.5662161,-0.05284994,-0.027725717,0.8521458
3689,-0.6507331,0.5225629,0.16220962,0.67921865
3690,0.99671936,0.23944728,-0.110245265,0.009966254
3691,-0.2588581,0.41591394,0.21218157,0.6462376
3692,0.544059,0.085715845,-0.04506915,0.10306823
3693,0.6463632,0.68428594,0.16772303,0.6126218
3694,0.36314014,1.2243187,-0.02357415,0.5545672
3695,0.7981796,-1.3680562,-0.13461944,0.71165884
3696,0.1026224,-0.942747,-0.077755444,0.6682404
3697,-0.20791875,-1.5800172,-0.1235294,0.6114919
3698,-0.28998807,0.50344545,-0.061510146,0.99923253
3699,0.41137642,1.5244055,0.064141326,0.026968122
3700,0.54986686,-0.35794222,0.2226911,0.9231459
3701,2.51096,0.73551005,0.015053454,0.6958287
3702,-1.2815228,0.2696835,-0.012177655,0.016385078
3703,0.43652356,1.1126481,0.039306663,0.8201871
3704,-0.35066697,0.9462552,-0.052011758,0.18253446
3705,-0.20596223,-1.3664895,-0.11269096,0.31720424
3706,-0.022920618,-0.73686945,0.012469517,0.4466704
3707,0.4432495,0.14263374,-0.005067076,0.2815249
3708,0.8926142,1.1698838,0.057731517,0.6609129
3709,0.51279175,1.5893873,0.13842082,0.68332875
3710,0.25478694,1.0364289,0.14093246,0.23962533
3711,0.3181343,-0.16017625,-0.0887756,0.7184268
3712,0.3440789,-0.49824154,0.001821525,0.4555844
3713,1.0291553,-0.09256357,0.16541958,0.29495955
3714,1.3644639,0.2271005,-0.09405837,0.3882599
3715,1.3152605,-0.9960283,-0.15778047,0.6973256
3716,1.6453086,-1.2007716,0.07391127,0.694994
3717,0.82627606,-0.52918303,-0.0048840656,0.4753883
3718,-1.2795033,1.1918546,-0.014193025,0.2360524
3719,1.093964,-1.3626224,0.106631756,0.7804092
3720,-0.43036658,0.025569033,0.0016023432,0.8114921
3721,0.9424761,0.13348089,-0.10874826,0.22176683
3722,0.2657823,0.1352813,0.09481111,0.05352986
3723,0.8166445,0.37066236,-0.12155737,0.8030982
3724,-1.1035947,1.0434797,0.044861216,0.04389584
3725,-0.05211863,0.32054642,0.004851711,0.6411276
3726,-0.8090528,-0.7813793,-0.121670984,0.7796978
3727,-0.18289441,0.23920128,-0.019666882,0.40402663
3728,0.6199262,-0.19270171,0.023917546,0.6694715
3729,0.67568815,1.4627684,-0.08220093,0.10942459
3730,-0.95220923,-1.3513949,-0.08361627,0.6071998
3731,-0.2549007,-0.08985224,0.046673197,0.5577642
3732,-0.12921801,-1.2673898,0.066501044,0.070007205
3733,-0.010733508,-0.42011487,0.11144769,0.29391146
3734,0.5616009,-1.5153878,0.045202103,0.13929427
3735,1.025868,-0.076860406,-0.11454345,0.34506416
3736,1.0371157,-0.5456682,0.16756468,0.8033701
3737,0.91872144,0.9912218,-0.0153175695,0.7055851
3738,0.11480937,0.08940147,0.036586378,0.5837729
3739,1.0398544,-3.083864,-0.04003298,0.11247039
3740,-0.5214095,-0.80574447,0.114442766,0.7188268
3741,1.3627989,-0.6068232,0.043069944,0.5156522
3742,-0.92632747,0.3662849,-0.12270416,0.009038687
3743,-1.1773103,0.26495,0.06796589,0.594638
3744,-0.75037557,1.9303823,0.02566391,0.55778885
3745,-1.7091835,-0.7467494,0.10262287,0.87291634
3746,-1.0548046,0.30429515,0.10256274,0.41231537
3747,-0.4991653,-0.9918195,0.06654044,0.9269619
3748,1.5978265,-0.41427034,-0.07529789,0.7113619
3749,1.5562712,-0.48457634,0.14625272,0.60792017
3750,-1.1621819,-0.98464257,-0.027423335,0.738446
3751,-1.1680521,0.30177668,-0.029875875,0.025847435
3752,-1.5559237,-0.1798163,0.1278371,0.5572674
3753,-2.0461948,1.1941643,0.032531545,0.7601063
3754,-1.0018889,0.78886396,-0.09734519,0.21505904
3755,0.3086772,0.5424637,-0.01664008,0.4674194
3756,-0.7610975,-1.006604,-0.08147439,0.5156523
3757,-0.052364286,0.23458171,0.0008182274,0.23043525
3758,-0.092026114,2.0757115,-0.02454404,0.9309336
3759,-2.9108288,-1.0555006,-0.052707266,0.68427837
3760,-0.8109594,-1.8222053,-0.1516289,0.5026318
3761,-0.65647984,3.3517008,0.03839367,0.14921498
3762,-0.105200246,-0.41051298,0.21631251,0.63579035
3763,1.2620586,-0.29587948,0.041951817,0.7702029
3764,-0.43741563,1.0101181,-0.14547005,0.76078665
3765,0.9974704,0.7841106,-0.02388165,0.166991
3766,0.12587544,-0.49673057,-0.11504054,0.6886506
3767,0.25961632,0.7169374,0.037607208,0.8298031
3768,0.5775648,-0.07986043,0.07349388,0.98370516
3769,-1.0673261,-0.09968006,-0.20807813,0.07180703
3770,0.2002206,0.06390833,-0.18119569,0.5114604
3771,0.26892096,1.1065642,0.05611207,0.36562514
3772,0.1903018,-0.92794865,0.14062522,0.6191412
3773,-0.5805126,-1.7241771,0.072811745,0.6461657
3774,-0.29523927,-1.0485965,-0.049061265,0.4100393
3775,0.5702283,-1.4645916,0.097707234,0.008413792
3776,-0.3532744,1.5225419,0.07031521,0.7632693
3777,0.1662931,0.24617632,0.01287677,0.14103675
3778,-0.011886403,0.3025583,-0.054065645,0.4043231
3779,0.09848418,0.7520895,0.014554404,0.7467468
3780,-0.76476365,-0.82477224,0.04664458,0.31932032
3781,2.4410512,0.8638196,0.040354908,0.015183687
3782,-0.49699733,-0.10249909,0.034472954,0.9452605
3783,1.2778455,1.2712294,0.03128926,0.50971544
3784,-0.555052,-0.9036662,0.07753418,0.706396
3785,0.4970059,0.11878281,0.20189562,0.5084578
3786,0.8036191,0.055159096,0.10299361,0.113226056
3787,-1.3326178,-0.3810958,0.07213829,0.5550678
3788,-1.5731975,-0.6850665,0.03261132,0.30198693
3789,0.0058903177,0.4932741,0.06872565,0.18922353
3790,1.5528499,0.022267394,0.06105718,0.49743247
3791,-0.018864831,-0.77636755,0.026092634,0.87409353
3792,0.680968,-0.35190138,0.17538175,0.8332609
3793,-0.40494838,1.4571449,-0.01689697,0.3394407
3794,0.09507192,-1.3451,0.09752494,0.44050968
3795,1.0970966,-1.0191183,0.09067029,0.5509224
3796,-1.2543786,-0.9138733,0.18632016,0.46018302
3797,1.6914036,-0.27103993,-0.038870674,0.035651565
3798,-0.36232713,-0.22749746,-0.009548751,0.24206448
3799,-0.95313966,-0.2369076,0.15959026,0.32525754
3800,1.4138238,0.42526472,-0.018206133,0.34195554
3801,0.54188925,1.2840335,-0.080185674,0.82933366
3802,0.7824829,-2.1932602,0.056142606,0.78552854
3803,-1.6893032,1.2587597,-0.09458305,0.5650805
3804,-0.20819357,2.224414,0.070887074,0.67710507
3805,0.57424676,1.3865516,0.10055088,0.09080708
3806,-0.853773,0.23782676,0.09738893,0.82939506
3807,-1.2277168,1.5999581,0.07117072,0.34670413
3808,-0.9676348,1.0201352,-0.049917243,0.13137805
3809,0.3253983,-0.861502,-0.10649013,0.35551214
3810,0.7148838,-1.0885087,-0.16922556,0.7781209
3811,0.22951367,-0.17335735,0.08541066,0.26165998
3812,-0.39527026,1.1967049,-0.109824635,0.67703295
3813,0.66349477,1.0368596,-0.047642227,0.7617761
3814,0.253259,2.958276,0.020298863,0.66190314
3815,1.0415723,1.753848,-0.11900095,0.92912364
3816,-1.1816009,-0.3447874,0.031225879,0.5686991
3817,-0.13457641,-0.50114155,0.20673497,0.2925781
3818,0.03557025,0.5575926,0.04617381,0.77975667
3819,0.6744017,-0.41522646,0.1850097,0.5288768
3820,0.3397286,1.0612469,0.10402291,0.8399999
3821,0.061047297,-0.16267802,-0.12088714,0.4654274
3822,1.5083187,0.06031086,-0.09348242,0.35630262
3823,-0.46520528,-1.6984922,0.0099060405,0.9580169
3824,-2.7195292,-0.022816004,-0.036488548,0.8414502
3825,0.5369846,1.2502551,-0.07679609,0.63055754
3826,0.5489571,-1.9253834,-0.107079305,0.009305596
3827,-1.2261736,0.2795227,-0.10342715,0.44249034
3828,-0.24106675,0.86357754,-0.069148555,0.420285
3829,1.9717654,0.1766117,-0.022906378,0.9265379
3830,1.3478981,1.0603436,-0.040946554,0.6229501
3831,-0.59056026,-1.7674947,-0.12043979,0.55600595
3832,0.011911056,-0.028117184,0.22072077,0.83500326
3833,0.9692097,0.97444457,-0.041598808,0.6889839
3834,0.07767935,-0.37178555,0.082909726,0.08102453
3835,-0.069286495,-2.0434654,-0.018840333,0.17469776
3836,0.5669092,0.1359538,-0.0077169994,0.41261446
3837,0.8515279,-1.0217129,0.098209105,0.69221413
3838,-1.0357782,0.33920252,0.0009884086,0.16632807
3839,0.30171442,-0.18443699,0.114285484,0.30045903
3840,-2.056482,0.09875563,-0.19739507,0.28310525
3841,0.47905937,-0.010548531,0.044258367,0.43432236
3842,0.59320605,-2.500981,-0.04468283,0.83175707
3843,1.9841104,1.0219871,-0.05294766,0.17486858
3844,-0.45728567,0.32863724,-0.035836246,0.6129011
3845,-0.9107907,2.7650595,0.111900225,0.3405888
3846,0.113696836,0.2027269,0.11134898,0.5851412
3847,0.19362827,0.7368203,0.053026445,0.9753145
3848,-1.2710515,0.715617,0.007635408,0.20246387
3849,-0.1602047,1.2598361,0.17730455,0.30635428
3850,-0.62920964,1.2506104,-0.05845943,0.73272955
3851,0.6075625,1.3584887,0.045351945,0.74628484
3852,-1.1429543,0.14820787,0.06749825,0.68223584
3853,0.83245856,1.492322,-0.03959211,0.8420563
3854,0.3121069,0.5170281,-0.16289008,0.6421062
3855,-1.0424658,-0.6879808,-0.11183254,0.4288515
3856,-0.89163655,1.0296527,-0.11015296,0.008292556
3857,0.33469823,0.7700676,-0.060792536,0.53895473
3858,1.9981842,1.0409027,-0.055272114,0.7871057
3859,-0.064997524,0.7178442,-0.016821897,0.06929815
3860,0.09593314,0.5271027,-0.0031660905,0.7806672
3861,0.99806714,-0.16256872,-0.091612495,0.20651019
3862,-0.049258303,-0.50510365,0.040965416,0.90633225
3863,0.24267578,-1.8330847,0.14082928,0.41659355
3864,1.8318028,-0.40756044,0.08015804,0.35234916
3865,-0.5229776,-0.9064017,-0.105738066,0.54686797
3866,1.2202106,0.60488045,0.00074875116,0.8384048
3867,-0.6459223,1.7139869,0.047865387,0.32434118
3868,-0.70069575,0.84110296,0.20049731,0.49115705
3869,-1.3890215,0.5586136,0.1104751,0.22960079
3870,0.798827,-0.02402115,-0.15050355,0.51381826
3871,-1.3761903,0.7928774,0.06833633,0.49490082
3872,-0.3509625,-1.8378762,-0.06500856,0.07031715
3873,0.021013876,-0.061896775,-0.08998781,0.012822747
3874,0.19203341,0.81500065,-0.074639134,0.7426826
3875,1.6797372,-0.30993995,0.03606195,0.0040506124
3876,1.6614546,0.14309259,0.10382211,0.38715243
3877,0.21395479,1.8237629,0.07361975,0.6695688
3878,0.35415003,-0.96576583,0.11855538,0.3395157
3879,-0.27810252,-1.1429968,0.10299828,0.13094628
3880,-1.2234457,1.7903177,0.12546383,0.29028666
3881,-0.7109766,0.5879922,-0.16518568,0.9934349
3882,0.22215077,-1.4551147,0.04745528,0.94616914
3883,-0.66386884,-0.16241732,-0.112932555,0.22087991
3884,1.0724456,1.6297691,-0.11223121,0.9140159
3885,1.3404711,1.1769677,-0.049237985,0.11172283
3886,0.23931138,1.3693444,0.046742614,0.31733167
3887,1.1765951,-0.28345746,0.10013354,0.5663214
3888,0.20466445,0.7761343,0.050232172,0.11837149
3889,-0.5564548,-2.436808,0.08016252,0.640398
3890,-0.93200165,-0.9880053,-0.13145424,0.86403847
3891,-1.1797884,1.3120344,-0.032359906,0.04670596
3892,0.23783965,-0.85401744,-0.04088667,0.41504622
3893,1.5694699,0.982823,0.094388776,0.7401216
3894,0.54568297,-0.35598394,-0.11119702,0.13841379
3895,1.9186897,-0.55951965,-0.024080744,0.82671607
3896,1.4263793,0.47720414,-0.089240834,0.93893564
3897,0.570843,0.26797953,0.09181233,0.1647687
3898,-0.38294244,0.86486983,0.2184863,0.8304677
3899,0.9134494,0.3727772,-0.015436219,0.8714411
3900,0.11484906,0.879396,-0.034168895,0.08234215
3901,-0.77535087,2.2333305,-0.015092698,0.12351751
3902,0.93984723,-0.70534104,0.040518407,0.8522477
3903,0.04116427,-0.698386,-0.09978108,0.44963765
3904,1.4066097,-0.55759555,-0.012519945,0.9956013
3905,0.66722655,1.0924362,-0.08287659,0.3227619
3906,0.0045662574,0.6147017,-0.053118657,0.061941385
3907,0.629216,0.13020805,0.037746783,0.7921426
3908,-0.62668794,0.23604952,-0.008528443,0.8362876
3909,0.20052975,1.3354789,0.012262053,0.434744
3910,0.11709898,1.8308917,0.13412267,0.37511122
3911,-2.316443,0.5313141,-0.0019424612,0.67529786
3912,0.21099104,0.23308124,-0.0933279,0.95011914
3913,-1.1172237,-0.18444367,-0.033449143,0.9266288
3914,-1.2085941,0.85705817,-0.06880871,0.96143174
3915,-1.9718,-1.1581693,0.1337595,0.28353643
3916,1.1195484,-0.17438059,0.071035944,0.7132163
3917,-1.2012473,-1.7197224,0.13269423,0.1632452
3918,-0.51871485,1.1107756,-0.023388715,0.37022066
3919,0.95062375,-0.5434903,0.014786829,0.5328895
3920,0.52054375,0.79208714,-0.021144552,0.16703439
3921,-1.0917404,1.0397165,-0.2067432,0.13134658
3922,0.11991017,-0.44499093,0.018145539,0.964856
3923,-1.7496743,-0.65821147,-0.005888553,0.6248628
3924,1.204117,1.0298675,0.09886401,0.38294363
3925,0.9924293,0.3053516,0.017483464,0.6862371
3926,-0.72504234,0.90591437,0.046231363,0.9324393
3927,0.29146135,-0.5092532,-0.12726799,0.4996302
3928,0.04684993,-3.2744625,0.0019300731,0.7983222
3929,1.4592117,1.846499,0.08758468,0.9229419
3930,-0.48771393,-0.4901173,0.08048475,0.18183768
3931,-0.28052008,-1.1927929,0.07046275,0.7109101
3932,0.47092503,0.3198796,0.010134162,0.91357625
3933,1.2869754,0.02145383,-0.04909757,0.8307153
3934,0.767624,0.04371515,-0.09926256,0.027567029
3935,-0.9533708,0.76047355,-0.07851571,0.18639469
3936,-0.7694991,-1.586193,-0.012858527,0.5063212
3937,-0.35121068,0.71376354,-0.043900963,0.4568869
3938,-2.1572204,-0.5808624,0.05765755,0.96283877
3939,-1.003293,-0.5405274,0.22491653,0.737581
3940,0.58118516,-1.1393683,-0.05102516,0.8344257
3941,0.058380414,0.6935928,-0.11756901,0.050523877
3942,-0.22653621,0.07257258,-0.05265025,0.11515319
3943,2.4206593,1.3745688,0.013505905,0.19817495
3944,-0.34196392,0.29544762,-0.060258448,0.23138154
3945,0.49825794,0.7771572,-0.1836203,0.20850706
3946,1.777888,2.5440083,0.059889223,0.26525843
3947,0.9845604,1.2532275,0.120592095,0.93879926
3948,-1.0602374,0.5292622,-0.017042724,0.8008691
3949,0.46546784,0.70195127,-0.046488907,0.08064091
3950,0.9956483,0.4471319,0.14719619,0.55346394
3951,-3.7321808,0.0072269384,-0.16657339,0.9182496
3952,-1.4887269,-0.3786032,-0.026954701,0.3480549
3953,1.175756,0.07522191,-0.18364722,0.81866753
3954,-1.422369,0.9268042,0.012916604,0.79498994
3955,0.6273046,-0.7575893,0.14155665,0.11429834
3956,0.4349816,-0.17583856,0.081546135,0.29099047
3957,0.4752492,0.5980862,-0.02932641,0.8768369
3958,-1.8502536,0.55970085,0.078103326,0.7165588
3959,0.39559355,0.9003156,0.10690191,0.7418848
3960,0.9899411,0.013494,0.19395383,0.8197392
3961,1.0802075,-0.23988444,0.012699293,0.07844031
3962,-0.8600434,-1.317146,0.08711025,0.3868835
3963,-1.2590913,1.1747271,-0.008740253,0.23454249
3964,-0.53630567,0.19739166,-0.016124055,0.70795214
3965,0.70346326,-1.4522661,-0.012153481,0.75380814
3966,0.0019166648,-0.963952,0.08693178,0.6012733
3967,-0.26077035,-1.4402311,0.20596652,0.6065842
3968,-0.38994706,-0.19013764,0.14783679,0.6366856
3969,1.6052777,0.06633715,0.022821859,0.60257614
3970,0.966477,0.85323,-0.1212042,0.40710378
3971,0.4200853,-0.17551236,0.09844236,0.81877434
3972,-0.855621,0.46173117,0.10079809,0.84037757
3973,0.7424856,0.8183737,0.095106795,0.2187401
3974,1.55077,1.0237796,-0.057727188,0.04786682
3975,2.6760278,-0.062220123,0.08564595,0.023165822
3976,0.332851,-0.13630047,-0.07563425,0.8212466
3977,-3.1071808,-0.92447054,-0.026805002,0.3857565
3978,-0.93797606,-0.04726409,0.14539257,0.21381533
3979,-1.286677,0.034019366,-0.15674248,0.5197164
3980,0.2020559,0.9971637,0.089591734,0.008711338
3981,0.20096786,-0.44459277,0.06805743,0.759382
3982,-0.48350295,-1.2682515,-0.06419311,0.2562734
3983,0.14789276,1.1881065,-0.094880484,0.2552209
3984,-0.38610834,0.7411412,0.10147511,0.4549358
3985,-1.835708,0.40721387,-0.1421689,0.83602273
3986,-0.04821869,-1.5123163,-0.093478344,0.40773618
3987,-1.9257976,-0.14174704,-0.079026036,0.801038
3988,0.24811386,-0.92255867,-0.28093487,0.05644965
3989,0.22540492,0.46175706,0.051572382,0.30889022
3990,-1.038417,-0.56665075,0.01756181,0.2941773
3991,1.5917903,-0.8467527,-0.010812819,0.9311788
3992,1.1830492,-0.381519,0.008608235,0.6866833
3993,-0.15681145,0.27721417,-0.07262628,0.672284
3994,0.91825986,-1.2298541,-0.02038045,0.24280703
3995,-0.86364245,-0.17009526,-0.084324345,0.11885619
3996,-0.99258214,1.4437295,-0.13464266,0.7821531
3997,-0.40218392,0.021542002,0.03708125,0.7020687
3998,-0.47063845,-0.067193516,0.04738052,0.6575396
3999,-1.3797919,-1.3615057,-0.08691986,0.8809211
